prompt_id,true_family,predicted_family,domain,source_id,probability_ChatGLM,probability_Flan-T5,probability_MPT
de71fd0a5f6b39eb3b7ff7874d6b91a189420d179729b4a4cc3e2fb8f280cf63,ChatGLM,ChatGLM,other,unified_chip2/6240,0.9999711513519287,1.091125367141954e-11,2.880086685763672e-05
de71fd0a5f6b39eb3b7ff7874d6b91a189420d179729b4a4cc3e2fb8f280cf63,MPT,MPT,other,unified_chip2/6240,1.0979651137098914e-18,1.1516488317342017e-20,1.0
de71fd0a5f6b39eb3b7ff7874d6b91a189420d179729b4a4cc3e2fb8f280cf63,Flan-T5,Flan-T5,other,unified_chip2/6240,0.0006423487211577594,0.9993576407432556,4.028922084842179e-09
119a7732c40a971593fa6fed285066d7f288a9537f0921a065aaef6ec6503834,Flan-T5,Flan-T5,other,unified_chip2/70455,9.846218745224178e-05,0.999891996383667,9.538136509945616e-06
119a7732c40a971593fa6fed285066d7f288a9537f0921a065aaef6ec6503834,ChatGLM,ChatGLM,other,unified_chip2/70455,0.999997615814209,2.6802549762949823e-11,2.3835195861465763e-06
119a7732c40a971593fa6fed285066d7f288a9537f0921a065aaef6ec6503834,MPT,MPT,other,unified_chip2/70455,1.3929800238635104e-12,6.481458525302872e-16,1.0
a505502b3daf55bacffa153a213cb3f82264769bf8c0e832bc588039be40aa20,ChatGLM,ChatGLM,other,unified_chip2/106486,1.0,2.446082672750466e-18,5.822175424066711e-13
a505502b3daf55bacffa153a213cb3f82264769bf8c0e832bc588039be40aa20,MPT,MPT,other,unified_chip2/106486,1.007794108581761e-13,1.183233029513741e-16,1.0
a505502b3daf55bacffa153a213cb3f82264769bf8c0e832bc588039be40aa20,Flan-T5,Flan-T5,other,unified_chip2/106486,9.846218745224178e-05,0.999891996383667,9.538136509945616e-06
7627d062cc95e0b59eefa6d974c8ca54a4ef44304701d0a8c23b52ff48dd4f38,MPT,MPT,other,unified_chip2/129819,6.662717932925943e-09,1.9800720579225134e-13,1.0
7627d062cc95e0b59eefa6d974c8ca54a4ef44304701d0a8c23b52ff48dd4f38,Flan-T5,Flan-T5,other,unified_chip2/129819,9.535008871353057e-08,0.9999998807907104,2.2790420592389005e-11
7627d062cc95e0b59eefa6d974c8ca54a4ef44304701d0a8c23b52ff48dd4f38,ChatGLM,ChatGLM,other,unified_chip2/129819,1.0,6.392698599210628e-14,9.573934527107308e-12
3b104125619d5b06377fb3349a612d6d1bf67eef874d3f79058583e295e09f76,ChatGLM,ChatGLM,other,unified_chip2/166022,1.0,5.149994200624036e-16,1.8660080147725466e-09
3b104125619d5b06377fb3349a612d6d1bf67eef874d3f79058583e295e09f76,Flan-T5,Flan-T5,other,unified_chip2/166022,9.846218745224178e-05,0.999891996383667,9.538136509945616e-06
3b104125619d5b06377fb3349a612d6d1bf67eef874d3f79058583e295e09f76,MPT,MPT,other,unified_chip2/166022,1.6663647458420305e-12,3.0092166822606736e-13,1.0
c32c88fc5cbec063c82cbe5d10330b4ef0ac1cc544af89c5c0a840d912717e28,Flan-T5,Flan-T5,other,unified_chip2/146435,1.0764880244096275e-05,0.9999892711639404,1.0166300690173102e-08
c32c88fc5cbec063c82cbe5d10330b4ef0ac1cc544af89c5c0a840d912717e28,MPT,MPT,other,unified_chip2/146435,2.035798160704796e-15,1.2421337154323349e-16,1.0
c32c88fc5cbec063c82cbe5d10330b4ef0ac1cc544af89c5c0a840d912717e28,ChatGLM,ChatGLM,other,unified_chip2/146435,0.9999935626983643,6.308152023848379e-06,1.5543815834462293e-07
d78d95ecd220f09ec2438f8a3d2b56d1b7385ebf50dd9d0183c6c70ddb71773d,Flan-T5,Flan-T5,other,unified_chip2/21263,0.0007520782528445125,0.9992208480834961,2.7074520403402857e-05
d78d95ecd220f09ec2438f8a3d2b56d1b7385ebf50dd9d0183c6c70ddb71773d,ChatGLM,ChatGLM,other,unified_chip2/21263,1.0,1.469661455792519e-16,7.966796972762292e-16
d78d95ecd220f09ec2438f8a3d2b56d1b7385ebf50dd9d0183c6c70ddb71773d,MPT,MPT,other,unified_chip2/21263,2.112284305799683e-12,2.0828743990286178e-16,1.0
c49778ba5499d248545f9f2ecfa92a338ce2df8f1ed63c93eb1a7dd91b83cf11,Flan-T5,Flan-T5,other,unified_chip2/10082,1.252350756431042e-07,0.9999998807907104,1.0177689940826795e-10
c49778ba5499d248545f9f2ecfa92a338ce2df8f1ed63c93eb1a7dd91b83cf11,ChatGLM,ChatGLM,other,unified_chip2/10082,1.0,3.690642355527046e-13,4.412207058046569e-11
c49778ba5499d248545f9f2ecfa92a338ce2df8f1ed63c93eb1a7dd91b83cf11,MPT,MPT,other,unified_chip2/10082,3.179965649526342e-14,1.4355792852147292e-15,1.0
98ef277e5a193d2bad8a4683e4803e2e236888da3ac0f71a76a3b445ffbe4109,ChatGLM,ChatGLM,other,unified_chip2/108852,0.9998825788497925,9.273696377931628e-06,0.00010812668188009411
98ef277e5a193d2bad8a4683e4803e2e236888da3ac0f71a76a3b445ffbe4109,Flan-T5,Flan-T5,other,unified_chip2/108852,0.02037356048822403,0.979371964931488,0.0002544399758335203
98ef277e5a193d2bad8a4683e4803e2e236888da3ac0f71a76a3b445ffbe4109,MPT,MPT,other,unified_chip2/108852,8.718181732092489e-08,3.4639284164969667e-18,0.9999998807907104
c97a509d7330528fb08066bac29cfbcbce487cca3548c031f69ca68fe64fe4e3,ChatGLM,ChatGLM,other,unified_chip2/98777,1.0,1.256113268954806e-10,1.3438865575921e-09
c97a509d7330528fb08066bac29cfbcbce487cca3548c031f69ca68fe64fe4e3,MPT,MPT,other,unified_chip2/98777,6.349662271531997e-07,2.567597556010076e-13,0.9999994039535522
c97a509d7330528fb08066bac29cfbcbce487cca3548c031f69ca68fe64fe4e3,Flan-T5,Flan-T5,other,unified_chip2/98777,2.839007902366575e-05,0.9999716281890869,3.421214266746686e-12
f0502e9712d94dd8d28b94d3cff8e0941c36de199e3d75a77d7187833e1e551f,Flan-T5,Flan-T5,other,unified_chip2/95152,6.751049659214914e-05,0.9999324083328247,1.2134476889968937e-07
f0502e9712d94dd8d28b94d3cff8e0941c36de199e3d75a77d7187833e1e551f,ChatGLM,ChatGLM,other,unified_chip2/95152,0.9999998807907104,8.626924688666642e-15,1.7668490670530446e-07
f0502e9712d94dd8d28b94d3cff8e0941c36de199e3d75a77d7187833e1e551f,MPT,MPT,other,unified_chip2/95152,7.240768127303454e-07,5.209813483397774e-12,0.9999992847442627
3270dd64376d357c2458ded7ef3ffcb78f7f8345dbdadae6aac267a7e5e8d0c7,ChatGLM,ChatGLM,other,dolly_15k/general_qa/1255,1.0,1.6052449300363314e-11,2.0563423186459318e-10
3270dd64376d357c2458ded7ef3ffcb78f7f8345dbdadae6aac267a7e5e8d0c7,Flan-T5,Flan-T5,other,dolly_15k/general_qa/1255,1.371934649796458e-05,0.9999860525131226,1.8857483041756495e-07
3270dd64376d357c2458ded7ef3ffcb78f7f8345dbdadae6aac267a7e5e8d0c7,MPT,MPT,other,dolly_15k/general_qa/1255,1.0377517583037843e-06,2.826554908099549e-13,0.999998927116394
496f64e1c0af0ac068bee472f00aab9a3552b88d1d3458cb7b1d89162774cbb6,Flan-T5,Flan-T5,other,unified_chip2/141205,0.0011195448460057378,0.9987524747848511,0.00012800015974789858
496f64e1c0af0ac068bee472f00aab9a3552b88d1d3458cb7b1d89162774cbb6,ChatGLM,ChatGLM,other,unified_chip2/141205,1.0,5.584569284947632e-18,1.0499925234830343e-10
496f64e1c0af0ac068bee472f00aab9a3552b88d1d3458cb7b1d89162774cbb6,MPT,MPT,other,unified_chip2/141205,1.6122055912504152e-09,1.1142542238277292e-14,1.0
37c17ca56051e0a973fec08774bc3ebf9076690a800f31b28073d38cd4915ddc,Flan-T5,Flan-T5,other,unified_chip2/142829,2.2931812054594047e-05,0.9999769926071167,2.4981007484825568e-08
37c17ca56051e0a973fec08774bc3ebf9076690a800f31b28073d38cd4915ddc,MPT,MPT,other,unified_chip2/142829,7.487136640762064e-17,8.018744279190091e-18,1.0
37c17ca56051e0a973fec08774bc3ebf9076690a800f31b28073d38cd4915ddc,ChatGLM,ChatGLM,other,unified_chip2/142829,0.9999688863754272,1.0357059827825754e-11,3.1097941246116534e-05
88302fc3700f5eb466afd8aa3e57285c94314ed033a987686793da82ec266cbf,MPT,MPT,other,unified_chip2/17471,2.3278167587958976e-11,3.5171948344650495e-15,1.0
88302fc3700f5eb466afd8aa3e57285c94314ed033a987686793da82ec266cbf,ChatGLM,ChatGLM,other,unified_chip2/17471,1.0,1.5082388937488582e-14,2.0301059444616243e-11
88302fc3700f5eb466afd8aa3e57285c94314ed033a987686793da82ec266cbf,Flan-T5,Flan-T5,other,unified_chip2/17471,0.005277362186461687,0.9937753677368164,0.0009472922538407147
e5469360b92a09c665be949c1330d4c273340fd92eaae2dd1f1020f88bc7ee09,MPT,MPT,other,unified_chip2/45889,2.0278355383762658e-10,2.0318479431459367e-16,1.0
e5469360b92a09c665be949c1330d4c273340fd92eaae2dd1f1020f88bc7ee09,ChatGLM,ChatGLM,other,unified_chip2/45889,0.9999994039535522,6.086490344250862e-15,6.21750871232507e-07
e5469360b92a09c665be949c1330d4c273340fd92eaae2dd1f1020f88bc7ee09,Flan-T5,Flan-T5,other,unified_chip2/45889,0.0005995366373099387,0.9994003772735596,1.0193161870120093e-07
878e6e40114a902d011ded52aec36a95d1069fd1dd80f38dcb41450b9e25d146,Flan-T5,Flan-T5,other,unified_chip2/5018,0.049010083079338074,0.9039568901062012,0.04703301191329956
878e6e40114a902d011ded52aec36a95d1069fd1dd80f38dcb41450b9e25d146,MPT,MPT,other,unified_chip2/5018,4.1966791286540683e-07,7.818258844147219e-13,0.9999995231628418
878e6e40114a902d011ded52aec36a95d1069fd1dd80f38dcb41450b9e25d146,ChatGLM,ChatGLM,other,unified_chip2/5018,0.9953901767730713,0.004598528612405062,1.1316498785163276e-05
0572a1b7045318e1311cfadca60f715c1d682e74f9ef31158cea81ca34452876,MPT,MPT,other,unified_chip2/94785,1.4678052195904456e-07,1.777893804399966e-12,0.9999998807907104
0572a1b7045318e1311cfadca60f715c1d682e74f9ef31158cea81ca34452876,Flan-T5,Flan-T5,other,unified_chip2/94785,0.018269920721650124,0.9768789410591125,0.004851176869124174
0572a1b7045318e1311cfadca60f715c1d682e74f9ef31158cea81ca34452876,ChatGLM,ChatGLM,other,unified_chip2/94785,1.0,3.4341203840971895e-15,2.4259540556959003e-11
24d1c0c222f886b22d5eaa78f004e14ae70e36348b6429753c0b0961f9ab2adf,ChatGLM,ChatGLM,other,unified_chip2/67074,1.0,8.938609943366649e-15,1.461811738323604e-08
24d1c0c222f886b22d5eaa78f004e14ae70e36348b6429753c0b0961f9ab2adf,Flan-T5,Flan-T5,other,unified_chip2/67074,9.846218745224178e-05,0.999891996383667,9.538136509945616e-06
24d1c0c222f886b22d5eaa78f004e14ae70e36348b6429753c0b0961f9ab2adf,MPT,MPT,other,unified_chip2/67074,1.720159015228262e-09,4.993552771802301e-13,1.0
caaf1301983f405807414a51a3fde67b1d328f49e2eb369f5359905572a9c845,Flan-T5,Flan-T5,other,dolly_15k/classification/675,0.03233352303504944,0.967666506767273,1.4661617697697693e-08
caaf1301983f405807414a51a3fde67b1d328f49e2eb369f5359905572a9c845,MPT,MPT,other,dolly_15k/classification/675,5.116154166984188e-10,1.2018072973767253e-15,1.0
caaf1301983f405807414a51a3fde67b1d328f49e2eb369f5359905572a9c845,ChatGLM,Flan-T5,other,dolly_15k/classification/675,0.00015119063027668744,0.9998487234115601,1.4499896394681855e-08
9033ef5d6ddc44a8748c9affbd30b9cdcec66a363fea4bc2fccc43de6941e51e,ChatGLM,ChatGLM,other,unified_chip2/161617,1.0,2.418316969135417e-15,7.461811724063239e-11
9033ef5d6ddc44a8748c9affbd30b9cdcec66a363fea4bc2fccc43de6941e51e,Flan-T5,Flan-T5,other,unified_chip2/161617,0.0009522954933345318,0.998924195766449,0.00012349532335065305
9033ef5d6ddc44a8748c9affbd30b9cdcec66a363fea4bc2fccc43de6941e51e,MPT,MPT,other,unified_chip2/161617,0.0003062089381273836,1.7844012942594412e-12,0.9996938705444336
946e13a56d775a9ce26dc2576cc5f1b51c4fd2f67f33747f9cffb4262ec4daad,MPT,MPT,other,unified_chip2/119818,6.968374766103125e-10,5.126324711945962e-13,1.0
946e13a56d775a9ce26dc2576cc5f1b51c4fd2f67f33747f9cffb4262ec4daad,Flan-T5,Flan-T5,other,unified_chip2/119818,5.4632605497317854e-06,0.9999945163726807,1.2973608853883434e-08
946e13a56d775a9ce26dc2576cc5f1b51c4fd2f67f33747f9cffb4262ec4daad,ChatGLM,ChatGLM,other,unified_chip2/119818,0.9998898506164551,0.00010934874444501474,8.354040232916304e-07
fa82a895daef2b658f43cd0ce148bae2754b360fcc7cfb7b62749883f68e3c76,MPT,MPT,other,unified_chip2/149113,1.1545479199417952e-12,2.3120979956992027e-12,1.0
fa82a895daef2b658f43cd0ce148bae2754b360fcc7cfb7b62749883f68e3c76,Flan-T5,Flan-T5,other,unified_chip2/149113,0.0011470112949609756,0.9988090991973877,4.3958014430245385e-05
fa82a895daef2b658f43cd0ce148bae2754b360fcc7cfb7b62749883f68e3c76,ChatGLM,ChatGLM,other,unified_chip2/149113,1.0,6.894034191987693e-15,9.934594258353968e-10
ebf338c4411ed1edc862b5ef075269f73c12d5ef39c40f422d43dcc13ae0d1ce,ChatGLM,ChatGLM,other,unified_chip2/153673,1.0,5.738682641066861e-13,6.849318889834421e-10
ebf338c4411ed1edc862b5ef075269f73c12d5ef39c40f422d43dcc13ae0d1ce,Flan-T5,Flan-T5,other,unified_chip2/153673,2.4646489691804163e-05,0.9999752044677734,1.130601248178209e-07
ebf338c4411ed1edc862b5ef075269f73c12d5ef39c40f422d43dcc13ae0d1ce,MPT,MPT,other,unified_chip2/153673,2.2668729838805054e-15,1.1629795453026046e-16,1.0
4322766cf07a090b1de13182c13f573cd5409e563f7a8b4b06e6dd7092042a6b,ChatGLM,ChatGLM,other,unified_chip2/103652,0.9999982118606567,1.5050678802211448e-12,1.757712766448094e-06
4322766cf07a090b1de13182c13f573cd5409e563f7a8b4b06e6dd7092042a6b,MPT,MPT,other,unified_chip2/103652,8.473376758274045e-14,3.519138933897676e-16,1.0
4322766cf07a090b1de13182c13f573cd5409e563f7a8b4b06e6dd7092042a6b,Flan-T5,Flan-T5,other,unified_chip2/103652,9.846218745224178e-05,0.999891996383667,9.538136509945616e-06
b1b537f3f47e930df7d6d160f5d2f908a9c5ce2bf832be3deaf580591223c3b9,MPT,MPT,other,unified_chip2/67607,3.534702086582797e-09,0.002022352535277605,0.9979776740074158
b1b537f3f47e930df7d6d160f5d2f908a9c5ce2bf832be3deaf580591223c3b9,Flan-T5,Flan-T5,other,unified_chip2/67607,1.8008395841206948e-07,0.9999997615814209,6.065809521338394e-10
b1b537f3f47e930df7d6d160f5d2f908a9c5ce2bf832be3deaf580591223c3b9,ChatGLM,ChatGLM,other,unified_chip2/67607,1.0,1.1346661455516495e-16,7.01919208520585e-12
681a00175f21f81ab9858ca149266f6ef4e775b46f665ec90e2b0714b5a2681a,ChatGLM,ChatGLM,other,unified_chip2/157075,1.0,1.2779784175354081e-11,2.1743043129851536e-11
681a00175f21f81ab9858ca149266f6ef4e775b46f665ec90e2b0714b5a2681a,Flan-T5,Flan-T5,other,unified_chip2/157075,1.179440278065158e-05,0.9999881982803345,1.3475873750223855e-09
681a00175f21f81ab9858ca149266f6ef4e775b46f665ec90e2b0714b5a2681a,MPT,MPT,other,unified_chip2/157075,5.064401875642943e-07,9.388586913114394e-13,0.9999995231628418
82167033cb98cb7242f366f342193fd52c2c55e4419888d6eb75fbea80cc0670,ChatGLM,ChatGLM,other,unified_chip2/133993,0.9999992847442627,4.870269226971147e-13,6.973299946366751e-07
82167033cb98cb7242f366f342193fd52c2c55e4419888d6eb75fbea80cc0670,MPT,MPT,other,unified_chip2/133993,3.411788492791728e-17,6.843326749888772e-17,1.0
82167033cb98cb7242f366f342193fd52c2c55e4419888d6eb75fbea80cc0670,Flan-T5,Flan-T5,other,unified_chip2/133993,2.051603047448225e-07,0.9999980926513672,1.7366415931974188e-06
cd87a0296094846e936ac9c74aec9a142f313442f330a8e1d070fd4a3a13767c,Flan-T5,Flan-T5,other,unified_chip2/22363,0.0032442023511976004,0.9953517913818359,0.0014040350215509534
cd87a0296094846e936ac9c74aec9a142f313442f330a8e1d070fd4a3a13767c,ChatGLM,ChatGLM,other,unified_chip2/22363,0.9999996423721313,1.1914630133875006e-15,3.7798025687152403e-07
cd87a0296094846e936ac9c74aec9a142f313442f330a8e1d070fd4a3a13767c,MPT,MPT,other,unified_chip2/22363,1.839143518868885e-20,7.298325212274035e-21,1.0
4ad89f8e8b281a358acb5679d22000a7bde996fd02bc0a8fdb28e859492287ca,ChatGLM,ChatGLM,other,unified_chip2/53103,1.0,1.955070897926084e-13,4.971775768858322e-11
4ad89f8e8b281a358acb5679d22000a7bde996fd02bc0a8fdb28e859492287ca,MPT,MPT,other,unified_chip2/53103,4.628919209742621e-12,3.9785162943522905e-15,1.0
4ad89f8e8b281a358acb5679d22000a7bde996fd02bc0a8fdb28e859492287ca,Flan-T5,Flan-T5,other,unified_chip2/53103,1.504886313341558e-07,0.9999998807907104,1.17559539880574e-09
49344883ac53e12efdddb0ea0e7e342d4c53d6bba34025766d524ca44078460b,MPT,MPT,other,unified_chip2/21907,6.909703115665772e-14,2.1546908815549617e-14,1.0
49344883ac53e12efdddb0ea0e7e342d4c53d6bba34025766d524ca44078460b,Flan-T5,Flan-T5,other,unified_chip2/21907,0.0029821470379829407,0.9964166879653931,0.0006011101067997515
49344883ac53e12efdddb0ea0e7e342d4c53d6bba34025766d524ca44078460b,ChatGLM,ChatGLM,other,unified_chip2/21907,0.9999407529830933,8.94773251047809e-08,5.917596718063578e-05
c1565fed29a88986fd61f62c96a509ebfaecaba6f63288bf835dfc8748623dd3,Flan-T5,Flan-T5,other,unified_chip2/122889,1.8524481220083544e-06,0.9999978542327881,2.5259004132749396e-07
c1565fed29a88986fd61f62c96a509ebfaecaba6f63288bf835dfc8748623dd3,MPT,MPT,other,unified_chip2/122889,3.52702090686111e-20,8.228041384686063e-22,1.0
c1565fed29a88986fd61f62c96a509ebfaecaba6f63288bf835dfc8748623dd3,ChatGLM,ChatGLM,other,unified_chip2/122889,1.0,2.2835195106346573e-15,3.126322756230593e-09
3dd529baa7bbf3cf25c857a0ab82913a6398f91f87f6f22590c298ec42435b4c,Flan-T5,Flan-T5,other,unified_chip2/20435,3.5352297800272936e-06,0.9999964237213135,3.966996953153057e-09
3dd529baa7bbf3cf25c857a0ab82913a6398f91f87f6f22590c298ec42435b4c,ChatGLM,ChatGLM,other,unified_chip2/20435,0.9999997615814209,1.420382501936615e-13,1.9423683284003346e-07
3dd529baa7bbf3cf25c857a0ab82913a6398f91f87f6f22590c298ec42435b4c,MPT,MPT,other,unified_chip2/20435,1.2523041631462561e-11,2.8800289112113422e-15,1.0
3811571ebb3779418737813db78ac62fd0be32a9f97cac795290f0aa4b45f31c,MPT,MPT,other,unified_chip2/27319,0.06323908269405365,1.6563752591736147e-09,0.9367609620094299
3811571ebb3779418737813db78ac62fd0be32a9f97cac795290f0aa4b45f31c,ChatGLM,ChatGLM,other,unified_chip2/27319,1.0,9.388927217071283e-14,1.1698944035742898e-08
3811571ebb3779418737813db78ac62fd0be32a9f97cac795290f0aa4b45f31c,Flan-T5,Flan-T5,other,unified_chip2/27319,9.058352588908747e-06,0.9999902248382568,7.153773253776308e-07
518ce74607c53362ace5edfaf4e85dfc32878db4fdbb06cc7762fa8ee04b38ea,MPT,MPT,other,unified_chip2/3394,3.7380040396328695e-08,1.8802476326666533e-14,1.0
518ce74607c53362ace5edfaf4e85dfc32878db4fdbb06cc7762fa8ee04b38ea,ChatGLM,ChatGLM,other,unified_chip2/3394,1.0,4.904460525038696e-15,1.1271567013082517e-10
518ce74607c53362ace5edfaf4e85dfc32878db4fdbb06cc7762fa8ee04b38ea,Flan-T5,Flan-T5,other,unified_chip2/3394,0.01693638227880001,0.9828877449035645,0.00017589725030120462
2782bb32abff116b95196f8a8cddbe648ab3a871ef3bdfc81cee346d3a884a5e,MPT,MPT,other,dolly_15k/general_qa/1296,2.5098902516344952e-14,5.902506493140045e-19,1.0
2782bb32abff116b95196f8a8cddbe648ab3a871ef3bdfc81cee346d3a884a5e,Flan-T5,Flan-T5,other,dolly_15k/general_qa/1296,0.02671871706843376,0.9173989295959473,0.055882375687360764
2782bb32abff116b95196f8a8cddbe648ab3a871ef3bdfc81cee346d3a884a5e,ChatGLM,ChatGLM,other,dolly_15k/general_qa/1296,1.0,9.447132499528093e-17,5.596112982730883e-12
7f2e5d5a3f4dcb8a18fadcec95104a21f1dbbb3605e55b712fdc3ac37667b857,ChatGLM,ChatGLM,other,unified_chip2/43941,1.0,2.586473786883592e-13,2.748182570400104e-09
7f2e5d5a3f4dcb8a18fadcec95104a21f1dbbb3605e55b712fdc3ac37667b857,MPT,MPT,other,unified_chip2/43941,2.4912574190238956e-06,2.7490335718525702e-14,0.9999974966049194
7f2e5d5a3f4dcb8a18fadcec95104a21f1dbbb3605e55b712fdc3ac37667b857,Flan-T5,Flan-T5,other,unified_chip2/43941,8.19063643575646e-06,0.9999892711639404,2.5417170945729595e-06
502779f55d5640e1047d6ae5d8e059b15dea897e5eb0f98a963e41cba0906094,Flan-T5,Flan-T5,other,unified_chip2/161576,6.340259460557718e-06,0.9999855756759644,8.086410161922686e-06
502779f55d5640e1047d6ae5d8e059b15dea897e5eb0f98a963e41cba0906094,MPT,MPT,other,unified_chip2/161576,3.177240172787786e-16,2.854659230539143e-18,1.0
502779f55d5640e1047d6ae5d8e059b15dea897e5eb0f98a963e41cba0906094,ChatGLM,ChatGLM,other,unified_chip2/161576,1.0,6.693221261978979e-17,1.4261188801059643e-13
7467e9205f345938f1cb405550a1b5ea361cdf44edfa81548e0c705c0d0d94a5,MPT,MPT,other,unified_chip2/126149,1.3591603647000738e-06,6.187159812265364e-11,0.9999986886978149
7467e9205f345938f1cb405550a1b5ea361cdf44edfa81548e0c705c0d0d94a5,ChatGLM,ChatGLM,other,unified_chip2/126149,1.0,1.3278514538730881e-14,4.797087409919541e-14
7467e9205f345938f1cb405550a1b5ea361cdf44edfa81548e0c705c0d0d94a5,Flan-T5,Flan-T5,other,unified_chip2/126149,4.031822792294193e-11,1.0,1.0597723219818445e-11
e42230b6b7b4e400baf04d6542f60249a19faa33966a16555d79339ad0ff58aa,ChatGLM,ChatGLM,other,unified_chip2/76688,1.0,1.8798721260204765e-13,1.526931012185706e-11
e42230b6b7b4e400baf04d6542f60249a19faa33966a16555d79339ad0ff58aa,MPT,MPT,other,unified_chip2/76688,5.2376993801145355e-14,7.408490955098483e-18,1.0
e42230b6b7b4e400baf04d6542f60249a19faa33966a16555d79339ad0ff58aa,Flan-T5,Flan-T5,other,unified_chip2/76688,0.0002216177381342277,0.9997758269309998,2.617974814711488e-06
aa723e210c2e1f287db713845565bf45693d363d59c94d8858bc223410e90915,MPT,MPT,other,dolly_15k/open_qa/636,5.574840589162022e-11,7.089080951825419e-18,1.0
aa723e210c2e1f287db713845565bf45693d363d59c94d8858bc223410e90915,ChatGLM,ChatGLM,other,dolly_15k/open_qa/636,1.0,3.683842120238978e-09,1.4554628613439036e-08
aa723e210c2e1f287db713845565bf45693d363d59c94d8858bc223410e90915,Flan-T5,Flan-T5,other,dolly_15k/open_qa/636,0.002549902070313692,0.9974088072776794,4.1324590711155906e-05
487a80cb398ab9de9de1f095b88fec0b2b857c1ba0e7b3efa1b6f347ad74b7ea,Flan-T5,Flan-T5,other,dolly_15k/classification/1806,0.41290128231048584,0.5870987176895142,9.291941660549696e-10
487a80cb398ab9de9de1f095b88fec0b2b857c1ba0e7b3efa1b6f347ad74b7ea,MPT,MPT,other,dolly_15k/classification/1806,2.902688493122696e-06,1.0791243158458333e-15,0.9999971389770508
487a80cb398ab9de9de1f095b88fec0b2b857c1ba0e7b3efa1b6f347ad74b7ea,ChatGLM,ChatGLM,other,dolly_15k/classification/1806,0.9533076882362366,5.884310261272674e-10,0.046692367643117905
9e17c61b8de6738f945b25bb1d28a50a5d9b0236274e5f9ee49e002ff590630c,Flan-T5,Flan-T5,other,unified_chip2/24431,3.4656364444884957e-09,1.0,1.8276052546339905e-11
9e17c61b8de6738f945b25bb1d28a50a5d9b0236274e5f9ee49e002ff590630c,MPT,MPT,other,unified_chip2/24431,2.894182492946783e-14,6.417761118273756e-16,1.0
9e17c61b8de6738f945b25bb1d28a50a5d9b0236274e5f9ee49e002ff590630c,ChatGLM,ChatGLM,other,unified_chip2/24431,1.0,2.105446242697817e-12,1.1250517878425015e-10
13e69f7877d6ae84b071c951c54ffeb7a8905396f8a366f336776627819d6315,Flan-T5,Flan-T5,other,unified_chip2/132602,3.5060293157584965e-07,0.9999996423721313,1.2337131316542127e-09
13e69f7877d6ae84b071c951c54ffeb7a8905396f8a366f336776627819d6315,MPT,MPT,other,unified_chip2/132602,2.274352226550036e-07,4.930499342137296e-10,0.9999997615814209
13e69f7877d6ae84b071c951c54ffeb7a8905396f8a366f336776627819d6315,ChatGLM,ChatGLM,other,unified_chip2/132602,1.0,5.133067835359935e-16,6.314775924387561e-10
b8aa23fbe5fe2d35025c5f864581ed665f0aa0655f79cbaef96001b04131e6cf,ChatGLM,Flan-T5,other,dolly_15k/open_qa/1666,0.05074533075094223,0.9432188272476196,0.006035886239260435
b8aa23fbe5fe2d35025c5f864581ed665f0aa0655f79cbaef96001b04131e6cf,MPT,MPT,other,dolly_15k/open_qa/1666,2.383465924626904e-10,4.997940032355385e-19,1.0
b8aa23fbe5fe2d35025c5f864581ed665f0aa0655f79cbaef96001b04131e6cf,Flan-T5,Flan-T5,other,dolly_15k/open_qa/1666,0.003023952478542924,0.9954521059989929,0.001523924875073135
ce83c99ec3323f5cf98d897b925a68568ad42f1fbb6e5208cc50a82d62059cd6,MPT,MPT,other,dolly_15k/open_qa/536,3.6987067630889214e-08,2.8403132303804826e-16,1.0
ce83c99ec3323f5cf98d897b925a68568ad42f1fbb6e5208cc50a82d62059cd6,ChatGLM,ChatGLM,other,dolly_15k/open_qa/536,0.9999982118606567,8.108168572107388e-07,9.04847411220544e-07
ce83c99ec3323f5cf98d897b925a68568ad42f1fbb6e5208cc50a82d62059cd6,Flan-T5,Flan-T5,other,dolly_15k/open_qa/536,0.0013264178996905684,0.9986485838890076,2.500302616681438e-05
82ae4af7bbb43e7502d6f7ff0657c5fd3fdd13f4cacd96beed6a92a00d8a4a5b,MPT,MPT,other,unified_chip2/25874,2.677715471230413e-12,4.550095397708913e-15,1.0
82ae4af7bbb43e7502d6f7ff0657c5fd3fdd13f4cacd96beed6a92a00d8a4a5b,Flan-T5,Flan-T5,other,unified_chip2/25874,3.6880460907440238e-09,1.0,6.005805575082235e-11
82ae4af7bbb43e7502d6f7ff0657c5fd3fdd13f4cacd96beed6a92a00d8a4a5b,ChatGLM,ChatGLM,other,unified_chip2/25874,1.0,1.405986008092561e-14,1.248245517365687e-11
47ca573859b949e240860d0c7bd091cc6788e760047fc39b29899f4b8ac230c8,MPT,MPT,other,unified_chip2/28567,8.844587592155527e-15,1.5647546880527465e-19,1.0
47ca573859b949e240860d0c7bd091cc6788e760047fc39b29899f4b8ac230c8,Flan-T5,Flan-T5,other,unified_chip2/28567,0.0051498329266905785,0.9945002794265747,0.0003498204459901899
47ca573859b949e240860d0c7bd091cc6788e760047fc39b29899f4b8ac230c8,ChatGLM,ChatGLM,other,unified_chip2/28567,1.0,4.820822797760912e-15,1.6186337603585343e-08
4fcb054d5e2a90ae58dce73b22988e87296ec4ae265f900dfc838101902363bb,Flan-T5,Flan-T5,other,unified_chip2/109743,2.6847715162148234e-07,0.9999997615814209,4.647406015578781e-09
4fcb054d5e2a90ae58dce73b22988e87296ec4ae265f900dfc838101902363bb,MPT,MPT,other,unified_chip2/109743,1.504260583283512e-13,2.949482834618128e-13,1.0
4fcb054d5e2a90ae58dce73b22988e87296ec4ae265f900dfc838101902363bb,ChatGLM,ChatGLM,other,unified_chip2/109743,1.0,2.4717521866085557e-13,1.233383534193777e-10
49a8be5996bb938bb3032f8d328889aab6424026ae7ff4f259f91e9b330f5b4d,MPT,MPT,other,unified_chip2/30417,3.028461217882732e-16,3.985582777376016e-21,1.0
49a8be5996bb938bb3032f8d328889aab6424026ae7ff4f259f91e9b330f5b4d,ChatGLM,ChatGLM,other,unified_chip2/30417,1.0,2.9360831799683795e-14,4.619694493612769e-08
49a8be5996bb938bb3032f8d328889aab6424026ae7ff4f259f91e9b330f5b4d,Flan-T5,Flan-T5,other,unified_chip2/30417,1.2439625152182998e-07,0.9999997615814209,1.719824211932064e-07
2db30f90e378d5a54df37fd5ea4464e2c0c68fad9c1680aeed04160905307f54,ChatGLM,ChatGLM,other,unified_chip2/162364,0.9999997615814209,2.9539415358215138e-09,1.877476591971572e-07
2db30f90e378d5a54df37fd5ea4464e2c0c68fad9c1680aeed04160905307f54,MPT,MPT,other,unified_chip2/162364,2.1740593486851154e-15,2.821510422440417e-17,1.0
2db30f90e378d5a54df37fd5ea4464e2c0c68fad9c1680aeed04160905307f54,Flan-T5,Flan-T5,other,unified_chip2/162364,0.0769246518611908,0.9230753779411316,1.0852073017986186e-08
aeb81f48b34547fd7d2880cf1aacf228cbfefbb904cf95a99366b831879a733d,ChatGLM,ChatGLM,other,unified_chip2/163305,1.0,1.9126376643498894e-15,3.3888841954876625e-08
aeb81f48b34547fd7d2880cf1aacf228cbfefbb904cf95a99366b831879a733d,MPT,MPT,other,unified_chip2/163305,2.216088207038225e-12,3.07807570954701e-17,1.0
aeb81f48b34547fd7d2880cf1aacf228cbfefbb904cf95a99366b831879a733d,Flan-T5,Flan-T5,other,unified_chip2/163305,2.205033311497573e-08,1.0,8.548671211021375e-13
5d656830f071d85a60fcf75c0bf3ac3d15ba6ded2a606e4c8b2ffa68f61f3057,Flan-T5,Flan-T5,other,unified_chip2/108361,0.0012178837787359953,0.9987061023712158,7.598442607559264e-05
5d656830f071d85a60fcf75c0bf3ac3d15ba6ded2a606e4c8b2ffa68f61f3057,ChatGLM,ChatGLM,other,unified_chip2/108361,1.0,4.384675538230895e-14,1.7929673370997712e-11
5d656830f071d85a60fcf75c0bf3ac3d15ba6ded2a606e4c8b2ffa68f61f3057,MPT,MPT,other,unified_chip2/108361,6.483252303068898e-12,1.3464929556380052e-17,1.0
250efffc6fd8489663812848012c838cd9e2eb514eecc411ca8588ec7ff1263a,ChatGLM,ChatGLM,other,unified_chip2/164952,0.9999510049819946,2.1838032345455026e-14,4.8985286412062123e-05
250efffc6fd8489663812848012c838cd9e2eb514eecc411ca8588ec7ff1263a,Flan-T5,Flan-T5,other,unified_chip2/164952,0.0008052092744037509,0.9989746809005737,0.00022008827363606542
250efffc6fd8489663812848012c838cd9e2eb514eecc411ca8588ec7ff1263a,MPT,MPT,other,unified_chip2/164952,6.643516971587403e-17,1.4874442838628574e-17,1.0
ea6e088b8ed0d5017df058135d761c769bb332502ceecab9e0cf36a05f47b2a2,Flan-T5,Flan-T5,other,unified_chip2/14100,0.0006063113687559962,0.9993826150894165,1.106457693822449e-05
ea6e088b8ed0d5017df058135d761c769bb332502ceecab9e0cf36a05f47b2a2,ChatGLM,ChatGLM,other,unified_chip2/14100,1.0,4.684305894564478e-12,5.0412428009849464e-08
ea6e088b8ed0d5017df058135d761c769bb332502ceecab9e0cf36a05f47b2a2,MPT,MPT,other,unified_chip2/14100,1.1177634817727267e-08,7.541369248699001e-17,1.0
e8dbe219ea33b6dac8ae41c0730a8baa8e4d96ba064a7e9a9e545058250617fe,ChatGLM,MPT,other,unified_chip2/128721,0.4788832664489746,1.695221601982766e-10,0.5211167335510254
e8dbe219ea33b6dac8ae41c0730a8baa8e4d96ba064a7e9a9e545058250617fe,MPT,MPT,other,unified_chip2/128721,0.00011519451800268143,7.1221628594742015e-09,0.999884843826294
e8dbe219ea33b6dac8ae41c0730a8baa8e4d96ba064a7e9a9e545058250617fe,Flan-T5,Flan-T5,other,unified_chip2/128721,1.361068058258752e-07,0.9999998807907104,4.211256054986734e-08
d6c37de12b971989ebab7d582aea15e19aa1d3efa1e37635d0313fccb8645f70,MPT,MPT,other,unified_chip2/31220,8.251221515820362e-06,3.088915408178128e-12,0.999991774559021
d6c37de12b971989ebab7d582aea15e19aa1d3efa1e37635d0313fccb8645f70,Flan-T5,Flan-T5,other,unified_chip2/31220,1.349338276668277e-06,0.9999986886978149,1.6166877614409714e-08
d6c37de12b971989ebab7d582aea15e19aa1d3efa1e37635d0313fccb8645f70,ChatGLM,ChatGLM,other,unified_chip2/31220,1.0,3.58165060110327e-11,2.672812193793561e-08
659e375e8552af661bd1691998823dc28cec0ec454b759163f104826d1c6fe79,Flan-T5,Flan-T5,other,unified_chip2/81366,4.856445343648375e-07,0.9999995231628418,1.562976484348333e-11
659e375e8552af661bd1691998823dc28cec0ec454b759163f104826d1c6fe79,ChatGLM,ChatGLM,other,unified_chip2/81366,0.9999186992645264,7.08042352925986e-05,1.0534552529861685e-05
659e375e8552af661bd1691998823dc28cec0ec454b759163f104826d1c6fe79,MPT,MPT,other,unified_chip2/81366,2.1777125594349758e-14,4.952530703586562e-16,1.0
03d72ab391c710f2f920602eb54dc3cb2e61f0f51b23e50d0fa50b1f243674fb,ChatGLM,ChatGLM,other,unified_chip2/80094,0.9981297850608826,0.0018679368076846004,2.2747467482986394e-06
03d72ab391c710f2f920602eb54dc3cb2e61f0f51b23e50d0fa50b1f243674fb,MPT,MPT,other,unified_chip2/80094,5.0633528945152884e-14,2.825584809735388e-15,1.0
03d72ab391c710f2f920602eb54dc3cb2e61f0f51b23e50d0fa50b1f243674fb,Flan-T5,Flan-T5,other,unified_chip2/80094,5.1304403314134106e-05,0.9999487400054932,1.462421961306859e-09
d728f2f2c4bcc14c5c896e66e1ec1f856338c09065dbd2a1cab1134e54308195,ChatGLM,ChatGLM,other,dolly_15k/classification/1963,0.9999984502792358,8.362970038700013e-12,1.5125292520679068e-06
d728f2f2c4bcc14c5c896e66e1ec1f856338c09065dbd2a1cab1134e54308195,Flan-T5,Flan-T5,other,dolly_15k/classification/1963,0.1037471741437912,0.8750464916229248,0.021206334233283997
d728f2f2c4bcc14c5c896e66e1ec1f856338c09065dbd2a1cab1134e54308195,MPT,MPT,other,dolly_15k/classification/1963,7.0047851963295216e-09,2.3282381915684745e-15,1.0
e419fbb7462f6e4eb587e6c7a2f4dac3c912fc515e711ecac36e118b5333e8b2,MPT,MPT,other,unified_chip2/28680,4.0514953825383e-15,1.7181275499544846e-11,1.0
e419fbb7462f6e4eb587e6c7a2f4dac3c912fc515e711ecac36e118b5333e8b2,Flan-T5,Flan-T5,other,unified_chip2/28680,2.961131144729734e-07,0.9999997615814209,6.838313248991312e-10
e419fbb7462f6e4eb587e6c7a2f4dac3c912fc515e711ecac36e118b5333e8b2,ChatGLM,ChatGLM,other,unified_chip2/28680,1.0,5.662481840434308e-18,1.1002115017644254e-12
7ba366df2dd9171d2c780322148fa8f5d3e4956870b34e278ce6532f850da2cc,Flan-T5,Flan-T5,other,unified_chip2/49984,0.0009407787583768368,0.9990399479866028,1.9238339518778957e-05
7ba366df2dd9171d2c780322148fa8f5d3e4956870b34e278ce6532f850da2cc,ChatGLM,ChatGLM,other,unified_chip2/49984,1.0,1.2372870723174846e-15,7.613951136242747e-10
7ba366df2dd9171d2c780322148fa8f5d3e4956870b34e278ce6532f850da2cc,MPT,MPT,other,unified_chip2/49984,7.474465557266732e-17,2.771112165582181e-23,1.0
151b1830a7b82ee79e05adb1077ffa8800d3d6218ef564207e51a56d6edefc4b,MPT,MPT,other,unified_chip2/88973,1.5297717248768244e-13,5.958507795206355e-16,1.0
151b1830a7b82ee79e05adb1077ffa8800d3d6218ef564207e51a56d6edefc4b,Flan-T5,Flan-T5,other,unified_chip2/88973,1.421723988537238e-10,1.0,1.4181888302600143e-11
151b1830a7b82ee79e05adb1077ffa8800d3d6218ef564207e51a56d6edefc4b,ChatGLM,ChatGLM,other,unified_chip2/88973,0.9999998807907104,2.586496927823711e-14,1.39719432468155e-07
6d2bc670ae7610fc9c814ee333a7c4c1c1cb16f8806883e1c252ff809dd25f20,ChatGLM,ChatGLM,other,unified_chip2/80979,1.0,1.6660470746054923e-12,2.486015837632749e-10
6d2bc670ae7610fc9c814ee333a7c4c1c1cb16f8806883e1c252ff809dd25f20,Flan-T5,Flan-T5,other,unified_chip2/80979,0.0019505888922140002,0.998049259185791,1.0484435364332967e-07
6d2bc670ae7610fc9c814ee333a7c4c1c1cb16f8806883e1c252ff809dd25f20,MPT,MPT,other,unified_chip2/80979,2.6138485820226265e-10,3.540062765277225e-16,1.0
45e662369a18dff77cd3e13f789584546c27f445b2557903a767948de3549565,ChatGLM,ChatGLM,other,unified_chip2/141280,0.9999995231628418,4.926425845042104e-07,5.8105836586719306e-08
45e662369a18dff77cd3e13f789584546c27f445b2557903a767948de3549565,Flan-T5,Flan-T5,other,unified_chip2/141280,9.846218745224178e-05,0.999891996383667,9.538136509945616e-06
45e662369a18dff77cd3e13f789584546c27f445b2557903a767948de3549565,MPT,MPT,other,unified_chip2/141280,1.0356794588606277e-10,3.0277388896506506e-20,1.0
be85cb8fe4bfe5d43e81b3c036e75a28bbf23251b2bdefeae8b9e9d602bbdccc,Flan-T5,Flan-T5,other,unified_chip2/137147,0.0007109659491106868,0.9990358352661133,0.0002531966893002391
be85cb8fe4bfe5d43e81b3c036e75a28bbf23251b2bdefeae8b9e9d602bbdccc,ChatGLM,ChatGLM,other,unified_chip2/137147,0.9999998807907104,2.959397657487095e-11,1.0414910178724313e-07
be85cb8fe4bfe5d43e81b3c036e75a28bbf23251b2bdefeae8b9e9d602bbdccc,MPT,MPT,other,unified_chip2/137147,3.6415253347830205e-18,1.7949651271338776e-19,1.0
8f20fd4220696c25282497d5345bf29f4ff7da1a6a09390ad047f88819263282,Flan-T5,Flan-T5,other,unified_chip2/123512,9.846218745224178e-05,0.999891996383667,9.538136509945616e-06
8f20fd4220696c25282497d5345bf29f4ff7da1a6a09390ad047f88819263282,MPT,MPT,other,unified_chip2/123512,6.996826078589646e-13,9.850443266896288e-17,1.0
8f20fd4220696c25282497d5345bf29f4ff7da1a6a09390ad047f88819263282,ChatGLM,ChatGLM,other,unified_chip2/123512,0.9999992847442627,1.0612754300582186e-13,7.022961199254496e-07
95f629d93d966df3657bfb008f90f0bfc5d9be244f7ea13a984e4dd0c3448f72,ChatGLM,ChatGLM,other,unified_chip2/122335,0.9990045428276062,1.257858698927236e-13,0.000995510257780552
95f629d93d966df3657bfb008f90f0bfc5d9be244f7ea13a984e4dd0c3448f72,MPT,MPT,other,unified_chip2/122335,0.009635413065552711,2.8325861723191553e-16,0.9903646111488342
95f629d93d966df3657bfb008f90f0bfc5d9be244f7ea13a984e4dd0c3448f72,Flan-T5,Flan-T5,other,unified_chip2/122335,0.0020585532765835524,0.9979392886161804,2.1323685359675437e-06
4c2702ff9bbb7b94bd31cf5cf12a18929296aca12cc6177d16ec83ed284c7969,MPT,MPT,other,dolly_15k/brainstorming/771,3.4107485724632625e-09,5.981980882863169e-11,1.0
4c2702ff9bbb7b94bd31cf5cf12a18929296aca12cc6177d16ec83ed284c7969,Flan-T5,Flan-T5,other,dolly_15k/brainstorming/771,0.00018136101425625384,0.9998186230659485,6.282453313133374e-08
4c2702ff9bbb7b94bd31cf5cf12a18929296aca12cc6177d16ec83ed284c7969,ChatGLM,ChatGLM,other,dolly_15k/brainstorming/771,1.0,1.8559835215656507e-17,2.374034524521562e-09
00aeb1e935c0deffa0c2af2d7f0d0070e67ed6fb326e12aca4e940b7ae750d6e,MPT,MPT,other,unified_chip2/107492,1.9435962561598075e-10,2.1187672216451718e-17,1.0
00aeb1e935c0deffa0c2af2d7f0d0070e67ed6fb326e12aca4e940b7ae750d6e,Flan-T5,Flan-T5,other,unified_chip2/107492,2.833591861417517e-05,0.9999598264694214,1.1837654710689094e-05
00aeb1e935c0deffa0c2af2d7f0d0070e67ed6fb326e12aca4e940b7ae750d6e,ChatGLM,ChatGLM,other,unified_chip2/107492,1.0,6.086941389295275e-13,2.1319973564359884e-11
254f8fe12ee9be2f34e762465bc9e6f63aef3b70af0959c7860d8f25bc868b6e,Flan-T5,Flan-T5,other,unified_chip2/36746,2.6523106498643756e-05,0.9999374151229858,3.599839692469686e-05
254f8fe12ee9be2f34e762465bc9e6f63aef3b70af0959c7860d8f25bc868b6e,ChatGLM,ChatGLM,other,unified_chip2/36746,0.9999997615814209,1.0765703209274485e-14,2.0163832914477098e-07
254f8fe12ee9be2f34e762465bc9e6f63aef3b70af0959c7860d8f25bc868b6e,MPT,MPT,other,unified_chip2/36746,2.2961141494065e-16,1.7295099375216444e-19,1.0
76421afe6da19e5875edd1186c4ff97ce350fdcf698bf2861876e236a6f866e4,MPT,MPT,other,unified_chip2/119386,1.881337000251192e-19,3.894001847442248e-20,1.0
76421afe6da19e5875edd1186c4ff97ce350fdcf698bf2861876e236a6f866e4,Flan-T5,Flan-T5,other,unified_chip2/119386,9.846218745224178e-05,0.999891996383667,9.538136509945616e-06
76421afe6da19e5875edd1186c4ff97ce350fdcf698bf2861876e236a6f866e4,ChatGLM,ChatGLM,other,unified_chip2/119386,1.0,8.914514959545983e-12,3.2211996625619577e-08
b35a714b1f07190db880ea6578473382a1decea99f2a70e0113a0abae757a1bd,MPT,MPT,other,unified_chip2/101229,4.670544075731538e-14,6.606624901555995e-15,1.0
b35a714b1f07190db880ea6578473382a1decea99f2a70e0113a0abae757a1bd,Flan-T5,Flan-T5,other,unified_chip2/101229,1.499227651746704e-11,0.9999932050704956,6.8524091147992294e-06
b35a714b1f07190db880ea6578473382a1decea99f2a70e0113a0abae757a1bd,ChatGLM,ChatGLM,other,unified_chip2/101229,1.0,7.834429177448754e-13,9.536377937324758e-11
9edb58efbd78dbb2328531ea7d1f3b7613d2bc36bc7f77ba52babf72b53a8a09,MPT,MPT,other,unified_chip2/106835,1.6053725189479895e-12,3.1442140934765446e-17,1.0
9edb58efbd78dbb2328531ea7d1f3b7613d2bc36bc7f77ba52babf72b53a8a09,ChatGLM,ChatGLM,other,unified_chip2/106835,1.0,8.877931376161108e-12,2.247024094570449e-11
9edb58efbd78dbb2328531ea7d1f3b7613d2bc36bc7f77ba52babf72b53a8a09,Flan-T5,Flan-T5,other,unified_chip2/106835,4.867592195978432e-08,1.0,8.16324646768507e-11
016aad85c0305dc821b1097989f1d707664e9b8c9b3a6b231e572964efa73ffa,MPT,MPT,other,unified_chip2/159311,1.8595679307509272e-07,9.342028866254296e-15,0.9999997615814209
016aad85c0305dc821b1097989f1d707664e9b8c9b3a6b231e572964efa73ffa,Flan-T5,Flan-T5,other,unified_chip2/159311,3.025211071872036e-06,0.9999969005584717,4.038774292780545e-08
016aad85c0305dc821b1097989f1d707664e9b8c9b3a6b231e572964efa73ffa,ChatGLM,Flan-T5,other,unified_chip2/159311,0.07696878910064697,0.9229333996772766,9.782286360859871e-05
57b42007579594b5b9e38133429d6b3537c18b371e04a0878b9252f0692e5491,Flan-T5,Flan-T5,other,unified_chip2/158124,0.039567042142152786,0.9581825137138367,0.0022504450753331184
57b42007579594b5b9e38133429d6b3537c18b371e04a0878b9252f0692e5491,ChatGLM,ChatGLM,other,unified_chip2/158124,0.9993332028388977,2.7272557417745702e-05,0.0006394524243660271
57b42007579594b5b9e38133429d6b3537c18b371e04a0878b9252f0692e5491,MPT,MPT,other,unified_chip2/158124,3.365104351313146e-15,7.22945102023383e-18,1.0
406865fe17b5d3cc3e442ca607455d82a2c366e7be808a764ae728c0e25c6424,ChatGLM,Flan-T5,other,unified_chip2/120109,0.013525857590138912,0.9864729642868042,1.1773745427490212e-06
406865fe17b5d3cc3e442ca607455d82a2c366e7be808a764ae728c0e25c6424,Flan-T5,Flan-T5,other,unified_chip2/120109,4.002705099992454e-05,0.9684455990791321,0.03151432424783707
406865fe17b5d3cc3e442ca607455d82a2c366e7be808a764ae728c0e25c6424,MPT,MPT,other,unified_chip2/120109,1.0425618590659269e-08,2.5864035847929234e-14,1.0
4030daf5b0088286ca7e11f950574083ece827796a2d95ec1c02a48a1d9f99b0,MPT,MPT,other,unified_chip2/31310,2.1939683403360277e-10,7.176897456591478e-15,1.0
4030daf5b0088286ca7e11f950574083ece827796a2d95ec1c02a48a1d9f99b0,ChatGLM,ChatGLM,other,unified_chip2/31310,1.0,9.117486361167812e-14,1.0389024363011146e-10
4030daf5b0088286ca7e11f950574083ece827796a2d95ec1c02a48a1d9f99b0,Flan-T5,Flan-T5,other,unified_chip2/31310,5.2847695997115807e-08,1.0,5.455287332978287e-10
a7dd5383c22558911110d6b5ff1a87b232a62fccfc50646f72449536af5fb1aa,ChatGLM,ChatGLM,other,unified_chip2/127894,1.0,3.65859801175387e-17,1.013801113777758e-14
a7dd5383c22558911110d6b5ff1a87b232a62fccfc50646f72449536af5fb1aa,Flan-T5,Flan-T5,other,unified_chip2/127894,1.7681044482742436e-05,0.9999823570251465,6.16000250808213e-10
a7dd5383c22558911110d6b5ff1a87b232a62fccfc50646f72449536af5fb1aa,MPT,MPT,other,unified_chip2/127894,3.252336525704576e-17,2.099394717873629e-16,1.0
6222b06f5c15e0e4b6d59bc77e5ab4cc37ea055fe5d582141d2cc62cf5750207,MPT,MPT,other,unified_chip2/9347,2.525442323531024e-05,1.863431961903264e-13,0.9999747276306152
6222b06f5c15e0e4b6d59bc77e5ab4cc37ea055fe5d582141d2cc62cf5750207,Flan-T5,Flan-T5,other,unified_chip2/9347,0.008197367191314697,0.9902436137199402,0.001558977528475225
6222b06f5c15e0e4b6d59bc77e5ab4cc37ea055fe5d582141d2cc62cf5750207,ChatGLM,ChatGLM,other,unified_chip2/9347,0.9998013377189636,1.8616563465911895e-05,0.0001800694444682449
8c5c4965ef1bbd34cd5ce77de5081ff0878765315fdcca53dfb0164de8e26808,ChatGLM,ChatGLM,other,unified_chip2/64185,0.9999428987503052,2.386515858284583e-16,5.704189607058652e-05
8c5c4965ef1bbd34cd5ce77de5081ff0878765315fdcca53dfb0164de8e26808,Flan-T5,Flan-T5,other,unified_chip2/64185,2.254521405120613e-07,0.9999997615814209,2.7848966080261384e-13
8c5c4965ef1bbd34cd5ce77de5081ff0878765315fdcca53dfb0164de8e26808,MPT,MPT,other,unified_chip2/64185,1.2194090004413738e-07,9.720504566199106e-13,0.9999998807907104
fb9bb753990fb03e812393dab6c5a2fe78490d9383e94755db4f68a872425629,ChatGLM,ChatGLM,other,unified_chip2/115657,0.9999994039535522,4.362005114749712e-12,5.395465336732741e-07
fb9bb753990fb03e812393dab6c5a2fe78490d9383e94755db4f68a872425629,MPT,MPT,other,unified_chip2/115657,4.448479616354223e-13,2.4280631570291093e-20,1.0
fb9bb753990fb03e812393dab6c5a2fe78490d9383e94755db4f68a872425629,Flan-T5,Flan-T5,other,unified_chip2/115657,0.0006063113687559962,0.9993826150894165,1.106457693822449e-05
f65392587a90e7eeae996b8e7e5328c244f509fd24ad907eb02ba28aafa4ec59,MPT,MPT,other,unified_chip2/35296,1.4511211243045663e-13,1.1285381131117753e-13,1.0
f65392587a90e7eeae996b8e7e5328c244f509fd24ad907eb02ba28aafa4ec59,Flan-T5,Flan-T5,other,unified_chip2/35296,1.7928332596284235e-08,1.0,3.205287368857057e-09
f65392587a90e7eeae996b8e7e5328c244f509fd24ad907eb02ba28aafa4ec59,ChatGLM,ChatGLM,other,unified_chip2/35296,1.0,4.632432133201692e-13,2.568112666967437e-10
4b8ed0b0526a34669a751711150a29caba2b7852a255a119640a7cccd73a538d,MPT,MPT,other,dolly_15k/classification/894,1.523908083056469e-11,1.2483213976115314e-19,1.0
4b8ed0b0526a34669a751711150a29caba2b7852a255a119640a7cccd73a538d,ChatGLM,Flan-T5,other,dolly_15k/classification/894,0.009240792132914066,0.9907591342926025,3.555651773012869e-08
4b8ed0b0526a34669a751711150a29caba2b7852a255a119640a7cccd73a538d,Flan-T5,Flan-T5,other,dolly_15k/classification/894,7.856987213017419e-05,0.999921441078186,1.0454822563232824e-09
4da943d20bb7237a4b289b7df555dd08a1fc56a6fe930acb16a2f9c4a27721e8,MPT,MPT,other,unified_chip2/164270,4.057455760264617e-12,1.5031190539211564e-13,1.0
4da943d20bb7237a4b289b7df555dd08a1fc56a6fe930acb16a2f9c4a27721e8,ChatGLM,ChatGLM,other,unified_chip2/164270,0.999957799911499,4.195139626972377e-05,2.8552355502142746e-07
4da943d20bb7237a4b289b7df555dd08a1fc56a6fe930acb16a2f9c4a27721e8,Flan-T5,Flan-T5,other,unified_chip2/164270,9.846218745224178e-05,0.999891996383667,9.538136509945616e-06
02917eb7775ff68d9e50673c85bf386d4447dd2f486d4fed430bca503590d289,ChatGLM,ChatGLM,other,unified_chip2/77787,1.0,3.324823749650818e-10,1.4933745351441985e-09
02917eb7775ff68d9e50673c85bf386d4447dd2f486d4fed430bca503590d289,Flan-T5,Flan-T5,other,unified_chip2/77787,4.901161698711576e-10,0.9999997615814209,2.604684823381831e-07
02917eb7775ff68d9e50673c85bf386d4447dd2f486d4fed430bca503590d289,MPT,MPT,other,unified_chip2/77787,9.838814573790675e-22,9.794337379215254e-20,1.0
dd329f6af2e7f0c0d1cc44127acfb5c5bc99398e5a6989c844e70a48075a9268,MPT,MPT,other,unified_chip2/62094,8.107273430368878e-08,2.2465064530852175e-10,0.9999998807907104
dd329f6af2e7f0c0d1cc44127acfb5c5bc99398e5a6989c844e70a48075a9268,Flan-T5,Flan-T5,other,unified_chip2/62094,0.0006875467952340841,0.9992591738700867,5.3248804761096835e-05
dd329f6af2e7f0c0d1cc44127acfb5c5bc99398e5a6989c844e70a48075a9268,ChatGLM,ChatGLM,other,unified_chip2/62094,1.0,4.84497912709575e-13,7.482227282196163e-09
884932247f7f200c2774dcec71c5c8fa5ef576a0351deec6c1e97be0aafed71c,ChatGLM,ChatGLM,other,unified_chip2/113625,1.0,1.2535580723084273e-16,1.2322589997004751e-11
884932247f7f200c2774dcec71c5c8fa5ef576a0351deec6c1e97be0aafed71c,Flan-T5,Flan-T5,other,unified_chip2/113625,5.394015261117602e-06,0.99998939037323,5.1646820793394e-06
884932247f7f200c2774dcec71c5c8fa5ef576a0351deec6c1e97be0aafed71c,MPT,MPT,other,unified_chip2/113625,4.2500996211974895e-13,3.290627285359917e-15,1.0
5625e62bdfaa03b27a962cc8a7e37688f156a354a60df976d2b79f8796d495c1,MPT,MPT,other,unified_chip2/155030,5.952211693430296e-17,1.4745767879854356e-14,1.0
5625e62bdfaa03b27a962cc8a7e37688f156a354a60df976d2b79f8796d495c1,Flan-T5,Flan-T5,other,unified_chip2/155030,1.2448735375869546e-08,1.0,6.35586083763684e-10
5625e62bdfaa03b27a962cc8a7e37688f156a354a60df976d2b79f8796d495c1,ChatGLM,ChatGLM,other,unified_chip2/155030,1.0,1.4014698147650495e-13,2.4294293243798393e-09
761aafdb12ee146933782f7cf64c9bcc09ff73c646579c12d3088036f8574221,Flan-T5,Flan-T5,other,dolly_15k/open_qa/238,0.001648235134780407,0.9983481168746948,3.6993183130107354e-06
761aafdb12ee146933782f7cf64c9bcc09ff73c646579c12d3088036f8574221,ChatGLM,Flan-T5,other,dolly_15k/open_qa/238,0.0035843225196003914,0.9964156150817871,1.4246718471611075e-08
761aafdb12ee146933782f7cf64c9bcc09ff73c646579c12d3088036f8574221,MPT,MPT,other,dolly_15k/open_qa/238,5.629903487847088e-11,1.6460495819622245e-16,1.0
a972e9bd3ade28e9a3fa4a925e28ef7ee7774454d12ea89fb97832cb1803771f,Flan-T5,Flan-T5,other,unified_chip2/77357,9.846218745224178e-05,0.999891996383667,9.538136509945616e-06
a972e9bd3ade28e9a3fa4a925e28ef7ee7774454d12ea89fb97832cb1803771f,ChatGLM,ChatGLM,other,unified_chip2/77357,1.0,7.446018628065598e-14,1.1183561672220566e-12
a972e9bd3ade28e9a3fa4a925e28ef7ee7774454d12ea89fb97832cb1803771f,MPT,MPT,other,unified_chip2/77357,2.9434137349682032e-09,4.968952766609691e-14,1.0
02156a1f552b9d4aaafde583cb17838e63d4c4a52dfb7e9d4f5c870f0aa7c4c1,MPT,MPT,other,unified_chip2/55520,2.2909238557605257e-18,1.0097623693645099e-17,1.0
02156a1f552b9d4aaafde583cb17838e63d4c4a52dfb7e9d4f5c870f0aa7c4c1,ChatGLM,ChatGLM,other,unified_chip2/55520,1.0,1.3943083883652396e-13,6.592213580569606e-11
02156a1f552b9d4aaafde583cb17838e63d4c4a52dfb7e9d4f5c870f0aa7c4c1,Flan-T5,Flan-T5,other,unified_chip2/55520,5.351380494289515e-08,1.0,6.486025605489942e-11
5a97925c8be339a62e70d53610474fef52e1330a961bfff4ab6b4bf414e8f5d2,MPT,MPT,other,unified_chip2/122554,6.752045450530986e-11,2.3146879937530106e-16,1.0
5a97925c8be339a62e70d53610474fef52e1330a961bfff4ab6b4bf414e8f5d2,Flan-T5,Flan-T5,other,unified_chip2/122554,1.7715977339641253e-12,1.0,5.19585985347959e-10
5a97925c8be339a62e70d53610474fef52e1330a961bfff4ab6b4bf414e8f5d2,ChatGLM,ChatGLM,other,unified_chip2/122554,1.0,2.4129945003920072e-12,1.0043033765727571e-10
d74d509065044002a283e9d52ba7c2e404d4dd662dd12ed6d0e17bcc0906a6f8,ChatGLM,ChatGLM,other,unified_chip2/126545,0.9999935626983643,2.7856482650635318e-14,6.466008926508948e-06
d74d509065044002a283e9d52ba7c2e404d4dd662dd12ed6d0e17bcc0906a6f8,Flan-T5,Flan-T5,other,unified_chip2/126545,1.179988884381089e-10,1.0,3.442073449183569e-12
d74d509065044002a283e9d52ba7c2e404d4dd662dd12ed6d0e17bcc0906a6f8,MPT,MPT,other,unified_chip2/126545,1.2898177534706456e-12,7.426264088612042e-17,1.0
646c398a65a14b43927327315fb87e752f684b86ff8413ee36aad0ff5c1d54ef,ChatGLM,Flan-T5,other,unified_chip2/133901,0.09845051169395447,0.9015260338783264,2.3431741283275187e-05
646c398a65a14b43927327315fb87e752f684b86ff8413ee36aad0ff5c1d54ef,MPT,MPT,other,unified_chip2/133901,3.523153736750828e-06,7.151609859867847e-10,0.9999964237213135
646c398a65a14b43927327315fb87e752f684b86ff8413ee36aad0ff5c1d54ef,Flan-T5,Flan-T5,other,unified_chip2/133901,0.024046530947089195,0.9759528040885925,7.284410799002217e-07
2dcebdbbce283a9442afd3088c0d946f1745191762e3f8a2622e7b044306213c,Flan-T5,Flan-T5,other,unified_chip2/32125,0.00023173577210400254,0.9997352957725525,3.29840877384413e-05
2dcebdbbce283a9442afd3088c0d946f1745191762e3f8a2622e7b044306213c,ChatGLM,ChatGLM,other,unified_chip2/32125,0.9999501705169678,7.481223292415962e-06,4.236623499309644e-05
2dcebdbbce283a9442afd3088c0d946f1745191762e3f8a2622e7b044306213c,MPT,MPT,other,unified_chip2/32125,7.0724603951077825e-09,2.0951935668041456e-17,1.0
72ccb751cd1b62182ab5bf0e5c62a4b61ccd5be17f38cca569cb6cc9ddc9f003,Flan-T5,Flan-T5,other,unified_chip2/29296,0.0020315032452344894,0.997967541217804,9.58706777964835e-07
72ccb751cd1b62182ab5bf0e5c62a4b61ccd5be17f38cca569cb6cc9ddc9f003,MPT,MPT,other,unified_chip2/29296,3.906823621946387e-05,3.4528331305239135e-09,0.9999608993530273
72ccb751cd1b62182ab5bf0e5c62a4b61ccd5be17f38cca569cb6cc9ddc9f003,ChatGLM,ChatGLM,other,unified_chip2/29296,0.9904503226280212,0.008090047165751457,0.0014595473185181618
fd1af6c12b8942483cb3a869783bab8a0fbab249fce1b46d0ee497cd85fbab9b,Flan-T5,Flan-T5,other,unified_chip2/31238,3.397216397083014e-10,1.0,2.8990266784378882e-11
fd1af6c12b8942483cb3a869783bab8a0fbab249fce1b46d0ee497cd85fbab9b,MPT,MPT,other,unified_chip2/31238,8.801618491816043e-07,1.6339219907623992e-11,0.9999991655349731
fd1af6c12b8942483cb3a869783bab8a0fbab249fce1b46d0ee497cd85fbab9b,ChatGLM,ChatGLM,other,unified_chip2/31238,1.0,2.268101393412261e-15,1.925916232048408e-10
82931784f1dc119219d90502f3a9e05cca0e615bdf427cbd5b1517e8805e51b6,ChatGLM,ChatGLM,other,unified_chip2/14915,1.0,4.574046219910088e-13,1.4702372999608748e-11
82931784f1dc119219d90502f3a9e05cca0e615bdf427cbd5b1517e8805e51b6,Flan-T5,Flan-T5,other,unified_chip2/14915,0.005160180851817131,0.9943692088127136,0.00047063175588846207
82931784f1dc119219d90502f3a9e05cca0e615bdf427cbd5b1517e8805e51b6,MPT,MPT,other,unified_chip2/14915,1.380403495503113e-12,4.4197244063355623e-13,1.0
7bbaae1d94722f56a8b6bf80c75e4d3a987aefde193b876b262739ebddf54085,MPT,MPT,other,unified_chip2/20160,2.134234976247651e-11,4.877774553512102e-17,1.0
7bbaae1d94722f56a8b6bf80c75e4d3a987aefde193b876b262739ebddf54085,Flan-T5,Flan-T5,other,unified_chip2/20160,0.003788064932450652,0.9957463145256042,0.00046559213660657406
7bbaae1d94722f56a8b6bf80c75e4d3a987aefde193b876b262739ebddf54085,ChatGLM,ChatGLM,other,unified_chip2/20160,0.9999961853027344,6.357506663334789e-07,3.191760924892151e-06
01839a1777e2100e418c7d73424d6603d2602d14db486658f923d637aceff727,MPT,MPT,other,unified_chip2/23574,1.6105860839196675e-20,1.2492210049952968e-20,1.0
01839a1777e2100e418c7d73424d6603d2602d14db486658f923d637aceff727,ChatGLM,ChatGLM,other,unified_chip2/23574,0.7605981230735779,0.22446314990520477,0.014938724227249622
01839a1777e2100e418c7d73424d6603d2602d14db486658f923d637aceff727,Flan-T5,Flan-T5,other,unified_chip2/23574,2.6488723960937932e-05,0.9999735355377197,2.819139588439157e-09
06371291c46028064dea59eecc576ad06b03e86526f85b363462b1c35fea7fff,ChatGLM,ChatGLM,other,unified_chip2/113310,0.9793615937232971,0.01991257444024086,0.0007258124533109367
06371291c46028064dea59eecc576ad06b03e86526f85b363462b1c35fea7fff,MPT,MPT,other,unified_chip2/113310,9.68643351292875e-13,4.242783069713115e-18,1.0
06371291c46028064dea59eecc576ad06b03e86526f85b363462b1c35fea7fff,Flan-T5,Flan-T5,other,unified_chip2/113310,1.7724066481150658e-07,0.9999998807907104,2.0885126961189826e-11
1d0aaa84946a1418f245107a1af4e197db135b8ee9b3f8f68a11a021a7106f55,Flan-T5,Flan-T5,other,unified_chip2/38067,0.0002146655460819602,0.9997853636741638,1.7302889121495468e-09
1d0aaa84946a1418f245107a1af4e197db135b8ee9b3f8f68a11a021a7106f55,ChatGLM,ChatGLM,other,unified_chip2/38067,0.9999953508377075,8.957424212086007e-12,4.652664756576996e-06
1d0aaa84946a1418f245107a1af4e197db135b8ee9b3f8f68a11a021a7106f55,MPT,MPT,other,unified_chip2/38067,2.755025615270345e-17,1.4188128215110577e-20,1.0
53e012efcc006b90ce3a3c9891549be4194299ddf66964e561bc696a21c9f920,Flan-T5,Flan-T5,other,unified_chip2/38526,6.260669920266082e-07,0.9999994039535522,1.5877981596190693e-08
53e012efcc006b90ce3a3c9891549be4194299ddf66964e561bc696a21c9f920,ChatGLM,ChatGLM,other,unified_chip2/38526,0.9999992847442627,4.096920912466601e-15,7.479711143787426e-07
53e012efcc006b90ce3a3c9891549be4194299ddf66964e561bc696a21c9f920,MPT,MPT,other,unified_chip2/38526,5.161443121455599e-15,1.4074386034123134e-20,1.0
18c80690a2c8ceada9956fd9044d153ef0c2a512aff887b0731c871ca76e9fc8,ChatGLM,ChatGLM,other,unified_chip2/115862,1.0,2.5857452030236816e-12,5.260266666695657e-10
18c80690a2c8ceada9956fd9044d153ef0c2a512aff887b0731c871ca76e9fc8,MPT,MPT,other,unified_chip2/115862,7.377770394612071e-09,1.7850890714600845e-14,1.0
18c80690a2c8ceada9956fd9044d153ef0c2a512aff887b0731c871ca76e9fc8,Flan-T5,Flan-T5,other,unified_chip2/115862,2.5204285520885605e-06,0.9999963045120239,1.1449627663751016e-06
5c3e0449f8ed2cf133af8e014041dff4fec3b8083634549c75fc4f24ffbef871,Flan-T5,Flan-T5,other,unified_chip2/56423,1.7516755690394348e-07,0.9999998807907104,1.7201096103036662e-09
5c3e0449f8ed2cf133af8e014041dff4fec3b8083634549c75fc4f24ffbef871,ChatGLM,ChatGLM,other,unified_chip2/56423,1.0,8.293675986832791e-16,1.7972496321044806e-12
5c3e0449f8ed2cf133af8e014041dff4fec3b8083634549c75fc4f24ffbef871,MPT,MPT,other,unified_chip2/56423,2.2334533528178824e-11,1.7976353234748152e-14,1.0
b3ddfaa010924a470f23abb8d64f243205ed7a7f3e69a5de37f67cec9910f3f4,MPT,ChatGLM,other,unified_chip2/55245,0.505298912525177,3.6754082000101107e-09,0.494701087474823
b3ddfaa010924a470f23abb8d64f243205ed7a7f3e69a5de37f67cec9910f3f4,ChatGLM,ChatGLM,other,unified_chip2/55245,0.9994971752166748,7.757027196930721e-05,0.0004252119979355484
b3ddfaa010924a470f23abb8d64f243205ed7a7f3e69a5de37f67cec9910f3f4,Flan-T5,Flan-T5,other,unified_chip2/55245,0.00025177703355439007,0.9996107220649719,0.00013758429849985987
5ff444e1d242f0b7dfd80bd2f3798749b60e2e48b9ca650962aa163b4a5c242e,Flan-T5,Flan-T5,other,unified_chip2/7871,4.0985774774071615e-09,1.0,2.1154604734618943e-09
5ff444e1d242f0b7dfd80bd2f3798749b60e2e48b9ca650962aa163b4a5c242e,MPT,MPT,other,unified_chip2/7871,2.583116831544885e-09,2.3569513379309744e-14,1.0
5ff444e1d242f0b7dfd80bd2f3798749b60e2e48b9ca650962aa163b4a5c242e,ChatGLM,ChatGLM,other,unified_chip2/7871,0.9999933242797852,1.805277406674577e-06,4.862034529651282e-06
7bae29794313b9cff076b066048c4d105ab16ed857f4e08830c1d2e65eef4d01,MPT,MPT,other,dolly_15k/classification/10,4.00744637474304e-09,7.991596211486101e-18,1.0
7bae29794313b9cff076b066048c4d105ab16ed857f4e08830c1d2e65eef4d01,Flan-T5,Flan-T5,other,dolly_15k/classification/10,0.03869091719388962,0.9590739011764526,0.0022351969964802265
7bae29794313b9cff076b066048c4d105ab16ed857f4e08830c1d2e65eef4d01,ChatGLM,Flan-T5,other,dolly_15k/classification/10,0.019940193742513657,0.9544729590415955,0.025586899369955063
e9d18a578a7bc5d683022c802047cf571b859557f9aa4e48174469662aaa194d,MPT,MPT,other,unified_chip2/31569,7.946695404825732e-06,9.739366092580658e-15,0.9999920129776001
e9d18a578a7bc5d683022c802047cf571b859557f9aa4e48174469662aaa194d,ChatGLM,ChatGLM,other,unified_chip2/31569,1.0,1.8489110611538733e-16,1.7571366583979398e-09
e9d18a578a7bc5d683022c802047cf571b859557f9aa4e48174469662aaa194d,Flan-T5,Flan-T5,other,unified_chip2/31569,9.230854516317777e-07,0.9999990463256836,3.6521967672342726e-08
7e60dcec9f5442a8da983a5b5ef270e98c16a56aa91d14890eb3850a7b1f3ee0,ChatGLM,ChatGLM,other,unified_chip2/101465,1.0,1.1133055628086722e-16,1.6201670560711534e-10
7e60dcec9f5442a8da983a5b5ef270e98c16a56aa91d14890eb3850a7b1f3ee0,MPT,MPT,other,unified_chip2/101465,2.4305459988410716e-13,3.023665929862622e-19,1.0
7e60dcec9f5442a8da983a5b5ef270e98c16a56aa91d14890eb3850a7b1f3ee0,Flan-T5,Flan-T5,other,unified_chip2/101465,1.0351322089263704e-05,0.9999896287918091,2.9705788939793365e-09
722e8ee10eacc52bbd3605df2df6c272fa51820e04ff41fcc531bc1987aca651,ChatGLM,ChatGLM,other,unified_chip2/26170,1.0,3.1394815615815573e-16,1.7921930606235037e-09
722e8ee10eacc52bbd3605df2df6c272fa51820e04ff41fcc531bc1987aca651,MPT,MPT,other,unified_chip2/26170,9.721006551804967e-13,2.5384287821549186e-15,1.0
722e8ee10eacc52bbd3605df2df6c272fa51820e04ff41fcc531bc1987aca651,Flan-T5,Flan-T5,other,unified_chip2/26170,0.002063290448859334,0.9975475668907166,0.00038907621637918055
b0d93b1482bacfd40f2e98acd0973a265ddb92d4b7baac49371cfc0be933d5ca,ChatGLM,ChatGLM,other,unified_chip2/92048,0.9999704360961914,2.5678093606984476e-06,2.6955834982800297e-05
b0d93b1482bacfd40f2e98acd0973a265ddb92d4b7baac49371cfc0be933d5ca,Flan-T5,Flan-T5,other,unified_chip2/92048,2.0264172917450196e-07,0.9999997615814209,1.369293983755071e-10
b0d93b1482bacfd40f2e98acd0973a265ddb92d4b7baac49371cfc0be933d5ca,MPT,MPT,other,unified_chip2/92048,1.3658469697475084e-06,1.5746629694612935e-11,0.9999986886978149
597f7d708ef7c3486d4f4a0e1730a5d1935dd21ddd2cfea261cb4893843b0aa8,MPT,MPT,other,unified_chip2/160029,9.69432201181064e-10,2.881520390647669e-17,1.0
597f7d708ef7c3486d4f4a0e1730a5d1935dd21ddd2cfea261cb4893843b0aa8,ChatGLM,ChatGLM,other,unified_chip2/160029,1.0,1.1558070344178887e-14,1.0882549084101356e-08
597f7d708ef7c3486d4f4a0e1730a5d1935dd21ddd2cfea261cb4893843b0aa8,Flan-T5,Flan-T5,other,unified_chip2/160029,9.846218745224178e-05,0.999891996383667,9.538136509945616e-06
575ef6b13a59686b0dae598246d56cfc77024b0f9e9e16928d7148503f4b134e,MPT,MPT,other,unified_chip2/133354,1.0275093044137085e-15,2.8443827150405863e-21,1.0
575ef6b13a59686b0dae598246d56cfc77024b0f9e9e16928d7148503f4b134e,Flan-T5,Flan-T5,other,unified_chip2/133354,2.224551931551133e-10,1.0,3.668655657040887e-12
575ef6b13a59686b0dae598246d56cfc77024b0f9e9e16928d7148503f4b134e,ChatGLM,ChatGLM,other,unified_chip2/133354,1.0,1.9406465028167473e-15,3.911945420376206e-11
00c54af0e7748e3b86db0485609c50f49376f6d5c7e008c425c25dc33626d21f,ChatGLM,ChatGLM,other,unified_chip2/54666,0.9999998807907104,8.646394178413175e-08,3.1144653522829913e-10
00c54af0e7748e3b86db0485609c50f49376f6d5c7e008c425c25dc33626d21f,Flan-T5,Flan-T5,other,unified_chip2/54666,1.736758150627793e-07,0.9999998807907104,2.8248421735988828e-14
00c54af0e7748e3b86db0485609c50f49376f6d5c7e008c425c25dc33626d21f,MPT,MPT,other,unified_chip2/54666,2.2273306754527766e-08,1.140216884803905e-14,1.0
c1f0a90ccacba5914de35bbe78a526c206887e20705a654221fb1834ce601e45,Flan-T5,Flan-T5,other,unified_chip2/36130,7.63461684982758e-06,0.9999923706054688,1.8938044021865608e-08
c1f0a90ccacba5914de35bbe78a526c206887e20705a654221fb1834ce601e45,MPT,MPT,other,unified_chip2/36130,7.164239904447478e-13,1.384522071448151e-16,1.0
c1f0a90ccacba5914de35bbe78a526c206887e20705a654221fb1834ce601e45,ChatGLM,ChatGLM,other,unified_chip2/36130,0.999998927116394,1.6363067345537274e-08,1.0998381867466378e-06
60b6d93b51016f55cac4de44377e948027ffed3e1a897c5489a39d05cf874409,ChatGLM,ChatGLM,other,unified_chip2/131429,0.8911612033843994,5.464687369283183e-09,0.10883882641792297
60b6d93b51016f55cac4de44377e948027ffed3e1a897c5489a39d05cf874409,MPT,MPT,other,unified_chip2/131429,1.1968380991823191e-16,1.5076440344214023e-17,1.0
60b6d93b51016f55cac4de44377e948027ffed3e1a897c5489a39d05cf874409,Flan-T5,Flan-T5,other,unified_chip2/131429,0.010103289969265461,0.9897778630256653,0.00011882623948622495
529ce4ff7a89342a2159485cd1e99003a8e6a78b6feaab0d5869363013f8244a,ChatGLM,ChatGLM,other,unified_chip2/3181,0.9995337724685669,1.930747657752363e-06,0.0004643923311959952
529ce4ff7a89342a2159485cd1e99003a8e6a78b6feaab0d5869363013f8244a,MPT,MPT,other,unified_chip2/3181,4.79150319421251e-09,1.4038696962738462e-13,1.0
529ce4ff7a89342a2159485cd1e99003a8e6a78b6feaab0d5869363013f8244a,Flan-T5,Flan-T5,other,unified_chip2/3181,0.011951043270528316,0.9827318787574768,0.005317070987075567
ce7bafc332a222e278e6e5a5f6af84872b7badc5f01ee5c722075527232ec98a,MPT,MPT,other,unified_chip2/84799,1.0831145980105816e-09,3.5418557328562375e-14,1.0
ce7bafc332a222e278e6e5a5f6af84872b7badc5f01ee5c722075527232ec98a,Flan-T5,Flan-T5,other,unified_chip2/84799,2.870944371125006e-09,1.0,1.0174323406345054e-12
ce7bafc332a222e278e6e5a5f6af84872b7badc5f01ee5c722075527232ec98a,ChatGLM,ChatGLM,other,unified_chip2/84799,1.0,6.939254422305403e-16,3.160531836243763e-10
ab7ef2dbccc41a75af01b9ced16f1b7403fca32b792150495d2994208656b929,MPT,MPT,other,unified_chip2/69412,7.847801839488966e-07,8.673217580332931e-14,0.9999991655349731
ab7ef2dbccc41a75af01b9ced16f1b7403fca32b792150495d2994208656b929,Flan-T5,Flan-T5,other,unified_chip2/69412,1.1937158888031263e-05,0.9999877214431763,3.080121189213969e-07
ab7ef2dbccc41a75af01b9ced16f1b7403fca32b792150495d2994208656b929,ChatGLM,ChatGLM,other,unified_chip2/69412,1.0,3.8993161726851716e-16,2.0767328828830145e-13
840e0da4deac1dcffff35e784368e9c8a6a256a12b4b01d7c4c8e5cc33fa1255,MPT,MPT,other,dolly_15k/general_qa/280,5.130313220687993e-14,2.405062164172915e-21,1.0
840e0da4deac1dcffff35e784368e9c8a6a256a12b4b01d7c4c8e5cc33fa1255,Flan-T5,Flan-T5,other,dolly_15k/general_qa/280,0.0017529933247715235,0.9976218342781067,0.0006251125014387071
840e0da4deac1dcffff35e784368e9c8a6a256a12b4b01d7c4c8e5cc33fa1255,ChatGLM,ChatGLM,other,dolly_15k/general_qa/280,0.9999997615814209,9.05118024974172e-09,1.8479919106084708e-07
9e915e7f0d59db59e488de0042df5bbf5ea6e8c095a2af3cc0d0d4703c13904f,ChatGLM,ChatGLM,other,unified_chip2/127049,1.0,5.433798095315747e-15,8.437659460014402e-09
9e915e7f0d59db59e488de0042df5bbf5ea6e8c095a2af3cc0d0d4703c13904f,MPT,MPT,other,unified_chip2/127049,1.1807993344496899e-14,3.5168458568907808e-15,1.0
9e915e7f0d59db59e488de0042df5bbf5ea6e8c095a2af3cc0d0d4703c13904f,Flan-T5,Flan-T5,other,unified_chip2/127049,2.9286784410942346e-05,0.9999706745147705,7.381806971240579e-12
02822ae41d8a2650988cf6c10f526ec45e1a02d1c818a42d1d41118f45ff8ec7,Flan-T5,Flan-T5,other,unified_chip2/94300,0.0006063113687559962,0.9993826150894165,1.106457693822449e-05
02822ae41d8a2650988cf6c10f526ec45e1a02d1c818a42d1d41118f45ff8ec7,MPT,MPT,other,unified_chip2/94300,5.002498255635146e-07,9.174040650414272e-13,0.9999995231628418
02822ae41d8a2650988cf6c10f526ec45e1a02d1c818a42d1d41118f45ff8ec7,ChatGLM,ChatGLM,other,unified_chip2/94300,0.9999992847442627,7.144612050417887e-13,7.201466019068903e-07
bc2270ca1135aa19537bb028a4315c70172ae1435095a40515f147ee1cff9be6,Flan-T5,Flan-T5,other,unified_chip2/100785,0.00016383016190957278,0.9998352527618408,9.029889156408899e-07
bc2270ca1135aa19537bb028a4315c70172ae1435095a40515f147ee1cff9be6,MPT,MPT,other,unified_chip2/100785,1.6367117723348201e-06,1.0339333833542241e-09,0.9999983310699463
bc2270ca1135aa19537bb028a4315c70172ae1435095a40515f147ee1cff9be6,ChatGLM,ChatGLM,other,unified_chip2/100785,0.9999110698699951,9.0516596173984e-06,7.982391980476677e-05
5bf683997d1f0c50f7cb4e856211df04452f8bd277b784012b6a5ec3582c605e,Flan-T5,Flan-T5,other,unified_chip2/144765,9.846218745224178e-05,0.999891996383667,9.538136509945616e-06
5bf683997d1f0c50f7cb4e856211df04452f8bd277b784012b6a5ec3582c605e,ChatGLM,ChatGLM,other,unified_chip2/144765,0.9999995231628418,4.681938889916637e-07,1.997870979764116e-09
5bf683997d1f0c50f7cb4e856211df04452f8bd277b784012b6a5ec3582c605e,MPT,MPT,other,unified_chip2/144765,8.927429462346481e-08,2.6280454185458393e-14,0.9999998807907104
bf8130ae76fb998e95a1ed564c736947cb0e5807f0a2a6ca66b5ed9da0ce56a5,MPT,MPT,other,unified_chip2/60696,7.63381094448512e-11,9.861197276603967e-17,1.0
bf8130ae76fb998e95a1ed564c736947cb0e5807f0a2a6ca66b5ed9da0ce56a5,ChatGLM,ChatGLM,other,unified_chip2/60696,0.9999972581863403,6.123665343693574e-07,2.0872380446235184e-06
bf8130ae76fb998e95a1ed564c736947cb0e5807f0a2a6ca66b5ed9da0ce56a5,Flan-T5,Flan-T5,other,unified_chip2/60696,0.010268133133649826,0.9880353808403015,0.0016964998794719577
977c4a6c130d22323a3766b67eb714f84a23a5a06f0e45453ec91d31b7e8f502,ChatGLM,ChatGLM,other,unified_chip2/69424,1.0,9.281184795587125e-15,3.0609534462655574e-08
977c4a6c130d22323a3766b67eb714f84a23a5a06f0e45453ec91d31b7e8f502,Flan-T5,Flan-T5,other,unified_chip2/69424,1.3942972145741805e-05,0.9999860525131226,9.604011808050927e-09
977c4a6c130d22323a3766b67eb714f84a23a5a06f0e45453ec91d31b7e8f502,MPT,MPT,other,unified_chip2/69424,1.2712521313407166e-10,3.646794305878394e-14,1.0
041aee325a2813a4fa9dd2e13e97041e1bb8118320894a15414196ba9bd35fb8,Flan-T5,Flan-T5,other,unified_chip2/152072,2.5583832274911344e-10,1.0,1.831485657577403e-11
041aee325a2813a4fa9dd2e13e97041e1bb8118320894a15414196ba9bd35fb8,MPT,MPT,other,unified_chip2/152072,8.167548397591123e-14,5.830390356164998e-16,1.0
041aee325a2813a4fa9dd2e13e97041e1bb8118320894a15414196ba9bd35fb8,ChatGLM,ChatGLM,other,unified_chip2/152072,0.9946282505989075,1.902268564890619e-08,0.005371707025915384
1cd761b6f245d77da10fe923983fa7ed2788059971b369dcc27fb65c14d472e1,MPT,MPT,other,unified_chip2/116408,6.306858247456804e-13,1.0419155084317116e-16,1.0
1cd761b6f245d77da10fe923983fa7ed2788059971b369dcc27fb65c14d472e1,Flan-T5,Flan-T5,other,unified_chip2/116408,4.5699856343617284e-08,1.0,7.596401243979909e-17
1cd761b6f245d77da10fe923983fa7ed2788059971b369dcc27fb65c14d472e1,ChatGLM,Flan-T5,other,unified_chip2/116408,0.3929865062236786,0.6070008873939514,1.2557087757159024e-05
69a563149e541453a48135ad1d4bf0d2a7f7042c905968b26e6f3666c2c9dabe,MPT,MPT,other,unified_chip2/19237,1.3493663651720222e-11,3.2766050289678716e-11,1.0
69a563149e541453a48135ad1d4bf0d2a7f7042c905968b26e6f3666c2c9dabe,ChatGLM,ChatGLM,other,unified_chip2/19237,0.9999707937240601,4.26203321524099e-08,2.9223732781247236e-05
69a563149e541453a48135ad1d4bf0d2a7f7042c905968b26e6f3666c2c9dabe,Flan-T5,Flan-T5,other,unified_chip2/19237,1.2352186331554549e-06,0.9999988079071045,1.9466451020577757e-12
0e70696dff2bfab2cb67ae7ef425e19ea625bafe388944a4e54075938a111159,Flan-T5,Flan-T5,other,unified_chip2/158399,0.003937270492315292,0.9958755373954773,0.0001872573484433815
0e70696dff2bfab2cb67ae7ef425e19ea625bafe388944a4e54075938a111159,ChatGLM,ChatGLM,other,unified_chip2/158399,1.0,5.673980816439661e-12,3.6585847684733608e-09
0e70696dff2bfab2cb67ae7ef425e19ea625bafe388944a4e54075938a111159,MPT,MPT,other,unified_chip2/158399,7.259612764989702e-15,5.388313059628835e-12,1.0
d76c58c94dbec21b865d01768a53791d556094e8a993546885853fc61920de46,Flan-T5,Flan-T5,other,dolly_15k/open_qa/2650,0.00978651363402605,0.9899253845214844,0.0002881441614590585
d76c58c94dbec21b865d01768a53791d556094e8a993546885853fc61920de46,ChatGLM,ChatGLM,other,dolly_15k/open_qa/2650,1.0,8.356516704739053e-14,1.7516413319818014e-10
d76c58c94dbec21b865d01768a53791d556094e8a993546885853fc61920de46,MPT,MPT,other,dolly_15k/open_qa/2650,1.3914046803620295e-07,1.5131311866456096e-14,0.9999998807907104
b1a0917a953c8dba6b7a862926fb7c3aff6f54391861625bcf556080e7765e66,Flan-T5,Flan-T5,other,unified_chip2/89672,6.864225724712014e-05,0.9999313354492188,3.5984092767137044e-13
b1a0917a953c8dba6b7a862926fb7c3aff6f54391861625bcf556080e7765e66,MPT,MPT,other,unified_chip2/89672,1.4291753984961315e-15,4.2195446546307443e-16,1.0
b1a0917a953c8dba6b7a862926fb7c3aff6f54391861625bcf556080e7765e66,ChatGLM,ChatGLM,other,unified_chip2/89672,0.9999998807907104,1.7818891251408786e-07,9.82294068307965e-09
330cd834291b102137d24aade6ae4647c4ef721916896f3387e84f3ce3e6fbb5,ChatGLM,ChatGLM,other,dolly_15k/closed_qa/735,0.9383894801139832,0.06071963906288147,0.0008908609161153436
330cd834291b102137d24aade6ae4647c4ef721916896f3387e84f3ce3e6fbb5,Flan-T5,Flan-T5,other,dolly_15k/closed_qa/735,0.37074849009513855,0.6292375922203064,1.3948939340480138e-05
330cd834291b102137d24aade6ae4647c4ef721916896f3387e84f3ce3e6fbb5,MPT,MPT,other,dolly_15k/closed_qa/735,0.0019356459379196167,8.233592301877535e-13,0.9980643391609192
9255b92918090cda57ebf22e75e4b6c45bfe294da904bb934e1b22dd1a182f6a,ChatGLM,ChatGLM,other,unified_chip2/153934,0.9819265007972717,0.01682375930249691,0.0012496901908889413
9255b92918090cda57ebf22e75e4b6c45bfe294da904bb934e1b22dd1a182f6a,Flan-T5,Flan-T5,other,unified_chip2/153934,0.00023642322048544884,0.9997634291648865,1.387031289823426e-07
9255b92918090cda57ebf22e75e4b6c45bfe294da904bb934e1b22dd1a182f6a,MPT,MPT,other,unified_chip2/153934,8.66665159776625e-12,7.04842055794313e-17,1.0
86d79739272d74b9af6d06bd168a054a5cb749d9a9ae78a7f051e435a711823f,MPT,MPT,other,unified_chip2/40387,4.157338295840418e-08,3.2504264002340685e-17,1.0
86d79739272d74b9af6d06bd168a054a5cb749d9a9ae78a7f051e435a711823f,Flan-T5,Flan-T5,other,unified_chip2/40387,1.2013196055704611e-06,0.9999988079071045,1.0174952436159401e-08
86d79739272d74b9af6d06bd168a054a5cb749d9a9ae78a7f051e435a711823f,ChatGLM,ChatGLM,other,unified_chip2/40387,1.0,4.503280560952394e-12,5.5392697373424227e-11
6dc3ded33447ef286e27f6bd5ba6fa5cd69c10131724d65df044a53f26dff4b6,ChatGLM,ChatGLM,other,unified_chip2/120908,0.9889847040176392,0.011005168780684471,1.0166014362766873e-05
6dc3ded33447ef286e27f6bd5ba6fa5cd69c10131724d65df044a53f26dff4b6,MPT,MPT,other,unified_chip2/120908,6.231993028655495e-16,2.6896850884006482e-18,1.0
6dc3ded33447ef286e27f6bd5ba6fa5cd69c10131724d65df044a53f26dff4b6,Flan-T5,Flan-T5,other,unified_chip2/120908,0.0007991840247996151,0.9991082549095154,9.258339559892192e-05
8dc67776ec4913e85d00574a6df8c2c0a83204301f211482e808600d6e62afb9,MPT,MPT,other,unified_chip2/157406,1.0839360659042896e-11,2.1967923895004407e-16,1.0
8dc67776ec4913e85d00574a6df8c2c0a83204301f211482e808600d6e62afb9,ChatGLM,ChatGLM,other,unified_chip2/157406,1.0,2.355097553386349e-16,7.137079122143675e-11
8dc67776ec4913e85d00574a6df8c2c0a83204301f211482e808600d6e62afb9,Flan-T5,Flan-T5,other,unified_chip2/157406,1.2672342563746497e-05,0.9999866485595703,6.522139415210404e-07
8b190f79ffe9943b7a0eede1d5e3666cd0c31c1771a60b7768d71d89f5e07292,ChatGLM,Flan-T5,other,unified_chip2/81542,0.0205894336104393,0.9794069528579712,3.561879793778644e-06
8b190f79ffe9943b7a0eede1d5e3666cd0c31c1771a60b7768d71d89f5e07292,MPT,MPT,other,unified_chip2/81542,9.701436804235557e-15,1.1654703515631243e-17,1.0
8b190f79ffe9943b7a0eede1d5e3666cd0c31c1771a60b7768d71d89f5e07292,Flan-T5,Flan-T5,other,unified_chip2/81542,2.103788609986168e-08,1.0,1.6188720503018672e-11
7ee5ed0d735effc7db2f3e340c10062893d13e53e9502cba254d000aafe389fd,Flan-T5,Flan-T5,other,unified_chip2/118349,1.7867874291255248e-08,1.0,2.012722627453556e-10
7ee5ed0d735effc7db2f3e340c10062893d13e53e9502cba254d000aafe389fd,ChatGLM,ChatGLM,other,unified_chip2/118349,0.9999959468841553,7.144509810153021e-12,4.031232492707204e-06
7ee5ed0d735effc7db2f3e340c10062893d13e53e9502cba254d000aafe389fd,MPT,MPT,other,unified_chip2/118349,1.4340551501845766e-07,2.6650903706126883e-11,0.9999998807907104
e63668a6094ac96d91a3e41905d201ac7828da1661c91e9d2ec1967be0533465,MPT,MPT,other,unified_chip2/83118,1.8906009163809426e-14,2.6667733319052584e-15,1.0
e63668a6094ac96d91a3e41905d201ac7828da1661c91e9d2ec1967be0533465,Flan-T5,Flan-T5,other,unified_chip2/83118,6.76887430017814e-05,0.9999322891235352,4.0633363340703e-09
e63668a6094ac96d91a3e41905d201ac7828da1661c91e9d2ec1967be0533465,ChatGLM,ChatGLM,other,unified_chip2/83118,0.9999892711639404,6.885902438524827e-12,1.0714212294260506e-05
d0a35f6c27da11ccf8d50b74c0c0680bc4188bf7a23ca69e5ba3a0c255fcb39f,MPT,MPT,other,unified_chip2/34137,1.03396430306546e-10,4.737297251526662e-13,1.0
d0a35f6c27da11ccf8d50b74c0c0680bc4188bf7a23ca69e5ba3a0c255fcb39f,ChatGLM,ChatGLM,other,unified_chip2/34137,0.9999998807907104,1.2114634465056447e-16,1.2941086424689274e-07
d0a35f6c27da11ccf8d50b74c0c0680bc4188bf7a23ca69e5ba3a0c255fcb39f,Flan-T5,Flan-T5,other,unified_chip2/34137,9.998486802942352e-07,0.9999985694885254,3.7350034176597546e-07
73cc4e6afffccfb930e5f53654d5e260fd11932efcbbe652805c5340cfa323d0,Flan-T5,Flan-T5,other,unified_chip2/36469,0.00010673234646674246,0.999893307685852,1.426848528218727e-09
73cc4e6afffccfb930e5f53654d5e260fd11932efcbbe652805c5340cfa323d0,MPT,MPT,other,unified_chip2/36469,4.672060806808209e-13,1.1717878938606613e-16,1.0
73cc4e6afffccfb930e5f53654d5e260fd11932efcbbe652805c5340cfa323d0,ChatGLM,ChatGLM,other,unified_chip2/36469,1.0,3.6244569459164665e-15,1.2153756299981833e-11
e853bd555234a136233dc538a15d5ebac4f434e492309423e6686f967bc46314,MPT,MPT,other,unified_chip2/155344,3.6573151174223995e-09,2.1178221123411417e-13,1.0
e853bd555234a136233dc538a15d5ebac4f434e492309423e6686f967bc46314,Flan-T5,Flan-T5,other,unified_chip2/155344,8.19063643575646e-06,0.9999892711639404,2.5417170945729595e-06
e853bd555234a136233dc538a15d5ebac4f434e492309423e6686f967bc46314,ChatGLM,ChatGLM,other,unified_chip2/155344,1.0,7.456112550291438e-13,1.7306471811195934e-09
7f444d18da7affe0ecd230395dd73b6d08dbbaba44681d546ca209760bfa5803,MPT,MPT,other,unified_chip2/15783,6.975800717605874e-16,2.1316575080028307e-17,1.0
7f444d18da7affe0ecd230395dd73b6d08dbbaba44681d546ca209760bfa5803,Flan-T5,Flan-T5,other,unified_chip2/15783,8.19063643575646e-06,0.9999892711639404,2.5417170945729595e-06
7f444d18da7affe0ecd230395dd73b6d08dbbaba44681d546ca209760bfa5803,ChatGLM,ChatGLM,other,unified_chip2/15783,0.9999990463256836,2.9450671502201375e-13,8.9801807234835e-07
e5951b175bfee634ccccc5989bc895dc8aded6d600c5b1dee200b083a839a231,MPT,MPT,other,unified_chip2/155536,7.30893549350832e-15,1.1595380239681308e-15,1.0
e5951b175bfee634ccccc5989bc895dc8aded6d600c5b1dee200b083a839a231,Flan-T5,Flan-T5,other,unified_chip2/155536,1.7833065157901729e-06,0.9999982118606567,9.037279369294993e-09
e5951b175bfee634ccccc5989bc895dc8aded6d600c5b1dee200b083a839a231,ChatGLM,ChatGLM,other,unified_chip2/155536,1.0,2.300174295960045e-15,1.8081287578297633e-08
02ba70aa3fc15891610915f627d1e27c704c9f4ce1dfe2e7953aba35bdfb2c91,MPT,MPT,other,dolly_15k/open_qa/3255,5.352913598488662e-11,2.287025380003343e-14,1.0
02ba70aa3fc15891610915f627d1e27c704c9f4ce1dfe2e7953aba35bdfb2c91,ChatGLM,ChatGLM,other,dolly_15k/open_qa/3255,0.9993786811828613,0.0006166380480863154,4.6962018132035155e-06
02ba70aa3fc15891610915f627d1e27c704c9f4ce1dfe2e7953aba35bdfb2c91,Flan-T5,Flan-T5,other,dolly_15k/open_qa/3255,0.0014483456034213305,0.9985515475273132,1.252946049135062e-07
dff861ccf6906f23920c678ddab2079698c42a613a6fbf0c572b10b5bd5b135d,Flan-T5,Flan-T5,other,unified_chip2/49820,1.8348324601902277e-06,0.9999978542327881,2.523810564980522e-07
dff861ccf6906f23920c678ddab2079698c42a613a6fbf0c572b10b5bd5b135d,MPT,MPT,other,unified_chip2/49820,4.618765764817512e-13,2.876719722893009e-14,1.0
dff861ccf6906f23920c678ddab2079698c42a613a6fbf0c572b10b5bd5b135d,ChatGLM,ChatGLM,other,unified_chip2/49820,1.0,4.2400303677309035e-19,3.154764860804904e-12
b52b281af2990e931966f63aad1de001794ebc81e70029cf1d75f11401af1fc8,ChatGLM,ChatGLM,other,unified_chip2/159887,0.9999555349349976,5.1243259804323316e-06,3.937902511097491e-05
b52b281af2990e931966f63aad1de001794ebc81e70029cf1d75f11401af1fc8,MPT,MPT,other,unified_chip2/159887,3.19889243132615e-13,1.1695729027035913e-16,1.0
b52b281af2990e931966f63aad1de001794ebc81e70029cf1d75f11401af1fc8,Flan-T5,Flan-T5,other,unified_chip2/159887,0.003305581398308277,0.9960615038871765,0.0006329117459245026
cb72bdd9d797eee0d43ade4c433734823945df5b36fee0052754ca4dc127a3e4,Flan-T5,Flan-T5,other,unified_chip2/109037,0.010095353238284588,0.9898921251296997,1.2517864888650365e-05
cb72bdd9d797eee0d43ade4c433734823945df5b36fee0052754ca4dc127a3e4,MPT,MPT,other,unified_chip2/109037,1.2264691484631385e-08,5.584252640209147e-17,1.0
cb72bdd9d797eee0d43ade4c433734823945df5b36fee0052754ca4dc127a3e4,ChatGLM,ChatGLM,other,unified_chip2/109037,0.9999911785125732,4.089660400152621e-14,8.80780953593785e-06
6f32a1c4edde37dac34ced068c4edb5bf731107dc6d3de5131621c4479ed08bb,Flan-T5,Flan-T5,other,unified_chip2/55529,5.7883244153345e-06,0.999994158744812,2.254901332321424e-08
6f32a1c4edde37dac34ced068c4edb5bf731107dc6d3de5131621c4479ed08bb,MPT,MPT,other,unified_chip2/55529,0.0020268771331757307,8.684697405669795e-11,0.9979731440544128
6f32a1c4edde37dac34ced068c4edb5bf731107dc6d3de5131621c4479ed08bb,ChatGLM,ChatGLM,other,unified_chip2/55529,1.0,4.790526044721362e-20,6.750379839353087e-16
7a03b61de96845a612f52c6c2f54bad815953dbf6163f6d62e993798e9f0662e,Flan-T5,Flan-T5,other,unified_chip2/102116,0.00016383016190957278,0.9998352527618408,9.029889156408899e-07
7a03b61de96845a612f52c6c2f54bad815953dbf6163f6d62e993798e9f0662e,ChatGLM,ChatGLM,other,unified_chip2/102116,0.9932282567024231,0.006740994285792112,3.075166750932112e-05
7a03b61de96845a612f52c6c2f54bad815953dbf6163f6d62e993798e9f0662e,MPT,MPT,other,unified_chip2/102116,1.1272719979083727e-15,8.647249773631601e-16,1.0
cd5242b04cd88d6005b9084b46247aecb649ee28161b74c85891d9d63394940a,ChatGLM,ChatGLM,other,unified_chip2/130080,1.0,9.145213476476413e-14,3.3377031694037385e-10
cd5242b04cd88d6005b9084b46247aecb649ee28161b74c85891d9d63394940a,Flan-T5,Flan-T5,other,unified_chip2/130080,4.541706402960699e-06,0.9999954700469971,4.0910006049443837e-08
cd5242b04cd88d6005b9084b46247aecb649ee28161b74c85891d9d63394940a,MPT,MPT,other,unified_chip2/130080,6.91312840306324e-11,4.1061727992395755e-14,1.0
5e3acfd2b8e2151e8dd2ad35a0043d162964e2841a83084b1e5c6186d7480d92,Flan-T5,Flan-T5,other,unified_chip2/9389,0.00035825627855956554,0.9996417760848999,1.8351737907096322e-09
5e3acfd2b8e2151e8dd2ad35a0043d162964e2841a83084b1e5c6186d7480d92,MPT,MPT,other,unified_chip2/9389,0.00286758691072464,4.136828657408387e-09,0.997132420539856
5e3acfd2b8e2151e8dd2ad35a0043d162964e2841a83084b1e5c6186d7480d92,ChatGLM,ChatGLM,other,unified_chip2/9389,0.9945127964019775,0.005470707081258297,1.6437597878393717e-05
fb1f96a50a438136e6c421ad8a2d11058fbf883210dfc209ec581fb285cf0519,ChatGLM,ChatGLM,other,unified_chip2/43145,1.0,1.033855719946835e-14,6.494193204031884e-12
fb1f96a50a438136e6c421ad8a2d11058fbf883210dfc209ec581fb285cf0519,Flan-T5,Flan-T5,other,unified_chip2/43145,7.659023282258204e-08,0.9999998807907104,7.074553182856436e-12
fb1f96a50a438136e6c421ad8a2d11058fbf883210dfc209ec581fb285cf0519,MPT,MPT,other,unified_chip2/43145,1.051783786374359e-15,1.513492056595545e-18,1.0
4a7ce756dcd8f92f1ef1aef855f1333dc63d1d689848dc8763dcf0f4b8b249fd,ChatGLM,ChatGLM,other,unified_chip2/84245,1.0,9.744931099044118e-14,5.422687038986185e-12
4a7ce756dcd8f92f1ef1aef855f1333dc63d1d689848dc8763dcf0f4b8b249fd,Flan-T5,Flan-T5,other,unified_chip2/84245,1.968495553228422e-06,0.9999979734420776,5.723870710738765e-09
4a7ce756dcd8f92f1ef1aef855f1333dc63d1d689848dc8763dcf0f4b8b249fd,MPT,MPT,other,unified_chip2/84245,1.0537316086356441e-07,7.793174276816473e-17,0.9999998807907104
a681210b3489bb438d0b8e0b02443f96879891437027d3ff67d775c4213354f4,MPT,MPT,other,unified_chip2/23025,3.7395488843485145e-17,2.9744401531156498e-18,1.0
a681210b3489bb438d0b8e0b02443f96879891437027d3ff67d775c4213354f4,Flan-T5,Flan-T5,other,unified_chip2/23025,1.124093955695571e-06,0.999998927116394,8.53638992825978e-10
a681210b3489bb438d0b8e0b02443f96879891437027d3ff67d775c4213354f4,ChatGLM,ChatGLM,other,unified_chip2/23025,1.0,2.4879379697910486e-13,8.801817781567411e-13
4ab6777535d2becd2d125644d8bcfa783462a4e759e7f39b9bc7284d9281795d,Flan-T5,Flan-T5,other,unified_chip2/35893,9.846218745224178e-05,0.999891996383667,9.538136509945616e-06
4ab6777535d2becd2d125644d8bcfa783462a4e759e7f39b9bc7284d9281795d,MPT,MPT,other,unified_chip2/35893,7.867195956681435e-16,1.4839869997746308e-17,1.0
4ab6777535d2becd2d125644d8bcfa783462a4e759e7f39b9bc7284d9281795d,ChatGLM,ChatGLM,other,unified_chip2/35893,0.9999947547912598,2.554978664193186e-06,2.759572907962138e-06
5b97d0333cfb283ecc0cd7f53cc428c02012525dbb654283adf2240c81a21894,ChatGLM,ChatGLM,other,unified_chip2/45697,1.0,7.868881934935956e-11,1.2926340553498505e-10
5b97d0333cfb283ecc0cd7f53cc428c02012525dbb654283adf2240c81a21894,Flan-T5,Flan-T5,other,unified_chip2/45697,6.694732945788928e-08,0.9999998807907104,3.474254304386415e-12
5b97d0333cfb283ecc0cd7f53cc428c02012525dbb654283adf2240c81a21894,MPT,MPT,other,unified_chip2/45697,3.3279863240198715e-12,1.7301975130390446e-10,1.0
3e5c6594a2d0ae699a567403bb0de7b948b2df09126d3a58e674c49bd8b044b0,ChatGLM,ChatGLM,other,unified_chip2/85949,0.9999994039535522,5.428104188354155e-09,6.29513806416071e-07
3e5c6594a2d0ae699a567403bb0de7b948b2df09126d3a58e674c49bd8b044b0,Flan-T5,Flan-T5,other,unified_chip2/85949,1.8442962357312354e-07,0.9999997615814209,6.591387591986519e-13
3e5c6594a2d0ae699a567403bb0de7b948b2df09126d3a58e674c49bd8b044b0,MPT,MPT,other,unified_chip2/85949,3.0015599380983637e-12,1.252057500502807e-16,1.0
ea88b27b48e38a8b29534a17d311a49edbb40fd95795fa71ed75ebc45fe1df2d,MPT,MPT,other,unified_chip2/28790,0.0039610727690160275,0.026712775230407715,0.9693261981010437
ea88b27b48e38a8b29534a17d311a49edbb40fd95795fa71ed75ebc45fe1df2d,Flan-T5,Flan-T5,other,unified_chip2/28790,1.533500260109122e-08,1.0,3.8550390657476896e-10
ea88b27b48e38a8b29534a17d311a49edbb40fd95795fa71ed75ebc45fe1df2d,ChatGLM,ChatGLM,other,unified_chip2/28790,1.0,6.616424769179119e-11,2.4086974081960477e-10
c6d15a111c849e7d2ec8657c8437d2b707cd5a04649a7acd74fba383eeba755d,ChatGLM,ChatGLM,other,unified_chip2/89601,1.0,5.149483863273316e-16,9.850366078367756e-10
c6d15a111c849e7d2ec8657c8437d2b707cd5a04649a7acd74fba383eeba755d,MPT,MPT,other,unified_chip2/89601,0.002496865577995777,2.8710948285493032e-08,0.9975031018257141
c6d15a111c849e7d2ec8657c8437d2b707cd5a04649a7acd74fba383eeba755d,Flan-T5,Flan-T5,other,unified_chip2/89601,5.7485194702167064e-05,0.9999185800552368,2.3971966584213078e-05
eec26f63fc1799c5a39a236df5a731e0982044e8b98d26d32db9a6152096795a,Flan-T5,Flan-T5,other,unified_chip2/72746,0.0008785199606791139,0.9991211295127869,3.5264051234662475e-07
eec26f63fc1799c5a39a236df5a731e0982044e8b98d26d32db9a6152096795a,ChatGLM,ChatGLM,other,unified_chip2/72746,1.0,6.813014643549872e-15,8.912027474501649e-13
eec26f63fc1799c5a39a236df5a731e0982044e8b98d26d32db9a6152096795a,MPT,MPT,other,unified_chip2/72746,6.919766981638986e-10,1.61503907578249e-14,1.0
7473a6a59e47ffb2857e060a6f91ce1d441937192ac0a6ec6e873a914d511427,ChatGLM,ChatGLM,other,unified_chip2/165747,0.7161492109298706,9.676304202344e-10,0.2838507890701294
7473a6a59e47ffb2857e060a6f91ce1d441937192ac0a6ec6e873a914d511427,MPT,MPT,other,unified_chip2/165747,1.787719447574488e-14,4.298324171499992e-15,1.0
7473a6a59e47ffb2857e060a6f91ce1d441937192ac0a6ec6e873a914d511427,Flan-T5,Flan-T5,other,unified_chip2/165747,0.0005074396613053977,0.9989970326423645,0.0004954865435138345
1f59c082d36de22e3d3bc1d3014d084857e62855e6926ae4db91a87c49d1359c,MPT,MPT,other,dolly_15k/closed_qa/1256,5.928487478712441e-09,8.538596262333553e-14,1.0
1f59c082d36de22e3d3bc1d3014d084857e62855e6926ae4db91a87c49d1359c,Flan-T5,Flan-T5,other,dolly_15k/closed_qa/1256,0.009687770158052444,0.9882335662841797,0.002078691031783819
1f59c082d36de22e3d3bc1d3014d084857e62855e6926ae4db91a87c49d1359c,ChatGLM,ChatGLM,other,dolly_15k/closed_qa/1256,0.5039649605751038,2.848061342319852e-09,0.49603497982025146
8860743de24598479da6f429a115b9809da7742b4a01d8439964e23ffbecf96e,ChatGLM,ChatGLM,other,unified_chip2/143895,1.0,3.994029025154895e-14,2.996090708862198e-09
8860743de24598479da6f429a115b9809da7742b4a01d8439964e23ffbecf96e,MPT,MPT,other,unified_chip2/143895,1.0809279871182298e-07,1.378879757769902e-12,0.9999998807907104
8860743de24598479da6f429a115b9809da7742b4a01d8439964e23ffbecf96e,Flan-T5,Flan-T5,other,unified_chip2/143895,1.5387911844300106e-05,0.999984622001648,9.251837518320372e-09
fbb4a9f4c37e3493a38283ed32c790a83ef1fba6222710056b965f1ac9087dd8,Flan-T5,Flan-T5,other,unified_chip2/24035,0.0030845075380057096,0.9948446750640869,0.0020708285737782717
fbb4a9f4c37e3493a38283ed32c790a83ef1fba6222710056b965f1ac9087dd8,MPT,MPT,other,unified_chip2/24035,2.6266483422549728e-17,2.7714918034160707e-16,1.0
fbb4a9f4c37e3493a38283ed32c790a83ef1fba6222710056b965f1ac9087dd8,ChatGLM,ChatGLM,other,unified_chip2/24035,1.0,2.5242506616102984e-17,6.676163621932574e-09
28359ca0801763c300457771dba34bfa5ea06153c3722b12ddfe62c9f7e45e74,MPT,MPT,other,unified_chip2/106080,3.687978040225197e-19,8.23077667467794e-21,1.0
28359ca0801763c300457771dba34bfa5ea06153c3722b12ddfe62c9f7e45e74,ChatGLM,Flan-T5,other,unified_chip2/106080,0.002438887022435665,0.9974149465560913,0.00014619861030951142
28359ca0801763c300457771dba34bfa5ea06153c3722b12ddfe62c9f7e45e74,Flan-T5,Flan-T5,other,unified_chip2/106080,3.3642095331742894e-06,0.9999964237213135,1.8089649245212058e-07
8a37adad4d292857b0c84945ad96750b1bf25d8a390eee6bee23ea985070944b,MPT,MPT,other,unified_chip2/34088,2.292780010293427e-08,3.4886372774670484e-16,1.0
8a37adad4d292857b0c84945ad96750b1bf25d8a390eee6bee23ea985070944b,ChatGLM,ChatGLM,other,unified_chip2/34088,1.0,1.0602797385935564e-15,2.8868156129457923e-11
8a37adad4d292857b0c84945ad96750b1bf25d8a390eee6bee23ea985070944b,Flan-T5,Flan-T5,other,unified_chip2/34088,7.417152119160164e-07,0.9999992847442627,5.885287812645856e-09
83f2eb5f1901ac164b384cd1b7e1cfe9af62a231b56d8ef5e224ac90a56266af,ChatGLM,ChatGLM,other,unified_chip2/106608,0.9991104006767273,1.1924057227719054e-11,0.0008895903592929244
83f2eb5f1901ac164b384cd1b7e1cfe9af62a231b56d8ef5e224ac90a56266af,Flan-T5,Flan-T5,other,unified_chip2/106608,0.3011287748813629,0.6985021829605103,0.0003690675657708198
83f2eb5f1901ac164b384cd1b7e1cfe9af62a231b56d8ef5e224ac90a56266af,MPT,MPT,other,unified_chip2/106608,5.805195542052388e-05,1.110823094528727e-16,0.9999419450759888
fc54d53c37270cc90e06697e340046ce94d2a6ad8f414db85904cf6c41730203,ChatGLM,ChatGLM,other,unified_chip2/87058,0.9999974966049194,1.6855787599023841e-12,2.4623955141578335e-06
fc54d53c37270cc90e06697e340046ce94d2a6ad8f414db85904cf6c41730203,Flan-T5,Flan-T5,other,unified_chip2/87058,0.0003546866646502167,0.99964439868927,8.912004432204412e-07
fc54d53c37270cc90e06697e340046ce94d2a6ad8f414db85904cf6c41730203,MPT,MPT,other,unified_chip2/87058,1.5199384506559e-06,1.2891436236648485e-13,0.9999984502792358
ea1b3dfad6f386eaa1e084a0d5b7e1ce6f70bd613116436f1f7cb027571d8b9d,ChatGLM,ChatGLM,other,unified_chip2/72047,0.999968409538269,1.116530256695114e-05,2.034176213783212e-05
ea1b3dfad6f386eaa1e084a0d5b7e1ce6f70bd613116436f1f7cb027571d8b9d,MPT,MPT,other,unified_chip2/72047,8.110946267923802e-14,6.029029814454134e-13,1.0
ea1b3dfad6f386eaa1e084a0d5b7e1ce6f70bd613116436f1f7cb027571d8b9d,Flan-T5,Flan-T5,other,unified_chip2/72047,3.6803501757276535e-07,0.9999996423721313,1.0262150157425154e-10
fa69bd5ddc8460f964a2df3fdb33407b7a14bdf6f632d6834898a6b87560e8c5,MPT,MPT,other,unified_chip2/15382,1.4799563140857824e-17,4.226283853796494e-21,1.0
fa69bd5ddc8460f964a2df3fdb33407b7a14bdf6f632d6834898a6b87560e8c5,Flan-T5,Flan-T5,other,unified_chip2/15382,9.855418284132611e-06,0.9999899864196777,2.0435979308786045e-07
fa69bd5ddc8460f964a2df3fdb33407b7a14bdf6f632d6834898a6b87560e8c5,ChatGLM,ChatGLM,other,unified_chip2/15382,1.0,7.821043356501396e-19,6.021162928193874e-15
24a6866d428d2eee12746c433db7b4c3602368d56f9664bf8164ae608ff5253c,Flan-T5,Flan-T5,other,unified_chip2/20838,4.457971954252571e-06,0.9999955892562866,4.2783485088015993e-11
24a6866d428d2eee12746c433db7b4c3602368d56f9664bf8164ae608ff5253c,MPT,MPT,other,unified_chip2/20838,9.192410721503563e-11,4.248306283041563e-14,1.0
24a6866d428d2eee12746c433db7b4c3602368d56f9664bf8164ae608ff5253c,ChatGLM,ChatGLM,other,unified_chip2/20838,1.0,2.512827728014255e-13,1.9029196274278348e-10
04874769d945401052fc5e39fef87c30c54891cdd54f8416c975f32950fb669f,ChatGLM,ChatGLM,other,unified_chip2/68877,0.9999996423721313,2.7454397804639596e-14,3.3195016158060753e-07
04874769d945401052fc5e39fef87c30c54891cdd54f8416c975f32950fb669f,Flan-T5,Flan-T5,other,unified_chip2/68877,0.005380113609135151,0.9946133494377136,6.537857643706957e-06
04874769d945401052fc5e39fef87c30c54891cdd54f8416c975f32950fb669f,MPT,MPT,other,unified_chip2/68877,3.2312141851065235e-10,1.654814281853718e-15,1.0
ea7148a61201e099d1ce1e7ee3652ba2a9d993c7957b67c0271060d271493f15,ChatGLM,ChatGLM,other,unified_chip2/50130,0.9999903440475464,1.7278526911468362e-06,7.937987902550958e-06
ea7148a61201e099d1ce1e7ee3652ba2a9d993c7957b67c0271060d271493f15,MPT,MPT,other,unified_chip2/50130,1.424930839988292e-09,7.0143895269795305e-15,1.0
ea7148a61201e099d1ce1e7ee3652ba2a9d993c7957b67c0271060d271493f15,Flan-T5,Flan-T5,other,unified_chip2/50130,8.19063643575646e-06,0.9999892711639404,2.5417170945729595e-06
5aaedac8966c539a0d0184e5051d816d37bcdb07b5db800b24963f31d8bdbc37,MPT,MPT,other,unified_chip2/77921,2.6941717806039378e-05,1.1543686200075204e-13,0.9999730587005615
5aaedac8966c539a0d0184e5051d816d37bcdb07b5db800b24963f31d8bdbc37,Flan-T5,Flan-T5,other,unified_chip2/77921,9.097760994336568e-06,0.999983549118042,7.398967227345565e-06
5aaedac8966c539a0d0184e5051d816d37bcdb07b5db800b24963f31d8bdbc37,ChatGLM,ChatGLM,other,unified_chip2/77921,0.9587135910987854,0.04128270223736763,3.6953010749130044e-06
e2769e7d00fc96c2521d465d6c9b1c2385b08e04bea67bef0d1be434736173c0,ChatGLM,ChatGLM,other,unified_chip2/2077,0.9999998807907104,1.264474606462861e-16,8.233107706701048e-08
e2769e7d00fc96c2521d465d6c9b1c2385b08e04bea67bef0d1be434736173c0,Flan-T5,Flan-T5,other,unified_chip2/2077,0.042881958186626434,0.9568244218826294,0.000293566903565079
e2769e7d00fc96c2521d465d6c9b1c2385b08e04bea67bef0d1be434736173c0,MPT,MPT,other,unified_chip2/2077,3.3978836411208135e-10,2.604620171818106e-15,1.0
90b2964c08c00e68415af43c56c1026a64924812c2300f6941187c49fa01f847,MPT,MPT,other,unified_chip2/143840,1.4019726135225397e-13,2.5182862344444542e-18,1.0
90b2964c08c00e68415af43c56c1026a64924812c2300f6941187c49fa01f847,Flan-T5,Flan-T5,other,unified_chip2/143840,0.0006063113687559962,0.9993826150894165,1.106457693822449e-05
90b2964c08c00e68415af43c56c1026a64924812c2300f6941187c49fa01f847,ChatGLM,ChatGLM,other,unified_chip2/143840,0.9994107484817505,0.0005886168219149113,6.446387033065548e-07
0a306b05cb957ae906b984ce57be3dca1dee0f4340815c02c968de2b95d9222d,Flan-T5,Flan-T5,other,unified_chip2/104222,3.314335351306541e-12,1.0,1.2864419815863948e-12
0a306b05cb957ae906b984ce57be3dca1dee0f4340815c02c968de2b95d9222d,MPT,MPT,other,unified_chip2/104222,7.56568696580473e-10,2.2158865020660556e-11,1.0
0a306b05cb957ae906b984ce57be3dca1dee0f4340815c02c968de2b95d9222d,ChatGLM,ChatGLM,other,unified_chip2/104222,1.0,4.4647296385154356e-14,2.8785986927459817e-09
b3455f19328846fdf2eda003af5dcdd167a7fe77b3e6bcca13324d5c417cd5fd,ChatGLM,ChatGLM,other,unified_chip2/138140,1.0,4.4403495341932404e-17,3.708356829891426e-15
b3455f19328846fdf2eda003af5dcdd167a7fe77b3e6bcca13324d5c417cd5fd,MPT,MPT,other,unified_chip2/138140,1.4762634448217682e-09,1.4279756557356846e-16,1.0
b3455f19328846fdf2eda003af5dcdd167a7fe77b3e6bcca13324d5c417cd5fd,Flan-T5,Flan-T5,other,unified_chip2/138140,3.609526899595039e-08,1.0,1.6541125136271262e-09
7eb963c5c5785e354af903cf98e9c8e6477a1f182a42f9a979bb7ea408d5233f,Flan-T5,Flan-T5,other,unified_chip2/165516,0.0026586137246340513,0.9973412156105042,1.2718315645088296e-07
7eb963c5c5785e354af903cf98e9c8e6477a1f182a42f9a979bb7ea408d5233f,ChatGLM,ChatGLM,other,unified_chip2/165516,0.9998936653137207,1.6364012922487348e-10,0.00010628069867379963
7eb963c5c5785e354af903cf98e9c8e6477a1f182a42f9a979bb7ea408d5233f,MPT,MPT,other,unified_chip2/165516,0.0003491142706479877,2.5620791702400322e-14,0.9996508359909058
ce71227235e66d595d872456a960ba717154da180208e83011c0b26b83c9b66f,ChatGLM,ChatGLM,other,unified_chip2/101184,1.0,1.6130195798296464e-14,1.028928497959214e-09
ce71227235e66d595d872456a960ba717154da180208e83011c0b26b83c9b66f,MPT,MPT,other,unified_chip2/101184,2.3575417174015456e-09,2.6404131901306717e-16,1.0
ce71227235e66d595d872456a960ba717154da180208e83011c0b26b83c9b66f,Flan-T5,Flan-T5,other,unified_chip2/101184,0.004362618084996939,0.9956373572349548,9.905046027824937e-08
8273e31e70f57c5fcb505e587daf4c1a1496eea881da4f9e8aac943534b6766f,MPT,MPT,other,unified_chip2/41206,7.52872198800531e-17,4.5019011189081075e-18,1.0
8273e31e70f57c5fcb505e587daf4c1a1496eea881da4f9e8aac943534b6766f,Flan-T5,Flan-T5,other,unified_chip2/41206,4.254028681316413e-06,0.9999954700469971,2.2632212903772597e-07
8273e31e70f57c5fcb505e587daf4c1a1496eea881da4f9e8aac943534b6766f,ChatGLM,MPT,other,unified_chip2/41206,0.39220383763313293,1.9940373796600852e-09,0.6077961325645447
10867a26d74c902c176fa1293230134dd6d6c09651aeeb4f9a9c13adf19f1178,Flan-T5,Flan-T5,other,unified_chip2/90098,0.002467086771503091,0.9975326061248779,2.4718482904972916e-07
10867a26d74c902c176fa1293230134dd6d6c09651aeeb4f9a9c13adf19f1178,ChatGLM,ChatGLM,other,unified_chip2/90098,1.0,3.1266784680013954e-14,6.77764511181067e-11
10867a26d74c902c176fa1293230134dd6d6c09651aeeb4f9a9c13adf19f1178,MPT,MPT,other,unified_chip2/90098,4.321360164236815e-14,8.854572072430626e-17,1.0
89b23cfa59708924cff67664c0561990d2c70d181d0d886d2b60863996c4d407,Flan-T5,Flan-T5,other,unified_chip2/15855,1.561852314146961e-09,1.0,4.687451815588162e-12
89b23cfa59708924cff67664c0561990d2c70d181d0d886d2b60863996c4d407,ChatGLM,ChatGLM,other,unified_chip2/15855,1.0,2.1122418254033125e-14,7.097344122185354e-15
89b23cfa59708924cff67664c0561990d2c70d181d0d886d2b60863996c4d407,MPT,Flan-T5,other,unified_chip2/15855,1.4555357097378874e-07,0.5120390057563782,0.4879608750343323
a458111ae642e1e990946d01910191bb38f3565b315f602b410e9d6d723e6e3b,Flan-T5,Flan-T5,other,unified_chip2/115453,1.2479045352620233e-08,1.0,1.4931858527411634e-10
a458111ae642e1e990946d01910191bb38f3565b315f602b410e9d6d723e6e3b,ChatGLM,ChatGLM,other,unified_chip2/115453,0.9624599814414978,0.037387337535619736,0.00015258164785336703
a458111ae642e1e990946d01910191bb38f3565b315f602b410e9d6d723e6e3b,MPT,MPT,other,unified_chip2/115453,6.324669260537874e-11,1.3705533855900036e-18,1.0
02505717e10935144e040c3c1f7925feae68f81b96fcbd1820cf66e476b08b51,Flan-T5,Flan-T5,other,unified_chip2/127980,1.310080222083343e-07,0.9999998807907104,3.54045098793776e-10
02505717e10935144e040c3c1f7925feae68f81b96fcbd1820cf66e476b08b51,MPT,MPT,other,unified_chip2/127980,5.195366803434354e-09,2.9345134322511512e-08,1.0
02505717e10935144e040c3c1f7925feae68f81b96fcbd1820cf66e476b08b51,ChatGLM,ChatGLM,other,unified_chip2/127980,0.9999991655349731,7.1768507803327e-11,8.124508212858927e-07
638e057469b139ddfcb483aee23d5a6a8f0bc4268e32d8a27a04fca294a06e68,Flan-T5,Flan-T5,other,unified_chip2/61838,0.0002654875861480832,0.9997344613075256,2.9792744271617266e-08
638e057469b139ddfcb483aee23d5a6a8f0bc4268e32d8a27a04fca294a06e68,MPT,MPT,other,unified_chip2/61838,2.250025036079628e-12,4.960017945444698e-16,1.0
638e057469b139ddfcb483aee23d5a6a8f0bc4268e32d8a27a04fca294a06e68,ChatGLM,ChatGLM,other,unified_chip2/61838,0.8091558814048767,3.638225484769997e-11,0.19084414839744568
050d477f6491961ad9b38a70a9829964f166a2b4831b920b309af1f738fc90c5,ChatGLM,ChatGLM,other,unified_chip2/138583,1.0,1.534329541403364e-14,1.6860300048465726e-12
050d477f6491961ad9b38a70a9829964f166a2b4831b920b309af1f738fc90c5,Flan-T5,Flan-T5,other,unified_chip2/138583,1.730955858647576e-07,0.9999998807907104,8.193878735240911e-12
050d477f6491961ad9b38a70a9829964f166a2b4831b920b309af1f738fc90c5,MPT,MPT,other,unified_chip2/138583,2.9495915043753484e-08,1.2292108249236516e-13,1.0
c82deb899602b1688d2e64047af4e10d53a4f402a6a48c362f1e22d3e0114593,MPT,MPT,other,unified_chip2/53433,4.66754461559828e-17,1.0340615533680943e-20,1.0
c82deb899602b1688d2e64047af4e10d53a4f402a6a48c362f1e22d3e0114593,Flan-T5,Flan-T5,other,unified_chip2/53433,0.00016737921396270394,0.9998255372047424,7.088143320288509e-06
c82deb899602b1688d2e64047af4e10d53a4f402a6a48c362f1e22d3e0114593,ChatGLM,ChatGLM,other,unified_chip2/53433,0.9999964237213135,7.927015988062891e-11,3.56462237505184e-06
859d69aecff74aa8410538c79be4af603c5d3b98a25782698dceb4f6734371d4,Flan-T5,ChatGLM,other,unified_chip2/128013,0.8894718289375305,0.11049629002809525,3.1893800041871145e-05
859d69aecff74aa8410538c79be4af603c5d3b98a25782698dceb4f6734371d4,ChatGLM,ChatGLM,other,unified_chip2/128013,0.9959595799446106,0.002216075547039509,0.0018243462545797229
859d69aecff74aa8410538c79be4af603c5d3b98a25782698dceb4f6734371d4,MPT,MPT,other,unified_chip2/128013,1.806464700049304e-11,3.576156840275069e-14,1.0
925acbfb2c89a7e4d8cf7eb424c04bd4e2f82613ab5a16e5880c696b05658b99,MPT,MPT,other,unified_chip2/82418,1.8830625947430235e-09,8.584605334435041e-16,1.0
925acbfb2c89a7e4d8cf7eb424c04bd4e2f82613ab5a16e5880c696b05658b99,Flan-T5,Flan-T5,other,unified_chip2/82418,8.19063643575646e-06,0.9999892711639404,2.5417170945729595e-06
925acbfb2c89a7e4d8cf7eb424c04bd4e2f82613ab5a16e5880c696b05658b99,ChatGLM,ChatGLM,other,unified_chip2/82418,0.9999998807907104,1.7862935946627275e-15,1.1341021632915727e-07
10f6d6d1bc5aa7337ff7990d45e03f375394330475abb790872764e328595e6b,ChatGLM,ChatGLM,other,unified_chip2/5436,0.9999984502792358,1.510039922963946e-12,1.55344446284289e-06
10f6d6d1bc5aa7337ff7990d45e03f375394330475abb790872764e328595e6b,MPT,MPT,other,unified_chip2/5436,3.5375396123527025e-07,5.677096379802515e-12,0.9999996423721313
10f6d6d1bc5aa7337ff7990d45e03f375394330475abb790872764e328595e6b,Flan-T5,Flan-T5,other,unified_chip2/5436,1.0606640898913611e-07,0.9999998807907104,6.556153953063415e-10
01313368dbd4ada5bc5c63e647d37e5abfab7165698637ae60c7788b4bbbe112,Flan-T5,Flan-T5,other,dolly_15k/open_qa/740,6.592122758775076e-08,0.9999998807907104,2.6232806149550925e-08
01313368dbd4ada5bc5c63e647d37e5abfab7165698637ae60c7788b4bbbe112,ChatGLM,ChatGLM,other,dolly_15k/open_qa/740,0.9982805252075195,1.3151869350525036e-11,0.0017195508116856217
01313368dbd4ada5bc5c63e647d37e5abfab7165698637ae60c7788b4bbbe112,MPT,MPT,other,dolly_15k/open_qa/740,3.138514906406327e-14,2.1922728863916878e-15,1.0
aa7a07efcef2d5e9b7bb4f38c9010d620795f2ab20d64c412b662344de3bdb84,ChatGLM,ChatGLM,other,unified_chip2/18360,0.9999936819076538,1.7935963315691278e-14,6.299399046838516e-06
aa7a07efcef2d5e9b7bb4f38c9010d620795f2ab20d64c412b662344de3bdb84,Flan-T5,Flan-T5,other,unified_chip2/18360,1.172185406517201e-07,0.9999998807907104,3.0601820990433515e-12
aa7a07efcef2d5e9b7bb4f38c9010d620795f2ab20d64c412b662344de3bdb84,MPT,MPT,other,unified_chip2/18360,0.10250119119882584,0.0036651177797466516,0.8938336968421936
9c8fba6cd47cf14a7604c57a4db8f587f28a29f2dfc77ee5b5a1bca0499f3f42,ChatGLM,ChatGLM,other,unified_chip2/58006,1.0,1.311164862460531e-15,1.9091237035695485e-08
9c8fba6cd47cf14a7604c57a4db8f587f28a29f2dfc77ee5b5a1bca0499f3f42,MPT,MPT,other,unified_chip2/58006,7.586484066825216e-13,1.6060973870331788e-17,1.0
9c8fba6cd47cf14a7604c57a4db8f587f28a29f2dfc77ee5b5a1bca0499f3f42,Flan-T5,Flan-T5,other,unified_chip2/58006,9.846218745224178e-05,0.999891996383667,9.538136509945616e-06
094b08569ddba0cd8c7c6439af0112d2337d9e42a9c3b18fbd7dcf153a77253d,MPT,MPT,other,unified_chip2/86377,1.8655818223578535e-08,3.394866310811595e-13,1.0
094b08569ddba0cd8c7c6439af0112d2337d9e42a9c3b18fbd7dcf153a77253d,Flan-T5,Flan-T5,other,unified_chip2/86377,3.957859917136375e-06,0.9999959468841553,7.822143288649386e-08
094b08569ddba0cd8c7c6439af0112d2337d9e42a9c3b18fbd7dcf153a77253d,ChatGLM,ChatGLM,other,unified_chip2/86377,0.997563362121582,8.770747683684021e-09,0.00243664113804698
d275509f26fde1ec9e37621a43173889efececf6eeb0751ecb0216454af82086,Flan-T5,Flan-T5,other,unified_chip2/120029,1.7820553921410465e-07,0.9999997615814209,6.86659673565515e-10
d275509f26fde1ec9e37621a43173889efececf6eeb0751ecb0216454af82086,MPT,MPT,other,unified_chip2/120029,3.2329555921251085e-08,1.860259687990525e-15,1.0
d275509f26fde1ec9e37621a43173889efececf6eeb0751ecb0216454af82086,ChatGLM,ChatGLM,other,unified_chip2/120029,1.0,9.206459337222114e-16,2.0586763196939195e-11
0c6ed887ae210754faa74a5d891a0991f7aad882d9708136d647b663dbcf5f8a,Flan-T5,Flan-T5,other,unified_chip2/22110,8.914503268897533e-05,0.9998787641525269,3.2122188713401556e-05
0c6ed887ae210754faa74a5d891a0991f7aad882d9708136d647b663dbcf5f8a,ChatGLM,ChatGLM,other,unified_chip2/22110,1.0,1.661430104604733e-08,1.649625880340011e-09
0c6ed887ae210754faa74a5d891a0991f7aad882d9708136d647b663dbcf5f8a,MPT,MPT,other,unified_chip2/22110,7.673529012208746e-08,7.289415619238845e-15,0.9999998807907104
1e9f89fb6d7cf9355b3a3d7fdcee079c2583c571221d2ccbff3a8282cf02d83a,ChatGLM,ChatGLM,other,unified_chip2/119174,0.999480664730072,0.0001875699672382325,0.0003318033996038139
1e9f89fb6d7cf9355b3a3d7fdcee079c2583c571221d2ccbff3a8282cf02d83a,MPT,MPT,other,unified_chip2/119174,8.470165901997007e-09,5.0701202134254e-13,1.0
1e9f89fb6d7cf9355b3a3d7fdcee079c2583c571221d2ccbff3a8282cf02d83a,Flan-T5,Flan-T5,other,unified_chip2/119174,2.803959978336934e-05,0.9999701976776123,1.7611467910683132e-06
88cb96eefdde94490c35c610bba2de74016b20d9e382eacdbeb18262302905a1,MPT,MPT,other,unified_chip2/23598,3.5411517468331155e-11,7.429494063467939e-17,1.0
88cb96eefdde94490c35c610bba2de74016b20d9e382eacdbeb18262302905a1,ChatGLM,ChatGLM,other,unified_chip2/23598,1.0,8.299453138627122e-12,8.24619095229906e-10
88cb96eefdde94490c35c610bba2de74016b20d9e382eacdbeb18262302905a1,Flan-T5,Flan-T5,other,unified_chip2/23598,1.0385990208305884e-05,0.9999847412109375,4.918230388284428e-06
1805cb04d1261af747466913e847a1f6cf1ad1db5c4639c7cc7ee3c0dc1d4c3f,ChatGLM,ChatGLM,other,unified_chip2/26107,1.0,8.46765284842968e-15,1.9077948856111027e-12
1805cb04d1261af747466913e847a1f6cf1ad1db5c4639c7cc7ee3c0dc1d4c3f,Flan-T5,Flan-T5,other,unified_chip2/26107,6.339500941976439e-06,0.9999803304672241,1.3356141607800964e-05
1805cb04d1261af747466913e847a1f6cf1ad1db5c4639c7cc7ee3c0dc1d4c3f,MPT,MPT,other,unified_chip2/26107,4.174851397920065e-08,5.756901777661215e-17,1.0
7e13aff2317d59067ff8b3deabe1b1fc2934f3199ac5f37d83b7a80b2be2ad33,MPT,MPT,other,unified_chip2/75342,1.981782793425424e-10,1.239883871020155e-18,1.0
7e13aff2317d59067ff8b3deabe1b1fc2934f3199ac5f37d83b7a80b2be2ad33,ChatGLM,ChatGLM,other,unified_chip2/75342,1.0,8.98852728901424e-16,6.545317760009439e-11
7e13aff2317d59067ff8b3deabe1b1fc2934f3199ac5f37d83b7a80b2be2ad33,Flan-T5,Flan-T5,other,unified_chip2/75342,8.879656547833292e-07,0.9999991655349731,2.1949340945053714e-13
5e6ae43a9f28b668b284f8e760607efdfaf08d5247c2c68d97794e8156180cae,MPT,MPT,other,unified_chip2/117287,6.225358561984251e-10,7.019632555043916e-16,1.0
5e6ae43a9f28b668b284f8e760607efdfaf08d5247c2c68d97794e8156180cae,Flan-T5,Flan-T5,other,unified_chip2/117287,8.19063643575646e-06,0.9999892711639404,2.5417170945729595e-06
5e6ae43a9f28b668b284f8e760607efdfaf08d5247c2c68d97794e8156180cae,ChatGLM,ChatGLM,other,unified_chip2/117287,0.999967098236084,1.020784910592265e-12,3.294061389169656e-05
39a2b1d2b4d764d05db0dba083f210db9bea77e253f61d7037823fc433d4c2c6,Flan-T5,Flan-T5,other,unified_chip2/108261,0.0016054935986176133,0.9981009364128113,0.00029362234636209905
39a2b1d2b4d764d05db0dba083f210db9bea77e253f61d7037823fc433d4c2c6,MPT,MPT,other,unified_chip2/108261,6.370557970036828e-10,5.022081044753733e-14,1.0
39a2b1d2b4d764d05db0dba083f210db9bea77e253f61d7037823fc433d4c2c6,ChatGLM,ChatGLM,other,unified_chip2/108261,0.9999884366989136,8.820668398164602e-14,1.162116586783668e-05
e407a6f3c049d4fa0c773f5fabf54e2cf50c038281aeffd3151624d1771b7015,Flan-T5,Flan-T5,other,unified_chip2/131795,1.2848189179237579e-08,1.0,1.396431581479618e-10
e407a6f3c049d4fa0c773f5fabf54e2cf50c038281aeffd3151624d1771b7015,MPT,MPT,other,unified_chip2/131795,4.856884209050727e-14,8.5779447780987e-12,1.0
e407a6f3c049d4fa0c773f5fabf54e2cf50c038281aeffd3151624d1771b7015,ChatGLM,ChatGLM,other,unified_chip2/131795,1.0,2.0565841374721797e-15,7.436541616875902e-13
0253f6176af36fb4197509430d478cbebe7854cbea6ba6b687be870acd6b9da0,ChatGLM,ChatGLM,other,unified_chip2/69879,0.9999178647994995,1.7992553003054468e-09,8.217157301260158e-05
0253f6176af36fb4197509430d478cbebe7854cbea6ba6b687be870acd6b9da0,MPT,MPT,other,unified_chip2/69879,7.323032832256063e-14,2.7475990368531003e-14,1.0
0253f6176af36fb4197509430d478cbebe7854cbea6ba6b687be870acd6b9da0,Flan-T5,Flan-T5,other,unified_chip2/69879,0.001469234237447381,0.9985030889511108,2.7639192921924405e-05
bf5025a84349f1d89f9a65fb85ae0eebe682a2065e5f5c0d96dfa4bfe53558df,ChatGLM,ChatGLM,other,unified_chip2/161176,0.9998793601989746,0.00011793553130701184,2.684984792722389e-06
bf5025a84349f1d89f9a65fb85ae0eebe682a2065e5f5c0d96dfa4bfe53558df,Flan-T5,Flan-T5,other,unified_chip2/161176,0.00012821110431104898,0.9998699426651001,1.8469388578523649e-06
bf5025a84349f1d89f9a65fb85ae0eebe682a2065e5f5c0d96dfa4bfe53558df,MPT,MPT,other,unified_chip2/161176,1.5382356499671346e-10,3.795354525112731e-16,1.0
261287d9602c9f401e1b89223e526e362a1d37b3bad182c8c5688fec777234e7,MPT,MPT,other,unified_chip2/68551,2.4662945019571225e-09,6.646590033589821e-15,1.0
261287d9602c9f401e1b89223e526e362a1d37b3bad182c8c5688fec777234e7,ChatGLM,ChatGLM,other,unified_chip2/68551,1.0,1.4716377530650526e-14,3.670167814107117e-08
261287d9602c9f401e1b89223e526e362a1d37b3bad182c8c5688fec777234e7,Flan-T5,Flan-T5,other,unified_chip2/68551,0.001049072714522481,0.9989013671875,4.956614793627523e-05
3ab77f631cf6334c734ca4a26df6d541f7fee3c72335104a19939af00a2b182a,ChatGLM,ChatGLM,other,unified_chip2/153051,1.0,3.8147653438902474e-14,2.4855226210540593e-10
3ab77f631cf6334c734ca4a26df6d541f7fee3c72335104a19939af00a2b182a,MPT,MPT,other,unified_chip2/153051,2.1288245282248888e-14,2.5063774789472896e-15,1.0
3ab77f631cf6334c734ca4a26df6d541f7fee3c72335104a19939af00a2b182a,Flan-T5,Flan-T5,other,unified_chip2/153051,0.0005074396613053977,0.9989970326423645,0.0004954865435138345
47af1c2d158ad4c709776e61756fec02433dfff9635545799408e84d91d4b711,ChatGLM,ChatGLM,other,unified_chip2/41977,1.0,2.7537339075678346e-09,3.917078661430651e-09
47af1c2d158ad4c709776e61756fec02433dfff9635545799408e84d91d4b711,MPT,MPT,other,unified_chip2/41977,7.047160596434089e-16,4.720431858212869e-20,1.0
47af1c2d158ad4c709776e61756fec02433dfff9635545799408e84d91d4b711,Flan-T5,Flan-T5,other,unified_chip2/41977,5.113476930773686e-08,1.0,5.2920965136135645e-14
c0638cf63b93226c630b3f3bba0f14d0e2652e4e3dd77308f545e3db6b3e3e50,MPT,MPT,other,unified_chip2/158296,6.428818116960625e-14,4.4896756376087575e-17,1.0
c0638cf63b93226c630b3f3bba0f14d0e2652e4e3dd77308f545e3db6b3e3e50,ChatGLM,ChatGLM,other,unified_chip2/158296,1.0,1.2047816535710088e-15,1.5691722227151317e-11
c0638cf63b93226c630b3f3bba0f14d0e2652e4e3dd77308f545e3db6b3e3e50,Flan-T5,Flan-T5,other,unified_chip2/158296,4.292815447115572e-06,0.9999957084655762,2.2039923219807633e-09
d91e56c390c003f33b43011726b78a0dd8f5de070008ce8e19fc76a57fbe409e,Flan-T5,Flan-T5,other,dolly_15k/classification/1057,0.0003994153521489352,0.9995108842849731,8.970970520749688e-05
d91e56c390c003f33b43011726b78a0dd8f5de070008ce8e19fc76a57fbe409e,ChatGLM,ChatGLM,other,dolly_15k/classification/1057,0.840920627117157,8.646702021053443e-09,0.15907935798168182
d91e56c390c003f33b43011726b78a0dd8f5de070008ce8e19fc76a57fbe409e,MPT,MPT,other,dolly_15k/classification/1057,1.266047320314101e-07,0.016269804909825325,0.983730137348175
6f0f6bb3ebc05395344371a46128d02d6fac39ea20ad7309d1b85cbc884a6a00,Flan-T5,Flan-T5,other,unified_chip2/9183,1.2860741804843201e-08,1.0,9.969929395947652e-12
6f0f6bb3ebc05395344371a46128d02d6fac39ea20ad7309d1b85cbc884a6a00,MPT,MPT,other,unified_chip2/9183,1.515637962357097e-11,1.910523978333311e-14,1.0
6f0f6bb3ebc05395344371a46128d02d6fac39ea20ad7309d1b85cbc884a6a00,ChatGLM,ChatGLM,other,unified_chip2/9183,0.9999982118606567,1.4065676574859243e-11,1.7849841924544307e-06
f18c6300c09ef6f058ec07c55e3067d39058542ffbdec28220ce4d7748410ddc,ChatGLM,ChatGLM,other,unified_chip2/126859,0.9988247752189636,0.0002615148259792477,0.0009136847220361233
f18c6300c09ef6f058ec07c55e3067d39058542ffbdec28220ce4d7748410ddc,Flan-T5,Flan-T5,other,unified_chip2/126859,1.7657087880706968e-07,0.9999998807907104,2.684165586466173e-14
f18c6300c09ef6f058ec07c55e3067d39058542ffbdec28220ce4d7748410ddc,MPT,MPT,other,unified_chip2/126859,8.079717372311279e-05,1.988339937142314e-09,0.9999191761016846
f5e45df5f3917bf738c920197c892cf4ded36b5820b576038501a432a42e6767,ChatGLM,ChatGLM,other,unified_chip2/13037,0.9992755055427551,1.1708550118783023e-05,0.0007128496072255075
f5e45df5f3917bf738c920197c892cf4ded36b5820b576038501a432a42e6767,Flan-T5,Flan-T5,other,unified_chip2/13037,4.670356065616943e-05,0.9999494552612305,3.848346750601195e-06
f5e45df5f3917bf738c920197c892cf4ded36b5820b576038501a432a42e6767,MPT,MPT,other,unified_chip2/13037,3.4001932363025844e-06,2.3981784100898664e-17,0.999996542930603
985e88b4b94451c113f79dd781238ad044b84371e2555873f9e8a742a93a9565,MPT,MPT,other,unified_chip2/75761,1.6405428448010295e-12,1.2044076455114041e-18,1.0
985e88b4b94451c113f79dd781238ad044b84371e2555873f9e8a742a93a9565,ChatGLM,ChatGLM,other,unified_chip2/75761,1.0,1.845219770979078e-15,2.272811050474388e-09
985e88b4b94451c113f79dd781238ad044b84371e2555873f9e8a742a93a9565,Flan-T5,Flan-T5,other,unified_chip2/75761,2.6129176600164783e-09,1.0,1.2320015613156293e-13
671dfa1d382c2f54e0f092b12d9de303d5db4d46cb373e8be8f2fce4fa98b9ed,ChatGLM,ChatGLM,other,unified_chip2/52368,0.9999995231628418,3.1132221637881347e-14,4.857089379584068e-07
671dfa1d382c2f54e0f092b12d9de303d5db4d46cb373e8be8f2fce4fa98b9ed,Flan-T5,Flan-T5,other,unified_chip2/52368,4.081304359715432e-05,0.9999583959579468,7.864743452046241e-07
671dfa1d382c2f54e0f092b12d9de303d5db4d46cb373e8be8f2fce4fa98b9ed,MPT,MPT,other,unified_chip2/52368,0.0001486560795456171,3.3252582545134635e-12,0.9998513460159302
e34fbd57d821945591a97265f249d0024f22d4d98c43012c61d022dca07092ff,Flan-T5,Flan-T5,other,unified_chip2/114880,0.0017445528646931052,0.992911159992218,0.00534425862133503
e34fbd57d821945591a97265f249d0024f22d4d98c43012c61d022dca07092ff,MPT,MPT,other,unified_chip2/114880,4.943915428157197e-06,2.731354935452189e-15,0.9999951124191284
e34fbd57d821945591a97265f249d0024f22d4d98c43012c61d022dca07092ff,ChatGLM,ChatGLM,other,unified_chip2/114880,0.9376348257064819,0.0037420305889099836,0.058623239398002625
2c706c260093cd85ed6a4a2381ba65049d91a94b58f9988829bf6796b219a2fc,MPT,MPT,other,unified_chip2/58633,2.2109514247858897e-05,1.0610717166015249e-11,0.9999779462814331
2c706c260093cd85ed6a4a2381ba65049d91a94b58f9988829bf6796b219a2fc,Flan-T5,Flan-T5,other,unified_chip2/58633,0.0006063113687559962,0.9993826150894165,1.106457693822449e-05
2c706c260093cd85ed6a4a2381ba65049d91a94b58f9988829bf6796b219a2fc,ChatGLM,ChatGLM,other,unified_chip2/58633,1.0,1.3707540538163447e-15,7.1497847642376655e-09
38b605527b7f80709090e0889d038c702373808a6a432b749f76032a24261083,MPT,MPT,other,unified_chip2/124949,1.5223311502989174e-14,1.2119979582097673e-19,1.0
38b605527b7f80709090e0889d038c702373808a6a432b749f76032a24261083,Flan-T5,Flan-T5,other,unified_chip2/124949,0.00025601196102797985,0.9997361302375793,7.894806003605481e-06
38b605527b7f80709090e0889d038c702373808a6a432b749f76032a24261083,ChatGLM,ChatGLM,other,unified_chip2/124949,1.0,6.928409224206996e-16,2.1591818111232897e-08
8ab20886303392b291dfea7e1ef47148db4f9dea18fa6cf809997158e7a75737,MPT,MPT,other,unified_chip2/165684,1.9489005000745616e-14,2.47744625965118e-19,1.0
8ab20886303392b291dfea7e1ef47148db4f9dea18fa6cf809997158e7a75737,Flan-T5,Flan-T5,other,unified_chip2/165684,1.5087186708284683e-11,1.0,1.0895129243237989e-09
8ab20886303392b291dfea7e1ef47148db4f9dea18fa6cf809997158e7a75737,ChatGLM,ChatGLM,other,unified_chip2/165684,1.0,7.578120531266663e-14,3.8332007790131684e-08
925ec3dcda6c2d0beb7261e10bbd37922d2bc818c55f4512b4ab86c5a12fed98,MPT,MPT,other,unified_chip2/3068,3.684497329459191e-08,1.3176487726168206e-14,1.0
925ec3dcda6c2d0beb7261e10bbd37922d2bc818c55f4512b4ab86c5a12fed98,Flan-T5,Flan-T5,other,unified_chip2/3068,1.2897498891106807e-06,0.9999986886978149,6.202863223059296e-11
925ec3dcda6c2d0beb7261e10bbd37922d2bc818c55f4512b4ab86c5a12fed98,ChatGLM,ChatGLM,other,unified_chip2/3068,0.9999986886978149,1.143077711478202e-12,1.3637202300742501e-06
b088c9fa8dc862f49f99028fdcc3fe7ea441cca4a1b10de4b89270b97060f0a3,MPT,MPT,other,unified_chip2/118749,1.0724761871768948e-13,7.221810822966024e-12,1.0
b088c9fa8dc862f49f99028fdcc3fe7ea441cca4a1b10de4b89270b97060f0a3,Flan-T5,Flan-T5,other,unified_chip2/118749,9.846218745224178e-05,0.999891996383667,9.538136509945616e-06
b088c9fa8dc862f49f99028fdcc3fe7ea441cca4a1b10de4b89270b97060f0a3,ChatGLM,ChatGLM,other,unified_chip2/118749,1.0,1.6605957602923438e-13,1.1981907022118321e-08
2f5c067753ef8e87e6553a1ef73e10d08e37ba1150d282f223e74dbb5a48c2eb,Flan-T5,Flan-T5,other,unified_chip2/60183,0.0006063113687559962,0.9993826150894165,1.106457693822449e-05
2f5c067753ef8e87e6553a1ef73e10d08e37ba1150d282f223e74dbb5a48c2eb,ChatGLM,ChatGLM,other,unified_chip2/60183,1.0,4.0331255407831797e-17,3.535833778545161e-11
2f5c067753ef8e87e6553a1ef73e10d08e37ba1150d282f223e74dbb5a48c2eb,MPT,MPT,other,unified_chip2/60183,2.871872357979033e-11,1.712213306569825e-18,1.0
435c46e54e165e285af590693d1e657f4994a2d37a39db4299d89c2824328eaa,ChatGLM,ChatGLM,other,unified_chip2/74541,0.9999979734420776,5.766875167098661e-15,2.055950062640477e-06
435c46e54e165e285af590693d1e657f4994a2d37a39db4299d89c2824328eaa,MPT,MPT,other,unified_chip2/74541,3.3707754469591844e-12,6.508113461012883e-17,1.0
435c46e54e165e285af590693d1e657f4994a2d37a39db4299d89c2824328eaa,Flan-T5,Flan-T5,other,unified_chip2/74541,0.002076797652989626,0.9968515038490295,0.0010716794058680534
4095787ce967fac5cf3c8135b962ee0a1254a84bcc9b9544361e04b48681a285,Flan-T5,Flan-T5,other,unified_chip2/114093,1.492474530095933e-05,0.9999778270721436,7.250158432725584e-06
4095787ce967fac5cf3c8135b962ee0a1254a84bcc9b9544361e04b48681a285,MPT,MPT,other,unified_chip2/114093,3.864832454070211e-09,3.1812392353618163e-18,1.0
4095787ce967fac5cf3c8135b962ee0a1254a84bcc9b9544361e04b48681a285,ChatGLM,ChatGLM,other,unified_chip2/114093,1.0,7.705195160749695e-19,7.522676465044828e-14
8de3b0f6e9d789ac334f82f45e7ed87583ae59870975832d2d686a0e7f2dad44,ChatGLM,ChatGLM,other,unified_chip2/4634,1.0,1.6344772757470594e-12,1.173876273963259e-10
8de3b0f6e9d789ac334f82f45e7ed87583ae59870975832d2d686a0e7f2dad44,Flan-T5,Flan-T5,other,unified_chip2/4634,0.00010141279199160635,0.9998985528945923,1.3955964384138042e-08
8de3b0f6e9d789ac334f82f45e7ed87583ae59870975832d2d686a0e7f2dad44,MPT,MPT,other,unified_chip2/4634,0.0001592404441908002,3.849990638793432e-12,0.9998407363891602
e06dc375dc21aafafc61ac5b8d5b801434b172a34abbb3bf7ee7c3b2e7d3a740,ChatGLM,MPT,other,unified_chip2/11249,1.5383509435196174e-06,4.265334196951187e-10,0.9999984502792358
e06dc375dc21aafafc61ac5b8d5b801434b172a34abbb3bf7ee7c3b2e7d3a740,MPT,MPT,other,unified_chip2/11249,1.7591771950264956e-07,7.431747816970258e-13,0.9999998807907104
e06dc375dc21aafafc61ac5b8d5b801434b172a34abbb3bf7ee7c3b2e7d3a740,Flan-T5,Flan-T5,other,unified_chip2/11249,0.0006782420095987618,0.9992647767066956,5.699396933778189e-05
2a11117f8dc455852a2044814abfe5409cbb08ad90763563be4ce0495a38ccbe,MPT,MPT,other,unified_chip2/69148,5.101444389669788e-16,2.653924984845427e-23,1.0
2a11117f8dc455852a2044814abfe5409cbb08ad90763563be4ce0495a38ccbe,Flan-T5,Flan-T5,other,unified_chip2/69148,0.2420850396156311,0.7579107880592346,4.224158601573436e-06
2a11117f8dc455852a2044814abfe5409cbb08ad90763563be4ce0495a38ccbe,ChatGLM,ChatGLM,other,unified_chip2/69148,1.0,5.459592634148527e-19,3.0524598318003738e-15
4869518547af3f0e80558947e15ed8b627d461d7dd58cb963a3a095b5de0c642,Flan-T5,Flan-T5,other,unified_chip2/160561,0.001064489595592022,0.998441755771637,0.0004937530611641705
4869518547af3f0e80558947e15ed8b627d461d7dd58cb963a3a095b5de0c642,MPT,ChatGLM,other,unified_chip2/160561,0.9999549388885498,1.2609754094228265e-06,4.375417120172642e-05
4869518547af3f0e80558947e15ed8b627d461d7dd58cb963a3a095b5de0c642,ChatGLM,ChatGLM,other,unified_chip2/160561,0.999981164932251,7.750875141709912e-08,1.8766486391541548e-05
6e9d6319f21518ab388aa0c45a11323f895f002e85aa5f176752f83c7c447d17,MPT,MPT,other,unified_chip2/160391,8.457114175630664e-11,4.2573041446336557e-13,1.0
6e9d6319f21518ab388aa0c45a11323f895f002e85aa5f176752f83c7c447d17,ChatGLM,ChatGLM,other,unified_chip2/160391,1.0,5.529215323443748e-13,3.2427453083849755e-11
6e9d6319f21518ab388aa0c45a11323f895f002e85aa5f176752f83c7c447d17,Flan-T5,Flan-T5,other,unified_chip2/160391,4.816819227926317e-07,0.9999995231628418,2.5168080952653327e-09
292e2ec44db3b6d2c2b1246661deacbcfd3268ae0e5e28864f30e1d462acfb51,ChatGLM,ChatGLM,other,unified_chip2/146272,0.9997410178184509,0.00014138272672425956,0.00011762740177800879
292e2ec44db3b6d2c2b1246661deacbcfd3268ae0e5e28864f30e1d462acfb51,Flan-T5,Flan-T5,other,unified_chip2/146272,0.003161888336762786,0.9955820441246033,0.0012560449540615082
292e2ec44db3b6d2c2b1246661deacbcfd3268ae0e5e28864f30e1d462acfb51,MPT,MPT,other,unified_chip2/146272,4.254069608577993e-06,0.0001488568668719381,0.9998468160629272
f9354280e9c5c49e1e4689fbb79dbb8bbde4dd48d08db7713788f4ca594051ff,MPT,MPT,writing,unified_chip2/23412,1.280587354229477e-14,3.641242190213109e-21,1.0
f9354280e9c5c49e1e4689fbb79dbb8bbde4dd48d08db7713788f4ca594051ff,Flan-T5,Flan-T5,writing,unified_chip2/23412,0.005539913661777973,0.9930061101913452,0.001453906879760325
f9354280e9c5c49e1e4689fbb79dbb8bbde4dd48d08db7713788f4ca594051ff,ChatGLM,ChatGLM,writing,unified_chip2/23412,0.9996100068092346,1.807587274305078e-10,0.00038998195668682456
4f97f47fc1a0ffb266e0fcdbd6b9f048096ea05dc61507f67f7b4e9a19da283b,MPT,MPT,other,dolly_15k/classification/211,6.087383486175213e-09,1.3107055588448824e-14,1.0
4f97f47fc1a0ffb266e0fcdbd6b9f048096ea05dc61507f67f7b4e9a19da283b,Flan-T5,Flan-T5,other,dolly_15k/classification/211,0.17293067276477814,0.8270688652992249,4.460918034965289e-07
4f97f47fc1a0ffb266e0fcdbd6b9f048096ea05dc61507f67f7b4e9a19da283b,ChatGLM,ChatGLM,other,dolly_15k/classification/211,0.9881718754768372,0.011827567592263222,6.45717591396533e-07
ee4e159db894e37797d5e2bd5126f20db437dc87c27d66155c2f1d38c6b887e7,MPT,MPT,other,unified_chip2/5471,1.3182548108670034e-10,4.3479356262740484e-20,1.0
ee4e159db894e37797d5e2bd5126f20db437dc87c27d66155c2f1d38c6b887e7,Flan-T5,Flan-T5,other,unified_chip2/5471,0.005045739002525806,0.9944077730178833,0.0005465334397740662
ee4e159db894e37797d5e2bd5126f20db437dc87c27d66155c2f1d38c6b887e7,ChatGLM,ChatGLM,other,unified_chip2/5471,1.0,1.0761952295921136e-17,5.502083164077298e-13
fbfd880bf6c4dcad2856a10ec6c6257d228a968a9d6a34177a0759adc919b9cd,Flan-T5,Flan-T5,other,unified_chip2/154524,6.781253614462912e-05,0.9999284744262695,3.7247309592203237e-06
fbfd880bf6c4dcad2856a10ec6c6257d228a968a9d6a34177a0759adc919b9cd,ChatGLM,ChatGLM,other,unified_chip2/154524,0.9996869564056396,3.776613353642655e-13,0.0003130969707854092
fbfd880bf6c4dcad2856a10ec6c6257d228a968a9d6a34177a0759adc919b9cd,MPT,MPT,other,unified_chip2/154524,1.7890525866315343e-11,1.792779114181617e-15,1.0
cfab9784a4e1b05a4ae7a83a5989b0f1720749ec3df75a6886f9f38fbc1e9325,ChatGLM,ChatGLM,other,dolly_15k/open_qa/3325,0.9999828338623047,1.3215841181829502e-12,1.719946158118546e-05
cfab9784a4e1b05a4ae7a83a5989b0f1720749ec3df75a6886f9f38fbc1e9325,Flan-T5,Flan-T5,other,dolly_15k/open_qa/3325,0.00022688797616865486,0.9997730851173401,1.2377865399315624e-09
cfab9784a4e1b05a4ae7a83a5989b0f1720749ec3df75a6886f9f38fbc1e9325,MPT,MPT,other,dolly_15k/open_qa/3325,5.784667883590444e-11,9.101175127111875e-17,1.0
4b84297da19b688533eeef2fca8dcb27580c944197733187168ff5b40a5a82ae,MPT,MPT,other,unified_chip2/164551,1.8266458224475146e-12,6.312023877885634e-16,1.0
4b84297da19b688533eeef2fca8dcb27580c944197733187168ff5b40a5a82ae,Flan-T5,Flan-T5,other,unified_chip2/164551,0.020832708105444908,0.979115903377533,5.1359493227209896e-05
4b84297da19b688533eeef2fca8dcb27580c944197733187168ff5b40a5a82ae,ChatGLM,ChatGLM,other,unified_chip2/164551,1.0,1.0102372438280092e-15,5.102824087756253e-13
ca84bc8a6847fc54a9b09753b0c5b25bc1e36cbf399fd4897b07661a5c6d4b16,MPT,MPT,other,unified_chip2/116487,1.8942666445836975e-12,8.223701271571133e-17,1.0
ca84bc8a6847fc54a9b09753b0c5b25bc1e36cbf399fd4897b07661a5c6d4b16,Flan-T5,Flan-T5,other,unified_chip2/116487,2.983328522532247e-05,0.9999701976776123,3.967028927576166e-09
ca84bc8a6847fc54a9b09753b0c5b25bc1e36cbf399fd4897b07661a5c6d4b16,ChatGLM,ChatGLM,other,unified_chip2/116487,1.0,1.4946618942524026e-10,2.6220428606116286e-10
6ad705ad5b42ae78bf5b407d19b011347c21d4cd5f9aa43ccbf11957cb8e9484,MPT,MPT,other,dolly_15k/open_qa/711,2.1256907345446052e-08,1.7976745675700527e-16,1.0
6ad705ad5b42ae78bf5b407d19b011347c21d4cd5f9aa43ccbf11957cb8e9484,Flan-T5,Flan-T5,other,dolly_15k/open_qa/711,0.06672105193138123,0.9332766532897949,2.3145385057432577e-06
6ad705ad5b42ae78bf5b407d19b011347c21d4cd5f9aa43ccbf11957cb8e9484,ChatGLM,ChatGLM,other,dolly_15k/open_qa/711,0.9999995231628418,6.078450098812027e-08,3.3736958471308753e-07
d970ef118d9bd6cf913b94eb7819eaf3dba0807a5cc7ed80531affc086333d8c,Flan-T5,Flan-T5,other,unified_chip2/92296,5.606337794006322e-08,1.0,5.659843253791319e-12
d970ef118d9bd6cf913b94eb7819eaf3dba0807a5cc7ed80531affc086333d8c,MPT,MPT,other,unified_chip2/92296,2.050011505908621e-16,7.094166458231395e-18,1.0
d970ef118d9bd6cf913b94eb7819eaf3dba0807a5cc7ed80531affc086333d8c,ChatGLM,ChatGLM,other,unified_chip2/92296,0.9995381832122803,0.0004614008648786694,5.069360327070171e-07
73fe98833d69c4b2f1040ec72d2e3f5ecd13328448b60a20fcf2852fe13147a0,Flan-T5,Flan-T5,other,unified_chip2/103144,1.144256088991824e-06,0.9999988079071045,2.6480512005377932e-08
73fe98833d69c4b2f1040ec72d2e3f5ecd13328448b60a20fcf2852fe13147a0,MPT,MPT,other,unified_chip2/103144,5.117340145383009e-12,5.501219671294645e-18,1.0
73fe98833d69c4b2f1040ec72d2e3f5ecd13328448b60a20fcf2852fe13147a0,ChatGLM,ChatGLM,other,unified_chip2/103144,1.0,1.0459466917524165e-14,2.033659872446858e-11
2931ffe5a0ffb40e8b742ba1a66a82060fb8bb0c151d0420df7556257de85db6,Flan-T5,Flan-T5,other,dolly_15k/open_qa/1142,0.00019782796152867377,0.9998013377189636,8.397854571740027e-07
2931ffe5a0ffb40e8b742ba1a66a82060fb8bb0c151d0420df7556257de85db6,ChatGLM,ChatGLM,other,dolly_15k/open_qa/1142,0.9999958276748657,3.6270493553036687e-11,4.16144257542328e-06
2931ffe5a0ffb40e8b742ba1a66a82060fb8bb0c151d0420df7556257de85db6,MPT,MPT,other,dolly_15k/open_qa/1142,7.510369215424362e-08,1.298163770296737e-17,0.9999998807907104
5381ca427ea96021a783ba448e38f497a73a790a145c6527bf4396ff979f4248,MPT,MPT,other,unified_chip2/48421,2.5807673597992575e-13,7.168548358709511e-16,1.0
5381ca427ea96021a783ba448e38f497a73a790a145c6527bf4396ff979f4248,ChatGLM,ChatGLM,other,unified_chip2/48421,0.7896910905838013,0.2102220505475998,8.693686686456203e-05
5381ca427ea96021a783ba448e38f497a73a790a145c6527bf4396ff979f4248,Flan-T5,Flan-T5,other,unified_chip2/48421,2.660278141775052e-06,0.9999972581863403,3.7336114644404006e-08
005c63e57076fbdea4e163d166b6d441c367dfe19b3e661d59bbcd544abaa4cb,MPT,MPT,other,unified_chip2/42528,2.203199400696576e-09,1.4878876195839613e-16,1.0
005c63e57076fbdea4e163d166b6d441c367dfe19b3e661d59bbcd544abaa4cb,ChatGLM,ChatGLM,other,unified_chip2/42528,0.9998366832733154,0.0001434865698684007,1.9835664716083556e-05
005c63e57076fbdea4e163d166b6d441c367dfe19b3e661d59bbcd544abaa4cb,Flan-T5,Flan-T5,other,unified_chip2/42528,0.008866721764206886,0.9859484434127808,0.005184842273592949
0010996c9e9f981ca1b92e35ebc5c26f8b56db31699326c127432a604f27489b,Flan-T5,Flan-T5,other,unified_chip2/89997,0.014682749286293983,0.9841347336769104,0.0011825715191662312
0010996c9e9f981ca1b92e35ebc5c26f8b56db31699326c127432a604f27489b,ChatGLM,ChatGLM,other,unified_chip2/89997,0.9999998807907104,2.0692430448688952e-14,1.4468733411376888e-07
0010996c9e9f981ca1b92e35ebc5c26f8b56db31699326c127432a604f27489b,MPT,MPT,other,unified_chip2/89997,3.677657973602766e-16,2.3021569353917713e-16,1.0
645f90ac2070d501b24d704b4b943080a28008a06618697bde740cf21a5f13dd,ChatGLM,ChatGLM,other,unified_chip2/63967,1.0,7.328153708852092e-12,4.396307762277729e-10
645f90ac2070d501b24d704b4b943080a28008a06618697bde740cf21a5f13dd,MPT,MPT,other,unified_chip2/63967,2.8239245608574493e-08,8.161094196268426e-12,1.0
645f90ac2070d501b24d704b4b943080a28008a06618697bde740cf21a5f13dd,Flan-T5,Flan-T5,other,unified_chip2/63967,5.54898463178688e-07,0.9999994039535522,5.7038304634993153e-11
9bb5d74d6c790b7f67327b58ab215cfaa696152e066cd890067258cb3800cb05,MPT,MPT,other,dolly_15k/open_qa/635,0.002167002996429801,2.904906783868233e-12,0.9978329539299011
9bb5d74d6c790b7f67327b58ab215cfaa696152e066cd890067258cb3800cb05,ChatGLM,ChatGLM,other,dolly_15k/open_qa/635,0.9998528957366943,6.135155672382098e-07,0.00014654561528004706
9bb5d74d6c790b7f67327b58ab215cfaa696152e066cd890067258cb3800cb05,Flan-T5,Flan-T5,other,dolly_15k/open_qa/635,0.00016383016190957278,0.9998352527618408,9.029889156408899e-07
a7cd27b951b7848a79232273c6c2bc4624c89dcf348aab596d4b2c4bc8e8f3ec,ChatGLM,ChatGLM,other,unified_chip2/9307,0.9999823570251465,2.623234528903451e-12,1.759560836944729e-05
a7cd27b951b7848a79232273c6c2bc4624c89dcf348aab596d4b2c4bc8e8f3ec,MPT,MPT,other,unified_chip2/9307,1.804390512873122e-12,7.14970183751662e-13,1.0
a7cd27b951b7848a79232273c6c2bc4624c89dcf348aab596d4b2c4bc8e8f3ec,Flan-T5,Flan-T5,other,unified_chip2/9307,1.1683376897053677e-06,0.9999988079071045,4.37680586218292e-11
e1494cba5e2a47beb1530c4ee066b759a925eca22e20256669d42c5fec7583a0,ChatGLM,ChatGLM,other,unified_chip2/19315,0.999929666519165,1.7002997620974014e-10,7.02723627910018e-05
e1494cba5e2a47beb1530c4ee066b759a925eca22e20256669d42c5fec7583a0,Flan-T5,Flan-T5,other,unified_chip2/19315,0.004572034347802401,0.9954251646995544,2.806288875945029e-06
e1494cba5e2a47beb1530c4ee066b759a925eca22e20256669d42c5fec7583a0,MPT,MPT,other,unified_chip2/19315,2.6204806999885477e-05,8.965314351094735e-16,0.9999737739562988
84211bae013b772761e85f02583ff86fa4924d60e59f6a2c54e0b15e77b65bac,ChatGLM,ChatGLM,other,unified_chip2/108145,1.0,8.243493561377324e-12,5.692845847504735e-11
84211bae013b772761e85f02583ff86fa4924d60e59f6a2c54e0b15e77b65bac,Flan-T5,Flan-T5,other,unified_chip2/108145,0.0003822226426564157,0.9996176958084106,9.001286116472329e-08
84211bae013b772761e85f02583ff86fa4924d60e59f6a2c54e0b15e77b65bac,MPT,MPT,other,unified_chip2/108145,3.60389426634633e-11,7.14504213563202e-16,1.0
c95f29adc9014ab4074e8611a991810c87b92c586494a0beede13c48aa29d051,Flan-T5,Flan-T5,other,unified_chip2/42580,0.0010905989911407232,0.9989092350006104,1.6881043052308087e-07
c95f29adc9014ab4074e8611a991810c87b92c586494a0beede13c48aa29d051,MPT,MPT,other,unified_chip2/42580,2.6515034612373256e-10,3.113364888839747e-15,1.0
c95f29adc9014ab4074e8611a991810c87b92c586494a0beede13c48aa29d051,ChatGLM,MPT,other,unified_chip2/42580,0.000873375334776938,0.018110128119587898,0.9810164570808411
9400dd6da2f0f76f3ecbefc0f33dd6563fd018bbd4ec877896ad55e4f1368f42,ChatGLM,MPT,other,unified_chip2/114977,0.025714892894029617,0.0733819231390953,0.9009032249450684
9400dd6da2f0f76f3ecbefc0f33dd6563fd018bbd4ec877896ad55e4f1368f42,MPT,MPT,other,unified_chip2/114977,4.083639689963538e-14,2.4205163155939513e-13,1.0
9400dd6da2f0f76f3ecbefc0f33dd6563fd018bbd4ec877896ad55e4f1368f42,Flan-T5,Flan-T5,other,unified_chip2/114977,3.022160655063999e-08,1.0,8.338812418351438e-10
2686ce7308f8f359e86a527ab606d5bd4f40facb18aa45c9fa204a19a9bc0459,MPT,ChatGLM,other,dolly_15k/open_qa/3167,0.8574334979057312,0.002373140538111329,0.14019343256950378
2686ce7308f8f359e86a527ab606d5bd4f40facb18aa45c9fa204a19a9bc0459,Flan-T5,Flan-T5,other,dolly_15k/open_qa/3167,0.10219927877187729,0.8978005051612854,1.693485387477267e-07
2686ce7308f8f359e86a527ab606d5bd4f40facb18aa45c9fa204a19a9bc0459,ChatGLM,ChatGLM,other,dolly_15k/open_qa/3167,1.0,3.1327358970687424e-15,2.1451734832922398e-10
de50b3bbbe35835bafab54d652b0df0bbe3a82742b889e16c2ec12781a11a747,MPT,MPT,other,unified_chip2/1229,7.16461612260133e-11,7.642478433412224e-15,1.0
de50b3bbbe35835bafab54d652b0df0bbe3a82742b889e16c2ec12781a11a747,ChatGLM,ChatGLM,other,unified_chip2/1229,1.0,1.1166133122297861e-11,1.1054640758345613e-08
de50b3bbbe35835bafab54d652b0df0bbe3a82742b889e16c2ec12781a11a747,Flan-T5,Flan-T5,other,unified_chip2/1229,4.350807785158395e-07,0.9999995231628418,4.922452029321178e-11
862dae69e623ce6bdd7929b140ab425c62448a6b61268e777e4ac52e8f7adcd9,ChatGLM,ChatGLM,other,unified_chip2/96821,0.9999998807907104,6.453683616160222e-14,1.1325381876758911e-07
862dae69e623ce6bdd7929b140ab425c62448a6b61268e777e4ac52e8f7adcd9,MPT,MPT,other,unified_chip2/96821,3.881240754288561e-16,7.640771749704651e-19,1.0
862dae69e623ce6bdd7929b140ab425c62448a6b61268e777e4ac52e8f7adcd9,Flan-T5,Flan-T5,other,unified_chip2/96821,8.19063643575646e-06,0.9999892711639404,2.5417170945729595e-06
957458b8d3ce2fd980f93401f37c473cb47c1c22bcf91a6857741a8afc6ce16a,MPT,MPT,other,unified_chip2/132272,1.8607232421530284e-09,4.017530801309413e-14,1.0
957458b8d3ce2fd980f93401f37c473cb47c1c22bcf91a6857741a8afc6ce16a,Flan-T5,ChatGLM,other,unified_chip2/132272,0.7437840104103088,0.25621581077575684,2.0464085537241772e-07
957458b8d3ce2fd980f93401f37c473cb47c1c22bcf91a6857741a8afc6ce16a,ChatGLM,ChatGLM,other,unified_chip2/132272,0.9999991655349731,1.282717811498411e-14,7.808838518030825e-07
4c568b108c786ebff2ca047c9548d2c1fc0005fbefc5dfa648d5bc577f5ae8b6,MPT,MPT,other,unified_chip2/46357,5.975599067197375e-17,8.337578763280165e-16,1.0
4c568b108c786ebff2ca047c9548d2c1fc0005fbefc5dfa648d5bc577f5ae8b6,Flan-T5,Flan-T5,other,unified_chip2/46357,1.9940866877732333e-06,0.9999979734420776,2.8224635961748845e-09
4c568b108c786ebff2ca047c9548d2c1fc0005fbefc5dfa648d5bc577f5ae8b6,ChatGLM,ChatGLM,other,unified_chip2/46357,1.0,1.1822405034112027e-12,6.23822868361934e-11
053881fb99dc4d8146c10efe3980bf9db7a71f672b5d7d83f9d807084b7e297d,MPT,MPT,other,unified_chip2/162551,2.650574258775823e-13,1.6162779461711442e-14,1.0
053881fb99dc4d8146c10efe3980bf9db7a71f672b5d7d83f9d807084b7e297d,ChatGLM,ChatGLM,other,unified_chip2/162551,0.9999988079071045,1.7313978213379794e-13,1.2131781659263652e-06
053881fb99dc4d8146c10efe3980bf9db7a71f672b5d7d83f9d807084b7e297d,Flan-T5,Flan-T5,other,unified_chip2/162551,0.0623462088406086,0.9359897971153259,0.0016640204703435302
552296d71f177fe2a8ca7618c4cd9b19086f19e6f9fb6e4dc512733ebf62b6b0,Flan-T5,Flan-T5,other,dolly_15k/general_qa/2127,2.0931107428623363e-05,0.99997878074646,2.6221809434900933e-07
552296d71f177fe2a8ca7618c4cd9b19086f19e6f9fb6e4dc512733ebf62b6b0,ChatGLM,ChatGLM,other,dolly_15k/general_qa/2127,0.9999990463256836,5.365840820559242e-07,3.643313846168894e-07
552296d71f177fe2a8ca7618c4cd9b19086f19e6f9fb6e4dc512733ebf62b6b0,MPT,MPT,other,dolly_15k/general_qa/2127,1.7283331544604152e-05,1.4140215555532784e-14,0.9999827146530151
368264210fe3da6cdc37458b72c6b39369bf68d5bb428d56397fc689fe7ef472,Flan-T5,Flan-T5,other,unified_chip2/15429,0.0055422610603272915,0.9929485321044922,0.0015092225512489676
368264210fe3da6cdc37458b72c6b39369bf68d5bb428d56397fc689fe7ef472,MPT,MPT,other,unified_chip2/15429,1.6468664654212262e-08,1.2108181124403927e-10,1.0
368264210fe3da6cdc37458b72c6b39369bf68d5bb428d56397fc689fe7ef472,ChatGLM,ChatGLM,other,unified_chip2/15429,1.0,2.0646995398110324e-12,3.6794671753881403e-09
bebba6586df02d4922d5b1f1d4bec51677bab693c89c2641c8e4f1fa046ab27c,ChatGLM,ChatGLM,other,unified_chip2/108821,0.9998471736907959,1.1935612747038249e-06,0.00015164179785642773
bebba6586df02d4922d5b1f1d4bec51677bab693c89c2641c8e4f1fa046ab27c,MPT,MPT,other,unified_chip2/108821,1.5646191968698986e-06,4.9035950267731915e-14,0.9999984502792358
bebba6586df02d4922d5b1f1d4bec51677bab693c89c2641c8e4f1fa046ab27c,Flan-T5,Flan-T5,other,unified_chip2/108821,0.003761949250474572,0.9958943128585815,0.0003436939441598952
970dba858d72326c2e4c5d4729f37091f3cd17a2330be3783588d23818d33772,ChatGLM,ChatGLM,other,unified_chip2/89129,1.0,6.0724401852382814e-15,2.7249981784938093e-12
970dba858d72326c2e4c5d4729f37091f3cd17a2330be3783588d23818d33772,MPT,MPT,other,unified_chip2/89129,6.255201245863873e-09,7.83174709844325e-15,1.0
970dba858d72326c2e4c5d4729f37091f3cd17a2330be3783588d23818d33772,Flan-T5,Flan-T5,other,unified_chip2/89129,5.281223138808855e-07,0.9999995231628418,1.2315588826528057e-10
a0a6a8663e35082073b8e7c97e0940760827d35175010a7fa2fd526de3696f82,MPT,MPT,other,unified_chip2/70360,2.772670315565051e-09,1.0659369657691495e-15,1.0
a0a6a8663e35082073b8e7c97e0940760827d35175010a7fa2fd526de3696f82,Flan-T5,Flan-T5,other,unified_chip2/70360,0.0017380497884005308,0.9982194304466248,4.246989919920452e-05
a0a6a8663e35082073b8e7c97e0940760827d35175010a7fa2fd526de3696f82,ChatGLM,ChatGLM,other,unified_chip2/70360,0.9999053478240967,4.689859633799642e-05,4.781464667757973e-05
840a3acdb3eeb44037908a25799afd53d4b222e974a82b25562ca38cc3b1dfe4,MPT,MPT,other,unified_chip2/33057,9.6242657940393e-12,3.1489394425321393e-12,1.0
840a3acdb3eeb44037908a25799afd53d4b222e974a82b25562ca38cc3b1dfe4,ChatGLM,ChatGLM,other,unified_chip2/33057,0.9999998807907104,2.7130265122847002e-17,6.417982234552255e-08
840a3acdb3eeb44037908a25799afd53d4b222e974a82b25562ca38cc3b1dfe4,Flan-T5,Flan-T5,other,unified_chip2/33057,1.4567925177288998e-07,0.9999998807907104,4.0424330549626575e-11
a89bf1dda00491b066c91dae7b0c64b93fab6ce975daa4cdc359fae1a16de775,Flan-T5,Flan-T5,other,unified_chip2/158087,0.0007200149120762944,0.999091386795044,0.0001885985693661496
a89bf1dda00491b066c91dae7b0c64b93fab6ce975daa4cdc359fae1a16de775,MPT,MPT,other,unified_chip2/158087,3.027419666068454e-07,6.055084276861133e-13,0.9999996423721313
a89bf1dda00491b066c91dae7b0c64b93fab6ce975daa4cdc359fae1a16de775,ChatGLM,ChatGLM,other,unified_chip2/158087,0.9999997615814209,4.278323355311198e-12,2.1319218035387166e-07
0ff6d9b11b7e0a25e79c2cb3abf95ca1ae60e9eae90bac099040d9e4926fee0b,MPT,MPT,other,unified_chip2/136491,1.892415533592691e-18,1.0638945209012546e-21,1.0
0ff6d9b11b7e0a25e79c2cb3abf95ca1ae60e9eae90bac099040d9e4926fee0b,ChatGLM,ChatGLM,other,unified_chip2/136491,1.0,3.385034824803803e-15,2.02686978312272e-09
0ff6d9b11b7e0a25e79c2cb3abf95ca1ae60e9eae90bac099040d9e4926fee0b,Flan-T5,Flan-T5,other,unified_chip2/136491,8.19063643575646e-06,0.9999892711639404,2.5417170945729595e-06
14fc473d75cfde66bb0f0af17331be5a8420923d40dc30aa8eb55b8ad4bd39ca,MPT,MPT,other,dolly_15k/classification/905,1.1664228610763772e-12,7.0583018325475616e-15,1.0
14fc473d75cfde66bb0f0af17331be5a8420923d40dc30aa8eb55b8ad4bd39ca,Flan-T5,Flan-T5,other,dolly_15k/classification/905,0.0003994153521489352,0.9995108842849731,8.970970520749688e-05
14fc473d75cfde66bb0f0af17331be5a8420923d40dc30aa8eb55b8ad4bd39ca,ChatGLM,ChatGLM,other,dolly_15k/classification/905,0.9999909400939941,8.798403541732114e-06,1.9664958017528988e-07
2a0637aca6a1cd6bda7073232420997a6149fe194c5de1fd038a814776693be5,ChatGLM,ChatGLM,other,unified_chip2/158019,1.0,3.415032496630814e-16,3.248135701378052e-12
2a0637aca6a1cd6bda7073232420997a6149fe194c5de1fd038a814776693be5,Flan-T5,Flan-T5,other,unified_chip2/158019,0.005069636274129152,0.9949275255203247,2.791370206978172e-06
2a0637aca6a1cd6bda7073232420997a6149fe194c5de1fd038a814776693be5,MPT,MPT,other,unified_chip2/158019,2.0569707233093065e-13,1.2796686834707087e-15,1.0
baf540235f31d1b44e7214b600b49ae6d65d10d29e8485b9ae653af4275bba2c,ChatGLM,ChatGLM,other,unified_chip2/134013,1.0,4.35366044430896e-13,1.4152206073703155e-09
baf540235f31d1b44e7214b600b49ae6d65d10d29e8485b9ae653af4275bba2c,Flan-T5,Flan-T5,other,unified_chip2/134013,2.036856905363038e-09,1.0,4.430720790260523e-10
baf540235f31d1b44e7214b600b49ae6d65d10d29e8485b9ae653af4275bba2c,MPT,MPT,other,unified_chip2/134013,2.850755558433352e-16,5.5846548981410316e-18,1.0
b3191a711a6abeb1045c879399bd458ee0a6417fc8512154a7a9c95f521dc61e,MPT,MPT,other,unified_chip2/119076,0.0019373750546947122,5.021400539817478e-08,0.9980626702308655
b3191a711a6abeb1045c879399bd458ee0a6417fc8512154a7a9c95f521dc61e,Flan-T5,Flan-T5,other,unified_chip2/119076,8.19063643575646e-06,0.9999892711639404,2.5417170945729595e-06
b3191a711a6abeb1045c879399bd458ee0a6417fc8512154a7a9c95f521dc61e,ChatGLM,ChatGLM,other,unified_chip2/119076,0.9999966621398926,3.626291628089362e-11,3.3083531434385804e-06
af0d4fa4e2421366073b38372bdedd6b75024d21d36804425aa4c75d586df29e,MPT,MPT,other,unified_chip2/128539,1.0396070138085634e-06,2.485594716161721e-11,0.999998927116394
af0d4fa4e2421366073b38372bdedd6b75024d21d36804425aa4c75d586df29e,Flan-T5,Flan-T5,other,unified_chip2/128539,0.04322078078985214,0.9379827976226807,0.018796397373080254
af0d4fa4e2421366073b38372bdedd6b75024d21d36804425aa4c75d586df29e,ChatGLM,ChatGLM,other,unified_chip2/128539,0.7896453738212585,0.20550690591335297,0.00484776496887207
0eb93403e43599105dbb8c89e0d5969da287eb4acdc220f108fba65adbb950f6,MPT,MPT,other,unified_chip2/155491,1.8982153626723175e-09,5.3584012362850944e-14,1.0
0eb93403e43599105dbb8c89e0d5969da287eb4acdc220f108fba65adbb950f6,Flan-T5,Flan-T5,other,unified_chip2/155491,2.0416348434082465e-07,0.9999997615814209,2.0126924571428617e-09
0eb93403e43599105dbb8c89e0d5969da287eb4acdc220f108fba65adbb950f6,ChatGLM,ChatGLM,other,unified_chip2/155491,0.9999998807907104,9.922440646903397e-09,1.1501163754701338e-07
8d8c2499d758597e1653c8eb8cdd2fa74b6b8606056a1706c3e445b419fe369d,Flan-T5,Flan-T5,other,unified_chip2/84370,0.1373569518327713,0.8553899526596069,0.007253143470734358
8d8c2499d758597e1653c8eb8cdd2fa74b6b8606056a1706c3e445b419fe369d,MPT,MPT,other,unified_chip2/84370,8.189741338435544e-15,8.458766149324002e-17,1.0
8d8c2499d758597e1653c8eb8cdd2fa74b6b8606056a1706c3e445b419fe369d,ChatGLM,ChatGLM,other,unified_chip2/84370,0.6073283553123474,0.3925847113132477,8.691987750353292e-05
a80f50a92aa6a868e1593d0bf69c4143f25688f0f29bd3ed7b4fbb386b183896,ChatGLM,ChatGLM,other,unified_chip2/148092,0.772392749786377,0.2267765998840332,0.0008306577219627798
a80f50a92aa6a868e1593d0bf69c4143f25688f0f29bd3ed7b4fbb386b183896,Flan-T5,Flan-T5,other,unified_chip2/148092,3.2545783597015543e-06,0.9999967813491821,3.2654550174981978e-09
a80f50a92aa6a868e1593d0bf69c4143f25688f0f29bd3ed7b4fbb386b183896,MPT,MPT,other,unified_chip2/148092,3.5368860618056885e-11,8.128772584518537e-14,1.0
a87c38da934938c7abe0da9807b6151ba3b505c5fdfda287c1dc40c03389743d,MPT,MPT,other,dolly_15k/open_qa/360,1.5020029877632624e-06,1.3756310757173651e-08,0.9999984502792358
a87c38da934938c7abe0da9807b6151ba3b505c5fdfda287c1dc40c03389743d,ChatGLM,ChatGLM,other,dolly_15k/open_qa/360,0.9999785423278809,2.1395881049102172e-05,1.3753775363056775e-07
a87c38da934938c7abe0da9807b6151ba3b505c5fdfda287c1dc40c03389743d,Flan-T5,Flan-T5,other,dolly_15k/open_qa/360,0.0005844247643835843,0.9994155168533325,1.5771878025816477e-08
735132aa88cd3fec4f4a7fb934263382d0f9c1f74a0ca1d13c2e5d73acd1a252,Flan-T5,Flan-T5,other,unified_chip2/48337,0.00017382421356160194,0.9997308850288391,9.523063636152074e-05
735132aa88cd3fec4f4a7fb934263382d0f9c1f74a0ca1d13c2e5d73acd1a252,ChatGLM,ChatGLM,other,unified_chip2/48337,0.9987930059432983,1.044967029883992e-05,0.0011964569566771388
735132aa88cd3fec4f4a7fb934263382d0f9c1f74a0ca1d13c2e5d73acd1a252,MPT,MPT,other,unified_chip2/48337,9.581051926943474e-06,1.0671474988399599e-11,0.9999904632568359
d3fe8bd938f47c1fe710891d35ff3a423a0df9eacede9389003ba79529930526,ChatGLM,ChatGLM,other,unified_chip2/60380,0.9999991655349731,1.254626056379493e-07,7.02840736721555e-07
d3fe8bd938f47c1fe710891d35ff3a423a0df9eacede9389003ba79529930526,Flan-T5,Flan-T5,other,unified_chip2/60380,8.208261715481058e-05,0.9999171495437622,7.863084761083883e-07
d3fe8bd938f47c1fe710891d35ff3a423a0df9eacede9389003ba79529930526,MPT,MPT,other,unified_chip2/60380,1.4838541365688046e-13,1.1404674113416677e-17,1.0
64bf876001bc964a0a1bd788110678617577aeef32be9cf189a2da035e3df378,ChatGLM,ChatGLM,other,unified_chip2/15455,0.9998935461044312,3.5401697004999733e-06,0.00010287921031704172
64bf876001bc964a0a1bd788110678617577aeef32be9cf189a2da035e3df378,Flan-T5,Flan-T5,other,unified_chip2/15455,8.19063643575646e-06,0.9999892711639404,2.5417170945729595e-06
64bf876001bc964a0a1bd788110678617577aeef32be9cf189a2da035e3df378,MPT,MPT,other,unified_chip2/15455,1.3460549119770349e-08,8.479321574311055e-15,1.0
5d6f94c00a36086f9e55b576628ce8003c92909287e3124a508d09b29458f05e,Flan-T5,Flan-T5,other,unified_chip2/133912,1.5767494687679573e-06,0.9999984502792358,4.7870196695498635e-09
5d6f94c00a36086f9e55b576628ce8003c92909287e3124a508d09b29458f05e,ChatGLM,ChatGLM,other,unified_chip2/133912,1.0,3.908425319498754e-11,4.3797193649552923e-10
5d6f94c00a36086f9e55b576628ce8003c92909287e3124a508d09b29458f05e,MPT,MPT,other,unified_chip2/133912,6.091439672673005e-07,1.0667572380995693e-09,0.9999994039535522
2e040ad991b9e02ca843f8ad10e95a3a7c0288eb1fe28b88159727d840f6a39a,ChatGLM,ChatGLM,other,unified_chip2/50866,0.9999997615814209,1.8276010621597148e-15,2.7881046094080375e-07
2e040ad991b9e02ca843f8ad10e95a3a7c0288eb1fe28b88159727d840f6a39a,Flan-T5,Flan-T5,other,unified_chip2/50866,0.005528504028916359,0.9944714307785034,1.2309891417316976e-07
2e040ad991b9e02ca843f8ad10e95a3a7c0288eb1fe28b88159727d840f6a39a,MPT,MPT,other,unified_chip2/50866,8.319985190163512e-14,5.422962677800902e-17,1.0
a030c72e574150d68f2eeea8f04192ef41a97a29243a150e88c1a1cb9ea11996,ChatGLM,ChatGLM,other,unified_chip2/32327,0.9990618824958801,3.8921461964491755e-06,0.0009341681725345552
a030c72e574150d68f2eeea8f04192ef41a97a29243a150e88c1a1cb9ea11996,MPT,MPT,other,unified_chip2/32327,2.8123972595217595e-10,5.440756180637046e-19,1.0
a030c72e574150d68f2eeea8f04192ef41a97a29243a150e88c1a1cb9ea11996,Flan-T5,Flan-T5,other,unified_chip2/32327,0.0031938489992171526,0.9967747330665588,3.1417293939739466e-05
c2ae5b7ad66778c332bed9782d3791f48a5f8cd05ce0b1c2008d48a093b05f61,Flan-T5,Flan-T5,other,unified_chip2/80257,3.7601766145201054e-09,1.0,9.267269174273451e-10
c2ae5b7ad66778c332bed9782d3791f48a5f8cd05ce0b1c2008d48a093b05f61,ChatGLM,ChatGLM,other,unified_chip2/80257,0.9996465444564819,0.00017527199815958738,0.00017818433116190135
c2ae5b7ad66778c332bed9782d3791f48a5f8cd05ce0b1c2008d48a093b05f61,MPT,MPT,other,unified_chip2/80257,2.423654521521712e-08,7.943806203114523e-13,1.0
67fd314591ff03f815ec14b5c91f71047574a08c88c9423fa5f398e8ff59a85e,Flan-T5,Flan-T5,other,unified_chip2/151228,1.9156362607297694e-10,1.0,1.615713292324461e-11
67fd314591ff03f815ec14b5c91f71047574a08c88c9423fa5f398e8ff59a85e,MPT,MPT,other,unified_chip2/151228,1.4176816187996821e-13,1.5934908964175196e-15,1.0
67fd314591ff03f815ec14b5c91f71047574a08c88c9423fa5f398e8ff59a85e,ChatGLM,MPT,other,unified_chip2/151228,0.08893505483865738,1.2667694150592101e-11,0.9110649824142456
596339f63e40b5a6f810eaf15b36e46f3f4901c1fd2ae5203255ca4788d6ca81,ChatGLM,ChatGLM,other,unified_chip2/66555,1.0,1.101137749232907e-15,1.3428935047299362e-11
596339f63e40b5a6f810eaf15b36e46f3f4901c1fd2ae5203255ca4788d6ca81,MPT,MPT,other,unified_chip2/66555,6.37610710896297e-08,9.82785329523971e-16,0.9999998807907104
596339f63e40b5a6f810eaf15b36e46f3f4901c1fd2ae5203255ca4788d6ca81,Flan-T5,Flan-T5,other,unified_chip2/66555,0.0061782668344676495,0.9937095642089844,0.00011216454004170373
e3451e72f99ca8946f456b1cde884d765e7e1ff0cab63f253c49d3176542805e,ChatGLM,ChatGLM,other,dolly_15k/brainstorming/1074,0.9999995231628418,5.189795262375979e-14,4.257420584963256e-07
e3451e72f99ca8946f456b1cde884d765e7e1ff0cab63f253c49d3176542805e,Flan-T5,Flan-T5,other,dolly_15k/brainstorming/1074,1.4649442618974717e-06,0.9999985694885254,2.931169196251915e-12
e3451e72f99ca8946f456b1cde884d765e7e1ff0cab63f253c49d3176542805e,MPT,MPT,other,dolly_15k/brainstorming/1074,6.441642199206399e-06,7.566722855928409e-13,0.9999935626983643
4d768ace5fbc050b1ae77b82a7016c5cdbae55ccd063ee4f3bfa8276a4410dac,ChatGLM,ChatGLM,other,unified_chip2/166069,0.9999992847442627,1.1365112215387858e-15,6.958061362638546e-07
4d768ace5fbc050b1ae77b82a7016c5cdbae55ccd063ee4f3bfa8276a4410dac,MPT,MPT,other,unified_chip2/166069,9.219552885042503e-05,2.2431462069760766e-12,0.9999078512191772
4d768ace5fbc050b1ae77b82a7016c5cdbae55ccd063ee4f3bfa8276a4410dac,Flan-T5,Flan-T5,other,unified_chip2/166069,0.003430392360314727,0.9965684413909912,1.0957161293845274e-06
3d845f9cc52c26e4120c780b23d2dadc17645326b0864cfa5e4c6e521ed5ae56,ChatGLM,ChatGLM,other,unified_chip2/85594,1.0,1.9335136714551433e-17,6.14414389591561e-13
3d845f9cc52c26e4120c780b23d2dadc17645326b0864cfa5e4c6e521ed5ae56,Flan-T5,Flan-T5,other,unified_chip2/85594,5.674617220563505e-09,1.0,8.215098740160798e-12
3d845f9cc52c26e4120c780b23d2dadc17645326b0864cfa5e4c6e521ed5ae56,MPT,MPT,other,unified_chip2/85594,7.486694640970737e-13,7.087711663509178e-15,1.0
55fd7cc0548e1a78d0d5ef370ebaafec980c225ceb712529e0660cd125e3d927,ChatGLM,ChatGLM,other,unified_chip2/66886,1.0,2.8882334576269046e-17,1.3014137768200922e-14
55fd7cc0548e1a78d0d5ef370ebaafec980c225ceb712529e0660cd125e3d927,MPT,MPT,other,unified_chip2/66886,3.5431239808125006e-19,2.5150126671702756e-18,1.0
55fd7cc0548e1a78d0d5ef370ebaafec980c225ceb712529e0660cd125e3d927,Flan-T5,Flan-T5,other,unified_chip2/66886,3.8213143760401636e-09,1.0,4.4085818329264725e-11
b526074c7b705705c1aa32a1e17f3b822740cb5ad103a64031df67c10ffa27c0,Flan-T5,Flan-T5,other,unified_chip2/55092,1.6137653346959269e-07,0.9999998807907104,1.151479978034331e-08
b526074c7b705705c1aa32a1e17f3b822740cb5ad103a64031df67c10ffa27c0,MPT,MPT,other,unified_chip2/55092,2.7196989574166698e-14,1.7789052862941898e-19,1.0
b526074c7b705705c1aa32a1e17f3b822740cb5ad103a64031df67c10ffa27c0,ChatGLM,ChatGLM,other,unified_chip2/55092,1.0,9.006370302745947e-17,3.3694755874336124e-09
aed808b025ac2ff2568b4f133ee793d4dcffd2d6839324d3599c7c7bf085a9cb,Flan-T5,Flan-T5,other,unified_chip2/87282,3.0397868613363244e-06,0.9999969005584717,1.3190416758845913e-08
aed808b025ac2ff2568b4f133ee793d4dcffd2d6839324d3599c7c7bf085a9cb,ChatGLM,ChatGLM,other,unified_chip2/87282,1.0,2.0652717383495833e-11,5.040045603088572e-10
aed808b025ac2ff2568b4f133ee793d4dcffd2d6839324d3599c7c7bf085a9cb,MPT,MPT,other,unified_chip2/87282,5.563259922181096e-12,2.7742356480640884e-13,1.0
985b07c986b7d6bf592fd7141c4e9c0f1373f491c6d7f250150e216b65d2bc04,MPT,MPT,other,unified_chip2/50347,2.479065008831327e-10,4.223893804167211e-12,1.0
985b07c986b7d6bf592fd7141c4e9c0f1373f491c6d7f250150e216b65d2bc04,Flan-T5,Flan-T5,other,unified_chip2/50347,0.0003927807556465268,0.9995094537734985,9.77192321442999e-05
985b07c986b7d6bf592fd7141c4e9c0f1373f491c6d7f250150e216b65d2bc04,ChatGLM,ChatGLM,other,unified_chip2/50347,0.5627907514572144,0.43712347745895386,8.573925151722506e-05
61e13067449a57c02dfaa2b0989fac199fa431568990b1fd36560928e6eda3c9,MPT,MPT,other,unified_chip2/61381,7.446955692103074e-07,9.3446231164135e-16,0.9999992847442627
61e13067449a57c02dfaa2b0989fac199fa431568990b1fd36560928e6eda3c9,ChatGLM,ChatGLM,other,unified_chip2/61381,1.0,3.202581429218032e-12,2.2673134481010493e-08
61e13067449a57c02dfaa2b0989fac199fa431568990b1fd36560928e6eda3c9,Flan-T5,Flan-T5,other,unified_chip2/61381,1.6019339454942383e-06,0.9999984502792358,8.937630635585947e-10
4578bb9affd24c6b6b79b2f7fa572e1bc1ad1367c163cc03437a69a77faaf4dc,ChatGLM,ChatGLM,other,unified_chip2/137932,0.999984860420227,8.286561439471447e-16,1.5149925275181886e-05
4578bb9affd24c6b6b79b2f7fa572e1bc1ad1367c163cc03437a69a77faaf4dc,Flan-T5,ChatGLM,other,unified_chip2/137932,0.9984361529350281,0.0015634336741641164,4.0266621681439574e-07
4578bb9affd24c6b6b79b2f7fa572e1bc1ad1367c163cc03437a69a77faaf4dc,MPT,MPT,other,unified_chip2/137932,3.0897710507917745e-16,2.876664716374891e-18,1.0
0794c683172f05c42efa770936105f198c125a9fe27cee083107fa8b952af93a,Flan-T5,Flan-T5,other,unified_chip2/112568,2.1224375814199448e-05,0.9999356269836426,4.315990736358799e-05
0794c683172f05c42efa770936105f198c125a9fe27cee083107fa8b952af93a,ChatGLM,Flan-T5,other,unified_chip2/112568,0.0014335765736177564,0.9985654950141907,9.105403933062917e-07
0794c683172f05c42efa770936105f198c125a9fe27cee083107fa8b952af93a,MPT,MPT,other,unified_chip2/112568,1.47850920395598e-09,3.119922611299945e-18,1.0
59bd6eabbcb3a1ecb511761dd61582a722d09ead63f6fc67a45300ef4ffc119f,Flan-T5,Flan-T5,other,unified_chip2/157129,0.04150189831852913,0.9522258639335632,0.006272262893617153
59bd6eabbcb3a1ecb511761dd61582a722d09ead63f6fc67a45300ef4ffc119f,ChatGLM,ChatGLM,other,unified_chip2/157129,0.9999902248382568,9.750920773946015e-13,9.827067515288945e-06
59bd6eabbcb3a1ecb511761dd61582a722d09ead63f6fc67a45300ef4ffc119f,MPT,MPT,other,unified_chip2/157129,1.993142575429374e-07,7.260588072606489e-13,0.9999997615814209
58b3a03bb7879a2a4302bd6d19961ee33680a7528ead0b9f691e8180af75aec0,ChatGLM,ChatGLM,other,dolly_15k/open_qa/2073,0.9176530838012695,0.07019152492284775,0.012155432254076004
58b3a03bb7879a2a4302bd6d19961ee33680a7528ead0b9f691e8180af75aec0,Flan-T5,ChatGLM,other,dolly_15k/open_qa/2073,0.6034518480300903,0.3964822292327881,6.591817509615794e-05
58b3a03bb7879a2a4302bd6d19961ee33680a7528ead0b9f691e8180af75aec0,MPT,MPT,other,dolly_15k/open_qa/2073,0.0028196710627526045,6.57947708902068e-13,0.9971803426742554
2fa2234b4557748dbeca107aec129cbe709331718d87e4609e1bd6094f3e2e21,ChatGLM,ChatGLM,other,unified_chip2/94124,1.0,2.841932418562454e-13,1.0451352283613602e-10
2fa2234b4557748dbeca107aec129cbe709331718d87e4609e1bd6094f3e2e21,MPT,MPT,other,unified_chip2/94124,1.396254271861011e-16,1.0631744968518552e-17,1.0
2fa2234b4557748dbeca107aec129cbe709331718d87e4609e1bd6094f3e2e21,Flan-T5,Flan-T5,other,unified_chip2/94124,4.136309598834487e-06,0.9999958276748657,9.228254604920494e-09
8fc80e4e1181d7e8d815b80716301268a78d6853dcde9da2887a1c4c2a77f9cf,MPT,MPT,other,unified_chip2/66242,3.4180451810659606e-15,2.173823825549303e-18,1.0
8fc80e4e1181d7e8d815b80716301268a78d6853dcde9da2887a1c4c2a77f9cf,ChatGLM,ChatGLM,other,unified_chip2/66242,1.0,5.189928032143483e-17,2.079018652113157e-14
8fc80e4e1181d7e8d815b80716301268a78d6853dcde9da2887a1c4c2a77f9cf,Flan-T5,Flan-T5,other,unified_chip2/66242,2.0872576556030253e-08,1.0,3.480104737718648e-08
a7832c07699bd5bab43d169778025b8937771225146f73396accb63295d7fc2d,ChatGLM,ChatGLM,other,dolly_15k/brainstorming/1068,0.9998626708984375,2.2651790165806318e-11,0.00013728720659855753
a7832c07699bd5bab43d169778025b8937771225146f73396accb63295d7fc2d,MPT,MPT,other,dolly_15k/brainstorming/1068,0.0012322982074692845,6.122692353116577e-10,0.9987677335739136
a7832c07699bd5bab43d169778025b8937771225146f73396accb63295d7fc2d,Flan-T5,Flan-T5,other,dolly_15k/brainstorming/1068,9.308040716859978e-06,0.9998997449874878,9.09880836843513e-05
e8d6caf299a49dfe0111ec1e68a036902602d620c9bde8c1bff5b7da7841ab7d,MPT,MPT,other,unified_chip2/97401,8.271018649587126e-17,3.3297775572228238e-19,1.0
e8d6caf299a49dfe0111ec1e68a036902602d620c9bde8c1bff5b7da7841ab7d,Flan-T5,Flan-T5,other,unified_chip2/97401,7.505382981776165e-09,1.0,1.0568615427253292e-11
e8d6caf299a49dfe0111ec1e68a036902602d620c9bde8c1bff5b7da7841ab7d,ChatGLM,ChatGLM,other,unified_chip2/97401,0.9999521970748901,1.8023494021690567e-06,4.597996667143889e-05
db7ddebb64e0fbd26a25390be6c4b16e88caf31b9cb5091bfea5e6d660e0ccb6,ChatGLM,ChatGLM,other,unified_chip2/46911,1.0,4.404687528054813e-16,1.530467939880875e-11
db7ddebb64e0fbd26a25390be6c4b16e88caf31b9cb5091bfea5e6d660e0ccb6,MPT,MPT,other,unified_chip2/46911,2.9349038754844514e-09,1.6568216798518165e-09,1.0
db7ddebb64e0fbd26a25390be6c4b16e88caf31b9cb5091bfea5e6d660e0ccb6,Flan-T5,Flan-T5,other,unified_chip2/46911,0.0022307077888399363,0.9974806904792786,0.00028867516084574163
2e7be8ec3c73a0842f045132a2c7f9a99c36e990b807711e4168626945d95cfe,ChatGLM,ChatGLM,other,unified_chip2/147600,0.9999998807907104,1.530520155057502e-11,1.2858440356922074e-07
2e7be8ec3c73a0842f045132a2c7f9a99c36e990b807711e4168626945d95cfe,Flan-T5,Flan-T5,other,unified_chip2/147600,5.8401874412084e-05,0.9999414682388306,1.3162551226741925e-07
2e7be8ec3c73a0842f045132a2c7f9a99c36e990b807711e4168626945d95cfe,MPT,MPT,other,unified_chip2/147600,3.4506375534704148e-09,7.410675373660113e-16,1.0
168df5b9850564f9ced9d8c72834778ef63efd220afd53fa5aeb7b4e73f380cc,Flan-T5,Flan-T5,other,unified_chip2/121957,9.846218745224178e-05,0.999891996383667,9.538136509945616e-06
168df5b9850564f9ced9d8c72834778ef63efd220afd53fa5aeb7b4e73f380cc,ChatGLM,ChatGLM,other,unified_chip2/121957,0.9999804496765137,1.95384600374382e-05,4.0384683444583125e-12
168df5b9850564f9ced9d8c72834778ef63efd220afd53fa5aeb7b4e73f380cc,MPT,MPT,other,unified_chip2/121957,1.615584610537013e-10,1.1180598669113806e-08,1.0
52677b01bbd896edfb9ef46c16a20969b33615d723459262f2d6d7c5cb06c7bb,ChatGLM,ChatGLM,other,unified_chip2/165193,0.9930058717727661,1.3399746590092576e-11,0.006994121242314577
52677b01bbd896edfb9ef46c16a20969b33615d723459262f2d6d7c5cb06c7bb,Flan-T5,Flan-T5,other,unified_chip2/165193,0.10085190087556839,0.8933491110801697,0.005798977799713612
52677b01bbd896edfb9ef46c16a20969b33615d723459262f2d6d7c5cb06c7bb,MPT,MPT,other,unified_chip2/165193,0.09746696054935455,0.0020464800763875246,0.9004865884780884
dae0d2f2a1e97b718b2826005806daea16c01f341f995b135492cce50acdc47b,MPT,MPT,other,unified_chip2/30575,4.726013552941791e-14,2.839944771048427e-16,1.0
dae0d2f2a1e97b718b2826005806daea16c01f341f995b135492cce50acdc47b,ChatGLM,ChatGLM,other,unified_chip2/30575,0.9995323419570923,0.0004553960752673447,1.2289619917282835e-05
dae0d2f2a1e97b718b2826005806daea16c01f341f995b135492cce50acdc47b,Flan-T5,ChatGLM,other,unified_chip2/30575,0.9998747110366821,2.3096348741091788e-05,0.00010220223339274526
3dc8a1aa1a338e9b13ba2bb34363b95aceda804b0562888ad5a978d661813026,MPT,MPT,other,unified_chip2/15517,9.738798534183883e-18,4.0010987618263515e-17,1.0
3dc8a1aa1a338e9b13ba2bb34363b95aceda804b0562888ad5a978d661813026,ChatGLM,ChatGLM,other,unified_chip2/15517,0.9999996423721313,7.686178082888517e-13,4.122638586068206e-07
3dc8a1aa1a338e9b13ba2bb34363b95aceda804b0562888ad5a978d661813026,Flan-T5,Flan-T5,other,unified_chip2/15517,8.19063643575646e-06,0.9999892711639404,2.5417170945729595e-06
f552f591ee5a5b24f30bc393927e488cce083c0963436496486defdaf2fdfb25,ChatGLM,ChatGLM,other,unified_chip2/9949,0.9999998807907104,2.7503187227662096e-11,6.641911909355258e-08
f552f591ee5a5b24f30bc393927e488cce083c0963436496486defdaf2fdfb25,MPT,MPT,other,unified_chip2/9949,6.880605331641924e-16,5.640335863141397e-20,1.0
f552f591ee5a5b24f30bc393927e488cce083c0963436496486defdaf2fdfb25,Flan-T5,Flan-T5,other,unified_chip2/9949,0.0007801185129210353,0.9987630844116211,0.000456830020993948
4f519e6e86c23b144d1309fc6ae1c70840c4b9ccce56267a22c500fa5aafcfc7,Flan-T5,Flan-T5,other,unified_chip2/41016,1.5056714555705675e-11,1.0,6.161204324506286e-10
4f519e6e86c23b144d1309fc6ae1c70840c4b9ccce56267a22c500fa5aafcfc7,ChatGLM,ChatGLM,other,unified_chip2/41016,1.0,1.7788886208795936e-15,7.524312839457536e-10
4f519e6e86c23b144d1309fc6ae1c70840c4b9ccce56267a22c500fa5aafcfc7,MPT,MPT,other,unified_chip2/41016,1.0506109003605157e-11,1.3166776440488376e-16,1.0
96bd30d8054bcdd47062e5c79ac61245bee8c7c568144536cab326d4a542a9b8,MPT,MPT,other,unified_chip2/140402,1.297043468184711e-06,3.0087668467793094e-12,0.9999986886978149
96bd30d8054bcdd47062e5c79ac61245bee8c7c568144536cab326d4a542a9b8,ChatGLM,ChatGLM,other,unified_chip2/140402,0.9999945163726807,8.401155326964727e-10,5.467487881105626e-06
96bd30d8054bcdd47062e5c79ac61245bee8c7c568144536cab326d4a542a9b8,Flan-T5,Flan-T5,other,unified_chip2/140402,2.72749156593477e-10,1.0,3.337872665575394e-15
f071c886bf5a19e64045d3bcd1119a28b8ba78374f5bf1670400f5174e7695af,Flan-T5,Flan-T5,other,unified_chip2/49569,0.0057436744682490826,0.994256317615509,2.2612152150713882e-08
f071c886bf5a19e64045d3bcd1119a28b8ba78374f5bf1670400f5174e7695af,MPT,MPT,other,unified_chip2/49569,1.4338336029595666e-07,3.59716495143287e-14,0.9999998807907104
f071c886bf5a19e64045d3bcd1119a28b8ba78374f5bf1670400f5174e7695af,ChatGLM,ChatGLM,other,unified_chip2/49569,0.9999996423721313,1.848730946107935e-08,3.3601656923565315e-07
df9b373b7935277de7f5d50f61cf36616efec074f98bf610c8566bc6f27bb403,MPT,MPT,other,dolly_15k/open_qa/2259,6.604156806133687e-05,1.389641982214862e-13,0.9999339580535889
df9b373b7935277de7f5d50f61cf36616efec074f98bf610c8566bc6f27bb403,ChatGLM,ChatGLM,other,dolly_15k/open_qa/2259,0.9754341840744019,0.02445567026734352,0.0001101073794416152
df9b373b7935277de7f5d50f61cf36616efec074f98bf610c8566bc6f27bb403,Flan-T5,Flan-T5,other,dolly_15k/open_qa/2259,0.00020588540064636618,0.9997929930686951,1.1949156260016025e-06
27cffa7465cb8187ace25b87dd1de61aa456ac324f9c508637e3e8a43d38b292,MPT,MPT,other,unified_chip2/127357,2.8296866260747733e-13,2.341257071027114e-13,1.0
27cffa7465cb8187ace25b87dd1de61aa456ac324f9c508637e3e8a43d38b292,Flan-T5,Flan-T5,other,unified_chip2/127357,2.0899225461334936e-08,1.0,3.1676063994012793e-09
27cffa7465cb8187ace25b87dd1de61aa456ac324f9c508637e3e8a43d38b292,ChatGLM,ChatGLM,other,unified_chip2/127357,1.0,1.2625701885385802e-17,1.3000704028945376e-12
8bc7dbcf4b2a02578e2f8b8b16fba49f479a76e85e058926dcfac42be437d5e5,MPT,MPT,other,unified_chip2/103722,3.435063767042194e-15,3.483831157516817e-19,1.0
8bc7dbcf4b2a02578e2f8b8b16fba49f479a76e85e058926dcfac42be437d5e5,Flan-T5,Flan-T5,other,unified_chip2/103722,1.379584659844113e-06,0.9999985694885254,3.30994041064514e-08
8bc7dbcf4b2a02578e2f8b8b16fba49f479a76e85e058926dcfac42be437d5e5,ChatGLM,ChatGLM,other,unified_chip2/103722,0.9999996423721313,2.7627471491098454e-11,3.247944277973147e-07
e12d34f7d5ab5f8298030403829f6b54df640dd601992dfdf178919869818047,Flan-T5,Flan-T5,other,dolly_15k/open_qa/1090,0.0024999312590807676,0.9975000023841858,2.0685286816757298e-09
e12d34f7d5ab5f8298030403829f6b54df640dd601992dfdf178919869818047,MPT,MPT,other,dolly_15k/open_qa/1090,0.0006495570414699614,5.276445599888824e-11,0.9993504881858826
e12d34f7d5ab5f8298030403829f6b54df640dd601992dfdf178919869818047,ChatGLM,ChatGLM,other,dolly_15k/open_qa/1090,0.9999879598617554,3.6282481232774444e-06,8.48359468363924e-06
38413f2cf26fddde90cd89e2a49110c339529cdd09cfcd27e072271f12a2fa09,ChatGLM,ChatGLM,other,unified_chip2/117363,0.9999996423721313,1.379601440005358e-14,3.0492995506392617e-07
38413f2cf26fddde90cd89e2a49110c339529cdd09cfcd27e072271f12a2fa09,Flan-T5,Flan-T5,other,unified_chip2/117363,8.439006649041403e-08,0.999998927116394,9.694604159449227e-07
38413f2cf26fddde90cd89e2a49110c339529cdd09cfcd27e072271f12a2fa09,MPT,MPT,other,unified_chip2/117363,4.552991761386238e-09,1.6513468042533667e-14,1.0
59d073b1d564560333ff537d0a3512c5f8016d9c02b29bfee740213f092502a9,Flan-T5,Flan-T5,other,unified_chip2/89233,0.0015873151132836938,0.998363196849823,4.943665044265799e-05
59d073b1d564560333ff537d0a3512c5f8016d9c02b29bfee740213f092502a9,MPT,MPT,other,unified_chip2/89233,2.249178843172217e-09,9.551666498181777e-19,1.0
59d073b1d564560333ff537d0a3512c5f8016d9c02b29bfee740213f092502a9,ChatGLM,ChatGLM,other,unified_chip2/89233,0.920813262462616,0.07882536947727203,0.0003613680019043386
b0ec1daf8ef393bcfafe7277bfd01e5094cf9ff43299130f0d68a623b8eda812,Flan-T5,Flan-T5,other,unified_chip2/7409,1.3035584345288953e-07,0.9999998807907104,1.6529626625794158e-11
b0ec1daf8ef393bcfafe7277bfd01e5094cf9ff43299130f0d68a623b8eda812,MPT,MPT,other,unified_chip2/7409,1.0150937669095583e-05,8.625628965426568e-13,0.9999898672103882
b0ec1daf8ef393bcfafe7277bfd01e5094cf9ff43299130f0d68a623b8eda812,ChatGLM,ChatGLM,other,unified_chip2/7409,0.9999980926513672,1.9258498536677514e-14,1.8590161516840453e-06
24abdb565cf39c9261e96ac8d7ba6b2f3617600abbade9df4c5e348b0e55d14e,MPT,MPT,other,unified_chip2/88903,9.372024933895773e-09,7.38915726264128e-18,1.0
24abdb565cf39c9261e96ac8d7ba6b2f3617600abbade9df4c5e348b0e55d14e,Flan-T5,Flan-T5,other,unified_chip2/88903,0.00010854762513190508,0.9998914003372192,2.3190457800609243e-12
24abdb565cf39c9261e96ac8d7ba6b2f3617600abbade9df4c5e348b0e55d14e,ChatGLM,ChatGLM,other,unified_chip2/88903,1.0,6.830446687483484e-16,7.11808034736805e-09
6f2094c73a6f904e1b24f0acebe4399ce0e0c211d69946f7b798f2957130a769,ChatGLM,ChatGLM,other,dolly_15k/general_qa/347,0.9999996423721313,2.273639176236797e-12,3.5538312204153044e-07
6f2094c73a6f904e1b24f0acebe4399ce0e0c211d69946f7b798f2957130a769,Flan-T5,Flan-T5,other,dolly_15k/general_qa/347,2.0436718841665424e-06,0.9999979734420776,2.692945033633265e-10
6f2094c73a6f904e1b24f0acebe4399ce0e0c211d69946f7b798f2957130a769,MPT,MPT,other,dolly_15k/general_qa/347,7.248160045492114e-07,1.1192847525014725e-14,0.9999992847442627
4c35a0a162c7ee25b1154271203df039f24a96241efd3a90111beb48ac3cd74d,MPT,MPT,other,unified_chip2/59456,7.107010979723327e-09,4.906121624410897e-13,1.0
4c35a0a162c7ee25b1154271203df039f24a96241efd3a90111beb48ac3cd74d,Flan-T5,Flan-T5,other,unified_chip2/59456,8.842391252983361e-06,0.9999091625213623,8.19995766505599e-05
4c35a0a162c7ee25b1154271203df039f24a96241efd3a90111beb48ac3cd74d,ChatGLM,ChatGLM,other,unified_chip2/59456,0.9999923706054688,1.83014042288987e-12,7.640275725862011e-06
d9be22636e8107cc24c928e1dd501243c37869c725d14f8b9779a62d808d18bf,Flan-T5,Flan-T5,other,unified_chip2/94441,0.00027656223392114043,0.9997010827064514,2.236628824903164e-05
d9be22636e8107cc24c928e1dd501243c37869c725d14f8b9779a62d808d18bf,ChatGLM,ChatGLM,other,unified_chip2/94441,0.9999986886978149,8.354945069122266e-10,1.2615464584087022e-06
d9be22636e8107cc24c928e1dd501243c37869c725d14f8b9779a62d808d18bf,MPT,MPT,other,unified_chip2/94441,4.37385262556933e-13,1.825272621527272e-17,1.0
4f4b19e92e632024cef45135eaedad8b6ce81e7790e91cabaa787f12478a1b0e,ChatGLM,ChatGLM,other,unified_chip2/67204,0.9999703168869019,4.858113694314325e-13,2.9629647542606108e-05
4f4b19e92e632024cef45135eaedad8b6ce81e7790e91cabaa787f12478a1b0e,MPT,MPT,other,unified_chip2/67204,0.00031638253130950034,0.0006512157269753516,0.9990323781967163
4f4b19e92e632024cef45135eaedad8b6ce81e7790e91cabaa787f12478a1b0e,Flan-T5,Flan-T5,other,unified_chip2/67204,0.0006558813038282096,0.9993440508842468,7.538602381229609e-11
206f1aeee49bf39af9eadc23f29452c740f2d1fe0111bf131c8e6e13106addde,Flan-T5,Flan-T5,other,unified_chip2/35141,1.8120221989548213e-09,1.0,1.4348204699018985e-12
206f1aeee49bf39af9eadc23f29452c740f2d1fe0111bf131c8e6e13106addde,MPT,MPT,other,unified_chip2/35141,6.492370197008768e-09,2.8718846745157123e-10,1.0
206f1aeee49bf39af9eadc23f29452c740f2d1fe0111bf131c8e6e13106addde,ChatGLM,MPT,other,unified_chip2/35141,0.010010726749897003,2.2188664239308764e-09,0.9899892807006836
e2fdd2b34aee51e9de9abd673b54b91b2f21d7da26c3c97cbf2be87d47436148,ChatGLM,ChatGLM,other,unified_chip2/93174,1.0,3.3182693056210547e-16,5.58028538932831e-08
e2fdd2b34aee51e9de9abd673b54b91b2f21d7da26c3c97cbf2be87d47436148,MPT,MPT,other,unified_chip2/93174,1.887940754841111e-07,1.181672106610629e-16,0.9999997615814209
e2fdd2b34aee51e9de9abd673b54b91b2f21d7da26c3c97cbf2be87d47436148,Flan-T5,Flan-T5,other,unified_chip2/93174,0.0006166112725622952,0.9986121654510498,0.0007711832295171916
0af478f293c7dcd80bfa7a6cd939ffc06b0158912724d18b10598cec27c27ce6,MPT,MPT,other,unified_chip2/68725,1.1609139760513862e-16,1.2620597353825738e-17,1.0
0af478f293c7dcd80bfa7a6cd939ffc06b0158912724d18b10598cec27c27ce6,Flan-T5,Flan-T5,other,unified_chip2/68725,0.00021956610726192594,0.9997802376747131,1.680567294215507e-07
0af478f293c7dcd80bfa7a6cd939ffc06b0158912724d18b10598cec27c27ce6,ChatGLM,ChatGLM,other,unified_chip2/68725,1.0,5.519975545006754e-16,1.5490728491607264e-11
665075f58e27304eae07c368ae2309676677c0c5372195d78fd6c2b98dfce65f,ChatGLM,ChatGLM,other,dolly_15k/general_qa/1018,0.9999774694442749,3.92513356928248e-06,1.859847725427244e-05
665075f58e27304eae07c368ae2309676677c0c5372195d78fd6c2b98dfce65f,Flan-T5,Flan-T5,other,dolly_15k/general_qa/1018,3.871571152558317e-06,0.9999961853027344,2.785596059373674e-11
665075f58e27304eae07c368ae2309676677c0c5372195d78fd6c2b98dfce65f,MPT,MPT,other,dolly_15k/general_qa/1018,3.873557724576315e-12,4.2173656189469505e-19,1.0
e3bd3cdc21683c67fc588ee25ce1ceabfff19c6c73f7a51f6a1806829c1c6e25,ChatGLM,ChatGLM,other,unified_chip2/30173,0.9945729374885559,5.200930398158166e-12,0.005427115596830845
e3bd3cdc21683c67fc588ee25ce1ceabfff19c6c73f7a51f6a1806829c1c6e25,MPT,MPT,other,unified_chip2/30173,2.5860583341636226e-14,2.988224495322281e-14,1.0
e3bd3cdc21683c67fc588ee25ce1ceabfff19c6c73f7a51f6a1806829c1c6e25,Flan-T5,Flan-T5,other,unified_chip2/30173,0.008017492480576038,0.9919666647911072,1.5811201592441648e-05
edea794cd801504430cdc42f1c981284ebfca5a950131665e8728efbf68e7d25,MPT,MPT,other,unified_chip2/103437,2.0867070293917322e-09,2.7062089412921084e-14,1.0
edea794cd801504430cdc42f1c981284ebfca5a950131665e8728efbf68e7d25,Flan-T5,Flan-T5,other,unified_chip2/103437,3.716534706654784e-07,0.9999996423721313,3.7517056128422155e-10
edea794cd801504430cdc42f1c981284ebfca5a950131665e8728efbf68e7d25,ChatGLM,Flan-T5,other,unified_chip2/103437,0.002473774366080761,0.9975261092185974,1.0761563373762328e-07
d350890ea9798fa5a6fa457e3f1a7b20d41eb1e8e7e51423b4a6a7134f524672,Flan-T5,Flan-T5,other,unified_chip2/131467,0.00032444208045490086,0.9996747970581055,7.821008125574735e-07
d350890ea9798fa5a6fa457e3f1a7b20d41eb1e8e7e51423b4a6a7134f524672,MPT,MPT,other,unified_chip2/131467,1.7811762264771658e-12,1.9102386552850284e-15,1.0
d350890ea9798fa5a6fa457e3f1a7b20d41eb1e8e7e51423b4a6a7134f524672,ChatGLM,ChatGLM,other,unified_chip2/131467,0.9996516704559326,0.00018502956663724035,0.00016325098113156855
5edb2d46c5a438a99324027d2bbb8c18af6e6593bd2de46401a74641188a9cd9,ChatGLM,ChatGLM,other,unified_chip2/54199,0.9820058345794678,1.5414121534718106e-08,0.017994120717048645
5edb2d46c5a438a99324027d2bbb8c18af6e6593bd2de46401a74641188a9cd9,MPT,MPT,other,unified_chip2/54199,7.744654431007802e-05,1.9652097657529843e-11,0.999922513961792
5edb2d46c5a438a99324027d2bbb8c18af6e6593bd2de46401a74641188a9cd9,Flan-T5,Flan-T5,other,unified_chip2/54199,0.0007591613684780896,0.9991858601570129,5.493569915415719e-05
1a7b925d53ff44cd2c016126ac3581bd0d463d314cbda86b11412b0d0992b6a1,MPT,MPT,other,dolly_15k/brainstorming/724,1.4198127049058762e-11,6.132336002521001e-15,1.0
1a7b925d53ff44cd2c016126ac3581bd0d463d314cbda86b11412b0d0992b6a1,Flan-T5,Flan-T5,other,dolly_15k/brainstorming/724,6.1713226386928e-06,0.9999938011169434,1.4041591889224492e-08
1a7b925d53ff44cd2c016126ac3581bd0d463d314cbda86b11412b0d0992b6a1,ChatGLM,ChatGLM,other,dolly_15k/brainstorming/724,0.9989713430404663,0.001027399324811995,1.2576463177538244e-06
2f62fa9255cb9c274e6243475fafc0c8ec176251b57c8bd4e4e55e8fb69e5bff,ChatGLM,ChatGLM,other,unified_chip2/38887,1.0,3.529719963595658e-16,2.0028794595061683e-11
2f62fa9255cb9c274e6243475fafc0c8ec176251b57c8bd4e4e55e8fb69e5bff,Flan-T5,Flan-T5,other,unified_chip2/38887,0.0018765570130199194,0.9980334639549255,8.995746611617506e-05
2f62fa9255cb9c274e6243475fafc0c8ec176251b57c8bd4e4e55e8fb69e5bff,MPT,MPT,other,unified_chip2/38887,5.897908030016996e-14,1.2816191250625275e-13,1.0
7d04b56f031bb13842a857c116b5ecb51b1b530620ada2ebfcf7766ff765c95c,ChatGLM,ChatGLM,other,dolly_15k/brainstorming/1601,0.9999995231628418,2.7254765200268594e-07,2.0647316034683172e-07
7d04b56f031bb13842a857c116b5ecb51b1b530620ada2ebfcf7766ff765c95c,MPT,ChatGLM,other,dolly_15k/brainstorming/1601,0.9794888496398926,4.923211632205243e-14,0.02051115222275257
7d04b56f031bb13842a857c116b5ecb51b1b530620ada2ebfcf7766ff765c95c,Flan-T5,Flan-T5,other,dolly_15k/brainstorming/1601,0.0008427961729466915,0.9991568326950073,3.886686670284689e-07
527742c56dd596734d16b4899a14c83028fe4b84b5c870e4fab35a14ac50552d,ChatGLM,ChatGLM,other,unified_chip2/3064,1.0,1.180476181215917e-12,2.2427542489822372e-08
527742c56dd596734d16b4899a14c83028fe4b84b5c870e4fab35a14ac50552d,MPT,MPT,other,unified_chip2/3064,5.97683090085982e-13,7.201744321066236e-15,1.0
527742c56dd596734d16b4899a14c83028fe4b84b5c870e4fab35a14ac50552d,Flan-T5,Flan-T5,other,unified_chip2/3064,0.01657101698219776,0.9828017354011536,0.0006272872560657561
4ff4beee17c7d69abf107f3c2def73eeb5e86db606284f81c05fffa5bb3f3e5b,MPT,MPT,other,unified_chip2/62273,5.0112838323457254e-08,2.8958000922802334e-18,1.0
4ff4beee17c7d69abf107f3c2def73eeb5e86db606284f81c05fffa5bb3f3e5b,ChatGLM,ChatGLM,other,unified_chip2/62273,0.9999936819076538,8.978500432021974e-08,6.182709057611646e-06
4ff4beee17c7d69abf107f3c2def73eeb5e86db606284f81c05fffa5bb3f3e5b,Flan-T5,Flan-T5,other,unified_chip2/62273,0.00015079035074450076,0.9998478889465332,1.2546246352940216e-06
616ee8b721d872635165455a52b5fea483aacb41f74ef68642c20977bd743ec0,Flan-T5,Flan-T5,other,dolly_15k/information_extraction/252,0.0024651638232171535,0.9975348711013794,2.421683686915088e-10
616ee8b721d872635165455a52b5fea483aacb41f74ef68642c20977bd743ec0,ChatGLM,Flan-T5,other,dolly_15k/information_extraction/252,0.035364922136068344,0.9646350145339966,4.410260601162008e-08
616ee8b721d872635165455a52b5fea483aacb41f74ef68642c20977bd743ec0,MPT,MPT,other,dolly_15k/information_extraction/252,1.6729914120716671e-09,4.289992840134094e-12,1.0
c581f62290bb69aafc54ab556bc3532ab9478f5accf21f00b7a0b421e087e9ae,Flan-T5,Flan-T5,other,unified_chip2/161239,5.336282971057926e-09,1.0,1.2218774603223181e-10
c581f62290bb69aafc54ab556bc3532ab9478f5accf21f00b7a0b421e087e9ae,MPT,MPT,other,unified_chip2/161239,2.8935903173987754e-05,1.0084148820881447e-13,0.9999710321426392
c581f62290bb69aafc54ab556bc3532ab9478f5accf21f00b7a0b421e087e9ae,ChatGLM,ChatGLM,other,unified_chip2/161239,0.9933167695999146,0.006677939556539059,5.2009199862368405e-06
66ccff937f62dce4ff383901e03cb163de16fab9457a999183f49fabf5d732df,ChatGLM,ChatGLM,other,unified_chip2/65051,0.9999669790267944,6.170692813611822e-06,2.6869709472521208e-05
66ccff937f62dce4ff383901e03cb163de16fab9457a999183f49fabf5d732df,Flan-T5,Flan-T5,other,unified_chip2/65051,0.2970322072505951,0.7029677629470825,5.065471242460262e-08
66ccff937f62dce4ff383901e03cb163de16fab9457a999183f49fabf5d732df,MPT,MPT,other,unified_chip2/65051,2.8961994757992215e-05,1.3310054657554842e-14,0.9999710321426392
e4d8cf0818220df593018912907a87b84265c35aa6368a125f0e92b5d749f3a2,ChatGLM,ChatGLM,other,unified_chip2/132478,1.0,1.9667295059989042e-16,9.080049212517594e-11
e4d8cf0818220df593018912907a87b84265c35aa6368a125f0e92b5d749f3a2,MPT,MPT,other,unified_chip2/132478,4.0604051632917905e-16,4.2963484427486935e-19,1.0
e4d8cf0818220df593018912907a87b84265c35aa6368a125f0e92b5d749f3a2,Flan-T5,Flan-T5,other,unified_chip2/132478,1.97417904246322e-08,1.0,4.956175470027802e-10
e5b958a885d29b975ec935a75844a2050c870bc3afb6975973f7d72d46ed18bc,ChatGLM,ChatGLM,other,unified_chip2/24695,1.0,1.6714052220707064e-14,1.8021714121019272e-09
e5b958a885d29b975ec935a75844a2050c870bc3afb6975973f7d72d46ed18bc,MPT,MPT,other,unified_chip2/24695,0.00043938824092037976,4.952450449735579e-09,0.9995606541633606
e5b958a885d29b975ec935a75844a2050c870bc3afb6975973f7d72d46ed18bc,Flan-T5,Flan-T5,other,unified_chip2/24695,5.759284977102652e-05,0.9999375343322754,4.834719675272936e-06
5f068aa460d8efe462ae58b5d654045d2b3072a8b252a55ab8eff669b37d5def,Flan-T5,Flan-T5,other,unified_chip2/126909,1.6667068848619238e-05,0.9999831914901733,1.081190390550546e-07
5f068aa460d8efe462ae58b5d654045d2b3072a8b252a55ab8eff669b37d5def,MPT,MPT,other,unified_chip2/126909,0.0010493445442989469,1.2659743253706779e-09,0.9989506006240845
5f068aa460d8efe462ae58b5d654045d2b3072a8b252a55ab8eff669b37d5def,ChatGLM,ChatGLM,other,unified_chip2/126909,1.0,2.3548358900858657e-13,1.8231389772968738e-14
ca208db51727406ddd2ec07c2416f3374036bef00a296731782e00d45c72d125,MPT,MPT,other,unified_chip2/77061,9.759566765854544e-11,4.0486081013309944e-14,1.0
ca208db51727406ddd2ec07c2416f3374036bef00a296731782e00d45c72d125,ChatGLM,ChatGLM,other,unified_chip2/77061,0.9999998807907104,1.2959387040798061e-15,1.1301764146764981e-07
ca208db51727406ddd2ec07c2416f3374036bef00a296731782e00d45c72d125,Flan-T5,Flan-T5,other,unified_chip2/77061,0.0237388014793396,0.9688620567321777,0.007399176713079214
c6f327eff980069b6fe739cb63dc9be17863dc4d556cdf780362cefd1cec15e6,ChatGLM,ChatGLM,other,dolly_15k/creative_writing/423,0.999966025352478,1.6803091057226993e-05,1.7125388694694266e-05
c6f327eff980069b6fe739cb63dc9be17863dc4d556cdf780362cefd1cec15e6,Flan-T5,Flan-T5,other,dolly_15k/creative_writing/423,2.56206258200109e-05,0.9999735355377197,7.956752483551099e-07
c6f327eff980069b6fe739cb63dc9be17863dc4d556cdf780362cefd1cec15e6,MPT,MPT,other,dolly_15k/creative_writing/423,6.707977052376182e-15,8.523288222336608e-17,1.0
dfb9661a09fd694994e675cb28dca06abc4957f8dfe5a3f2ab6353785889bb84,ChatGLM,ChatGLM,other,unified_chip2/143514,0.999022364616394,0.0006277138600125909,0.00034988755942322314
dfb9661a09fd694994e675cb28dca06abc4957f8dfe5a3f2ab6353785889bb84,MPT,MPT,other,unified_chip2/143514,7.16960588120763e-11,2.9139553336059556e-15,1.0
dfb9661a09fd694994e675cb28dca06abc4957f8dfe5a3f2ab6353785889bb84,Flan-T5,Flan-T5,other,unified_chip2/143514,7.431560788973002e-07,0.9999992847442627,5.316934892363179e-09
7359f6cdd7124f26764807b753495b04614a85afd57abd615d7f4b46256803fb,MPT,MPT,other,unified_chip2/38364,1.1770785457443367e-09,1.2251293729503843e-12,1.0
7359f6cdd7124f26764807b753495b04614a85afd57abd615d7f4b46256803fb,Flan-T5,Flan-T5,other,unified_chip2/38364,1.2066054466686182e-07,0.9999998807907104,8.241095583727542e-10
7359f6cdd7124f26764807b753495b04614a85afd57abd615d7f4b46256803fb,ChatGLM,ChatGLM,other,unified_chip2/38364,1.0,2.7503622277336333e-14,6.794263762710528e-11
0f5ac0bd21763069afa782862385760ed3a940ca15f4f8c0681833a0e7c3fa44,Flan-T5,Flan-T5,other,unified_chip2/106944,2.0006343959266815e-07,0.9999997615814209,1.164438823142433e-10
0f5ac0bd21763069afa782862385760ed3a940ca15f4f8c0681833a0e7c3fa44,ChatGLM,ChatGLM,other,unified_chip2/106944,1.0,3.0165130406119344e-18,1.7676647923181577e-09
0f5ac0bd21763069afa782862385760ed3a940ca15f4f8c0681833a0e7c3fa44,MPT,MPT,other,unified_chip2/106944,2.552594667043918e-16,3.383336726403808e-19,1.0
63b9092c65d77c9aa054516a1a35bf28de35f529b5d62705a0032900644f294b,Flan-T5,Flan-T5,other,unified_chip2/34262,0.00024069960636552423,0.9997566342353821,2.6161126243096078e-06
63b9092c65d77c9aa054516a1a35bf28de35f529b5d62705a0032900644f294b,MPT,MPT,other,unified_chip2/34262,4.4585517190113416e-14,1.305978479724493e-15,1.0
63b9092c65d77c9aa054516a1a35bf28de35f529b5d62705a0032900644f294b,ChatGLM,ChatGLM,other,unified_chip2/34262,0.9999959468841553,4.104688741790596e-06,5.4007312400017327e-08
0034f8753f5a3faab8fa7adef2d3857baba4ea077e49d4042377c1612208f2f9,ChatGLM,ChatGLM,other,dolly_15k/open_qa/530,0.7631504535675049,0.23684948682785034,6.543255182123175e-08
0034f8753f5a3faab8fa7adef2d3857baba4ea077e49d4042377c1612208f2f9,Flan-T5,Flan-T5,other,dolly_15k/open_qa/530,0.00020243728067725897,0.9997966885566711,9.264736036129761e-07
0034f8753f5a3faab8fa7adef2d3857baba4ea077e49d4042377c1612208f2f9,MPT,MPT,other,dolly_15k/open_qa/530,3.093162011247319e-12,9.372245853440197e-19,1.0
94b68746e37ccb28c02c8df2646cd189669a1eb2403a938d6a0305b44ce2089c,ChatGLM,ChatGLM,other,unified_chip2/70198,0.9999741315841675,1.041571067617042e-06,2.4747836505412124e-05
94b68746e37ccb28c02c8df2646cd189669a1eb2403a938d6a0305b44ce2089c,Flan-T5,Flan-T5,other,unified_chip2/70198,9.846218745224178e-05,0.999891996383667,9.538136509945616e-06
94b68746e37ccb28c02c8df2646cd189669a1eb2403a938d6a0305b44ce2089c,MPT,MPT,other,unified_chip2/70198,1.880660137711966e-14,2.1621110191613862e-20,1.0
7f27393d6ba87c2729a45572403827923504ea467d8b0b82f0936e506a03ae9d,Flan-T5,Flan-T5,other,unified_chip2/21341,0.0006063113687559962,0.9993826150894165,1.106457693822449e-05
7f27393d6ba87c2729a45572403827923504ea467d8b0b82f0936e506a03ae9d,ChatGLM,ChatGLM,other,unified_chip2/21341,0.999976396560669,5.253039034869289e-06,1.8305066987522878e-05
7f27393d6ba87c2729a45572403827923504ea467d8b0b82f0936e506a03ae9d,MPT,MPT,other,unified_chip2/21341,1.624159113406895e-13,2.165490353109107e-17,1.0
7bd79d65032d9dba5d344b527e27d3c00d72f9081bdb6b2e616874e0b74cc290,Flan-T5,Flan-T5,other,unified_chip2/38784,1.735381616185805e-08,1.0,8.283886272254792e-13
7bd79d65032d9dba5d344b527e27d3c00d72f9081bdb6b2e616874e0b74cc290,ChatGLM,ChatGLM,other,unified_chip2/38784,1.0,2.645876486466013e-17,2.3774914501505277e-17
7bd79d65032d9dba5d344b527e27d3c00d72f9081bdb6b2e616874e0b74cc290,MPT,MPT,other,unified_chip2/38784,1.0146489090546648e-13,3.6483267446516766e-17,1.0
71ec97cb1bbc652fb51575f73c48a7fe08e9a535a5e8dc9b85b3636754d8c63d,MPT,MPT,other,unified_chip2/100125,7.150139147427126e-09,1.5771124683983118e-10,1.0
71ec97cb1bbc652fb51575f73c48a7fe08e9a535a5e8dc9b85b3636754d8c63d,Flan-T5,Flan-T5,other,unified_chip2/100125,0.0006063113687559962,0.9993826150894165,1.106457693822449e-05
71ec97cb1bbc652fb51575f73c48a7fe08e9a535a5e8dc9b85b3636754d8c63d,ChatGLM,ChatGLM,other,unified_chip2/100125,0.920616626739502,0.07934646308422089,3.683229806483723e-05
a67a03d1ba32f3efe371bf9ee16c7fcb5830b909d1da7f7382935e1622643cf2,Flan-T5,Flan-T5,other,unified_chip2/38827,0.01819305121898651,0.9804526567459106,0.0013542218366637826
a67a03d1ba32f3efe371bf9ee16c7fcb5830b909d1da7f7382935e1622643cf2,MPT,MPT,other,unified_chip2/38827,4.653702011421512e-14,4.164109447074476e-22,1.0
a67a03d1ba32f3efe371bf9ee16c7fcb5830b909d1da7f7382935e1622643cf2,ChatGLM,ChatGLM,other,unified_chip2/38827,0.9998015761375427,7.203981056136399e-08,0.00019834638806059957
0f5ba4b90c121f8b541f1dc8a8223e7ef0637903d3102c5e437e7fa0884f5a0c,MPT,MPT,other,unified_chip2/149309,1.4425059816858266e-05,5.336935049709418e-14,0.9999855756759644
0f5ba4b90c121f8b541f1dc8a8223e7ef0637903d3102c5e437e7fa0884f5a0c,Flan-T5,Flan-T5,other,unified_chip2/149309,1.164102377515519e-05,0.9999877214431763,6.535900638482417e-07
0f5ba4b90c121f8b541f1dc8a8223e7ef0637903d3102c5e437e7fa0884f5a0c,ChatGLM,ChatGLM,other,unified_chip2/149309,0.9999992847442627,2.0027682379815566e-14,7.011644242993498e-07
8e4482c702bfd26b727e546932179e1d9b04e68298754e39a6078e05fd99bf54,Flan-T5,Flan-T5,other,unified_chip2/40234,9.846218745224178e-05,0.999891996383667,9.538136509945616e-06
8e4482c702bfd26b727e546932179e1d9b04e68298754e39a6078e05fd99bf54,MPT,MPT,other,unified_chip2/40234,8.964700509705992e-11,2.818029657010706e-14,1.0
8e4482c702bfd26b727e546932179e1d9b04e68298754e39a6078e05fd99bf54,ChatGLM,ChatGLM,other,unified_chip2/40234,0.9999997615814209,1.0223277031786576e-13,2.1936739358352497e-07
f1fb35a07351d301b6abba9717ff41fab4045a6151f8c670d3d8877858104508,ChatGLM,ChatGLM,other,unified_chip2/153617,1.0,5.0355864768779346e-14,2.897150297442863e-09
f1fb35a07351d301b6abba9717ff41fab4045a6151f8c670d3d8877858104508,Flan-T5,Flan-T5,other,unified_chip2/153617,3.019573341589421e-06,0.9999969005584717,1.0812052408937234e-07
f1fb35a07351d301b6abba9717ff41fab4045a6151f8c670d3d8877858104508,MPT,MPT,other,unified_chip2/153617,1.0568246581674212e-12,1.732965717175132e-17,1.0
0ef274cb1830ebbf0f0a10931ae7c6364e4991b8f4106f924563ebd78a3ab2f9,ChatGLM,ChatGLM,other,unified_chip2/157144,1.0,1.5753445707753118e-14,4.76835931850772e-11
0ef274cb1830ebbf0f0a10931ae7c6364e4991b8f4106f924563ebd78a3ab2f9,MPT,MPT,other,unified_chip2/157144,7.256314736330449e-16,5.185774989898426e-16,1.0
0ef274cb1830ebbf0f0a10931ae7c6364e4991b8f4106f924563ebd78a3ab2f9,Flan-T5,Flan-T5,other,unified_chip2/157144,1.8053611711366102e-05,0.9999791383743286,2.8556844426930184e-06
763f7ad629601a26b487828031be2c6bb9ee8c2295f89f634cc91e36f1881bf4,ChatGLM,ChatGLM,other,unified_chip2/127991,0.995036780834198,0.004963099490851164,1.1260030419180111e-07
763f7ad629601a26b487828031be2c6bb9ee8c2295f89f634cc91e36f1881bf4,MPT,MPT,other,unified_chip2/127991,1.6318326898079327e-12,2.5875652163647e-16,1.0
763f7ad629601a26b487828031be2c6bb9ee8c2295f89f634cc91e36f1881bf4,Flan-T5,Flan-T5,other,unified_chip2/127991,9.846218745224178e-05,0.999891996383667,9.538136509945616e-06
62a4e1403a977960e0b078b354819bf26f0ebd54caf948e0d80755fe23b90755,ChatGLM,ChatGLM,other,unified_chip2/120480,0.9999988079071045,4.522938752415939e-07,6.670854872936616e-07
62a4e1403a977960e0b078b354819bf26f0ebd54caf948e0d80755fe23b90755,MPT,MPT,other,unified_chip2/120480,1.1734223889867806e-13,1.0538888114790517e-14,1.0
62a4e1403a977960e0b078b354819bf26f0ebd54caf948e0d80755fe23b90755,Flan-T5,Flan-T5,other,unified_chip2/120480,0.00017660560843069106,0.9998231530189514,2.1665682936600206e-07
60a101537613e89f2abd1afb3021582e2001830cb569a9f812f2ece38b2e1833,MPT,MPT,other,unified_chip2/134677,3.9101428228605073e-07,1.8036104632913365e-14,0.9999996423721313
60a101537613e89f2abd1afb3021582e2001830cb569a9f812f2ece38b2e1833,ChatGLM,ChatGLM,other,unified_chip2/134677,0.9991338849067688,1.1227808960345698e-10,0.0008661180036142468
60a101537613e89f2abd1afb3021582e2001830cb569a9f812f2ece38b2e1833,Flan-T5,Flan-T5,other,unified_chip2/134677,9.846218745224178e-05,0.999891996383667,9.538136509945616e-06
4f898e4d1bc0bba20a3fb6481cf3e4ffb73ca7d928ab391db321a2f78e2c11b3,ChatGLM,ChatGLM,other,unified_chip2/9580,0.9999997615814209,1.152358482074678e-12,2.885819014863955e-07
4f898e4d1bc0bba20a3fb6481cf3e4ffb73ca7d928ab391db321a2f78e2c11b3,MPT,MPT,other,unified_chip2/9580,2.976655094641883e-17,2.693996457150851e-19,1.0
4f898e4d1bc0bba20a3fb6481cf3e4ffb73ca7d928ab391db321a2f78e2c11b3,Flan-T5,Flan-T5,other,unified_chip2/9580,9.846218745224178e-05,0.999891996383667,9.538136509945616e-06
e9a6a44fc3122fa50d5814f18cf9100064115f4743b34f736de80bc421ab8eaa,MPT,MPT,other,unified_chip2/58492,2.2138587837949864e-11,1.682229618489563e-20,1.0
e9a6a44fc3122fa50d5814f18cf9100064115f4743b34f736de80bc421ab8eaa,ChatGLM,ChatGLM,other,unified_chip2/58492,1.0,1.4137770002007471e-13,1.0806534334051321e-08
e9a6a44fc3122fa50d5814f18cf9100064115f4743b34f736de80bc421ab8eaa,Flan-T5,Flan-T5,other,unified_chip2/58492,0.1272735744714737,0.8727085590362549,1.7865901099867187e-05
90917f96f609e01d3da5ebe7943693ca65bdf8e0b9b153e9316f3fb83b4ccd7c,ChatGLM,ChatGLM,other,unified_chip2/105855,0.9999978542327881,1.7320270651738356e-13,2.0949587451468688e-06
90917f96f609e01d3da5ebe7943693ca65bdf8e0b9b153e9316f3fb83b4ccd7c,MPT,MPT,other,unified_chip2/105855,7.726894124537864e-10,2.0747041237778596e-11,1.0
90917f96f609e01d3da5ebe7943693ca65bdf8e0b9b153e9316f3fb83b4ccd7c,Flan-T5,Flan-T5,other,unified_chip2/105855,0.012480976060032845,0.9801888465881348,0.007330179680138826
8df9e4033741fa9f392a0d501fbed17926138144c00fa1ae5787ebcad466d74b,ChatGLM,ChatGLM,other,unified_chip2/65191,0.9999923706054688,4.052954586525326e-12,7.608189207530813e-06
8df9e4033741fa9f392a0d501fbed17926138144c00fa1ae5787ebcad466d74b,MPT,MPT,other,unified_chip2/65191,1.4888024945763348e-15,2.0295456599496962e-14,1.0
8df9e4033741fa9f392a0d501fbed17926138144c00fa1ae5787ebcad466d74b,Flan-T5,Flan-T5,other,unified_chip2/65191,8.19063643575646e-06,0.9999892711639404,2.5417170945729595e-06
cabb44dd79edf8fe6df681e1daf0937e48851bb22f1c9f3381425ef9c7cab014,ChatGLM,ChatGLM,other,unified_chip2/140295,0.9999690055847168,3.7909444472461473e-06,2.719080112001393e-05
cabb44dd79edf8fe6df681e1daf0937e48851bb22f1c9f3381425ef9c7cab014,Flan-T5,Flan-T5,other,unified_chip2/140295,0.0006063113687559962,0.9993826150894165,1.106457693822449e-05
cabb44dd79edf8fe6df681e1daf0937e48851bb22f1c9f3381425ef9c7cab014,MPT,MPT,other,unified_chip2/140295,6.769029916664851e-14,3.110807494539917e-18,1.0
84b0f498f45608f8cf12396d8527ae646d9e9fb007ac71e64983fedad81d7b7c,MPT,MPT,other,unified_chip2/119790,1.2848566655065952e-10,2.0521507670262507e-13,1.0
84b0f498f45608f8cf12396d8527ae646d9e9fb007ac71e64983fedad81d7b7c,Flan-T5,Flan-T5,other,unified_chip2/119790,0.035899341106414795,0.9640792608261108,2.1434270820464008e-05
84b0f498f45608f8cf12396d8527ae646d9e9fb007ac71e64983fedad81d7b7c,ChatGLM,ChatGLM,other,unified_chip2/119790,0.9999990463256836,1.1468326356384347e-15,9.078846687771147e-07
211848e148141b067c8ad7c220081082c5aeae99cb2e162fa8600fa84135b6bf,Flan-T5,Flan-T5,other,unified_chip2/41923,0.1423262357711792,0.857670783996582,2.924478394561447e-06
211848e148141b067c8ad7c220081082c5aeae99cb2e162fa8600fa84135b6bf,MPT,MPT,other,unified_chip2/41923,1.43661135505041e-12,1.744343872903814e-13,1.0
211848e148141b067c8ad7c220081082c5aeae99cb2e162fa8600fa84135b6bf,ChatGLM,ChatGLM,other,unified_chip2/41923,0.9998772144317627,4.022122804085704e-13,0.00012276363850105554
7b6b13ee6313df8a734f82c25682f8176b1cafad2cb5aef49b897f28148b696d,Flan-T5,Flan-T5,other,unified_chip2/90509,1.743650415164666e-07,0.9999998807907104,9.194132677414757e-10
7b6b13ee6313df8a734f82c25682f8176b1cafad2cb5aef49b897f28148b696d,ChatGLM,Flan-T5,other,unified_chip2/90509,0.10185477882623672,0.8977991342544556,0.0003460331936366856
7b6b13ee6313df8a734f82c25682f8176b1cafad2cb5aef49b897f28148b696d,MPT,MPT,other,unified_chip2/90509,3.782152542541883e-12,2.7926245978237077e-14,1.0
cac56314ad92819bdb6330dbb1044c6cf0cbf758af4145566be87778e654d00b,MPT,MPT,other,unified_chip2/55509,2.6446421941273002e-08,4.155609450301467e-12,1.0
cac56314ad92819bdb6330dbb1044c6cf0cbf758af4145566be87778e654d00b,ChatGLM,ChatGLM,other,unified_chip2/55509,1.0,4.3379001547602815e-18,2.827028312696187e-16
cac56314ad92819bdb6330dbb1044c6cf0cbf758af4145566be87778e654d00b,Flan-T5,Flan-T5,other,unified_chip2/55509,0.0001772948744473979,0.9998226761817932,6.618630976618078e-08
cd15be2a788dfc2d3c3a70669129e54777053fcb91d0ccd4293a6c1695ead9ec,MPT,MPT,other,unified_chip2/36014,1.7042463835016501e-15,1.550254946657871e-15,1.0
cd15be2a788dfc2d3c3a70669129e54777053fcb91d0ccd4293a6c1695ead9ec,Flan-T5,Flan-T5,other,unified_chip2/36014,0.029910702258348465,0.9221544861793518,0.04793480038642883
cd15be2a788dfc2d3c3a70669129e54777053fcb91d0ccd4293a6c1695ead9ec,ChatGLM,ChatGLM,other,unified_chip2/36014,1.0,1.0599369824762853e-13,7.878924943027776e-12
6d2df0abb6c7cdf1642b5eca0ef37f7839602d2bad6af23fc43956420b8478b0,MPT,MPT,other,unified_chip2/77567,3.181899882465089e-11,1.200734318390791e-16,1.0
6d2df0abb6c7cdf1642b5eca0ef37f7839602d2bad6af23fc43956420b8478b0,ChatGLM,ChatGLM,other,unified_chip2/77567,1.0,1.8026491486588386e-13,4.691187759434112e-13
6d2df0abb6c7cdf1642b5eca0ef37f7839602d2bad6af23fc43956420b8478b0,Flan-T5,Flan-T5,other,unified_chip2/77567,0.03773975372314453,0.9549444317817688,0.007315882481634617
cdfd80e5d08e0d0ef406a45ed32cb17e1f8e381c0bf98281605a53cd08ecc3c1,ChatGLM,ChatGLM,other,unified_chip2/101151,0.9999111890792847,8.749387052375823e-05,1.2704992968792794e-06
cdfd80e5d08e0d0ef406a45ed32cb17e1f8e381c0bf98281605a53cd08ecc3c1,Flan-T5,Flan-T5,other,unified_chip2/101151,9.846218745224178e-05,0.999891996383667,9.538136509945616e-06
cdfd80e5d08e0d0ef406a45ed32cb17e1f8e381c0bf98281605a53cd08ecc3c1,MPT,MPT,other,unified_chip2/101151,3.267810547101491e-15,3.458751041344209e-19,1.0
3ac2df4c4977d911ac23269125e502c5d580b40c9a2983ba6a6205b4b1f02ead,ChatGLM,ChatGLM,other,unified_chip2/74039,0.9999833106994629,8.736043355384027e-07,1.5840829291846603e-05
3ac2df4c4977d911ac23269125e502c5d580b40c9a2983ba6a6205b4b1f02ead,MPT,MPT,other,unified_chip2/74039,6.207099279009753e-10,1.0343106445923979e-19,1.0
3ac2df4c4977d911ac23269125e502c5d580b40c9a2983ba6a6205b4b1f02ead,Flan-T5,Flan-T5,other,unified_chip2/74039,0.000942436745390296,0.9990450739860535,1.2469514331314713e-05
8072c38e7aa663da6a368d540e355b14254b6318786dc3a0555e62deba6fbb9c,MPT,MPT,other,unified_chip2/82929,2.9532783329955237e-08,7.010548586094956e-08,0.9999998807907104
8072c38e7aa663da6a368d540e355b14254b6318786dc3a0555e62deba6fbb9c,ChatGLM,ChatGLM,other,unified_chip2/82929,0.9999990463256836,7.887870993308552e-14,9.727398264658405e-07
8072c38e7aa663da6a368d540e355b14254b6318786dc3a0555e62deba6fbb9c,Flan-T5,Flan-T5,other,unified_chip2/82929,3.524016278788622e-08,1.0,1.666137783296051e-10
dfc370f48ab1dd60d486607524bcdb5f7b14eeb9521f2ed8ee8c81cfcd07873a,ChatGLM,Flan-T5,other,dolly_15k/general_qa/1810,0.0025367415510118008,0.9974563717842102,6.945734185137553e-06
dfc370f48ab1dd60d486607524bcdb5f7b14eeb9521f2ed8ee8c81cfcd07873a,Flan-T5,Flan-T5,other,dolly_15k/general_qa/1810,0.0007423252100124955,0.9983564019203186,0.0009011922520585358
dfc370f48ab1dd60d486607524bcdb5f7b14eeb9521f2ed8ee8c81cfcd07873a,MPT,MPT,other,dolly_15k/general_qa/1810,3.322449515508197e-08,4.948395594617184e-16,1.0
81ef539e3342f460c2ee3b39d1409823f51b2bfa258a7d6e28be76266b8b928f,ChatGLM,ChatGLM,other,unified_chip2/71684,0.9999790191650391,3.4048721416109207e-13,2.0958876120857894e-05
81ef539e3342f460c2ee3b39d1409823f51b2bfa258a7d6e28be76266b8b928f,Flan-T5,Flan-T5,other,unified_chip2/71684,0.03193707764148712,0.9680625796318054,2.693234080197726e-07
81ef539e3342f460c2ee3b39d1409823f51b2bfa258a7d6e28be76266b8b928f,MPT,MPT,other,unified_chip2/71684,1.8733085829086837e-12,2.7935942811417244e-14,1.0
f211db5def654959ec8a4030e8bed42e17df5977c8a7ae3045be763439005513,MPT,MPT,other,dolly_15k/brainstorming/500,2.1692671964279597e-11,3.3018567097640464e-22,1.0
f211db5def654959ec8a4030e8bed42e17df5977c8a7ae3045be763439005513,Flan-T5,Flan-T5,other,dolly_15k/brainstorming/500,3.3752655781427165e-07,0.9999991655349731,4.456030069377448e-07
f211db5def654959ec8a4030e8bed42e17df5977c8a7ae3045be763439005513,ChatGLM,Flan-T5,other,dolly_15k/brainstorming/500,2.188231701438781e-05,0.9999780654907227,1.2288933204374075e-09
2f7331e1f41d192c66ee11fb160b4b57a3606055e2e32d97a24b959f3d264094,MPT,MPT,other,unified_chip2/135389,2.7386433430365287e-05,0.002022976754233241,0.9979496598243713
2f7331e1f41d192c66ee11fb160b4b57a3606055e2e32d97a24b959f3d264094,ChatGLM,ChatGLM,other,unified_chip2/135389,0.9999560117721558,3.8743168261135e-05,5.19859577252646e-06
2f7331e1f41d192c66ee11fb160b4b57a3606055e2e32d97a24b959f3d264094,Flan-T5,Flan-T5,other,unified_chip2/135389,1.3647113519255072e-06,0.9999985694885254,8.835501574822047e-08
ba35d6eb078bd6dbe03804886a02de8e198d14fa2dd4529d30e832bd569949a7,ChatGLM,ChatGLM,other,unified_chip2/149049,1.0,4.4275015240440724e-14,1.5742918036895648e-12
ba35d6eb078bd6dbe03804886a02de8e198d14fa2dd4529d30e832bd569949a7,Flan-T5,Flan-T5,other,unified_chip2/149049,3.6012506865468197e-10,1.0,1.2541447914904413e-11
ba35d6eb078bd6dbe03804886a02de8e198d14fa2dd4529d30e832bd569949a7,MPT,MPT,other,unified_chip2/149049,1.1243913786151971e-13,2.7789106261878922e-14,1.0
959944d24b639c02adbb10da2089f2b59307cb7f76f98fbef672be29e3f13158,Flan-T5,Flan-T5,other,unified_chip2/37460,3.0464227165794e-05,0.9999692440032959,3.353372903802665e-07
959944d24b639c02adbb10da2089f2b59307cb7f76f98fbef672be29e3f13158,ChatGLM,ChatGLM,other,unified_chip2/37460,1.0,1.594680638895233e-14,6.050353995590285e-09
959944d24b639c02adbb10da2089f2b59307cb7f76f98fbef672be29e3f13158,MPT,MPT,other,unified_chip2/37460,9.669223971844887e-14,1.4095706515253412e-14,1.0
2e1dc3921808683da900a213c837628082efc5abb804c4cb6af6ec2b2975d99e,ChatGLM,ChatGLM,other,unified_chip2/163433,0.9999805688858032,3.229618178793303e-13,1.939896901603788e-05
2e1dc3921808683da900a213c837628082efc5abb804c4cb6af6ec2b2975d99e,Flan-T5,ChatGLM,other,unified_chip2/163433,0.992206871509552,0.007790802977979183,2.321073225175496e-06
2e1dc3921808683da900a213c837628082efc5abb804c4cb6af6ec2b2975d99e,MPT,MPT,other,unified_chip2/163433,2.3003110527497483e-08,1.2867951681982959e-06,0.9999986886978149
158219b3eecf5dbd658976cae88df7e78d5118418dfe4f79ff973148f7109f8d,Flan-T5,Flan-T5,other,unified_chip2/142392,3.3759431971702725e-05,0.9999624490737915,3.7533345675910823e-06
158219b3eecf5dbd658976cae88df7e78d5118418dfe4f79ff973148f7109f8d,ChatGLM,ChatGLM,other,unified_chip2/142392,0.9999996423721313,3.405592051853451e-13,3.039373268620693e-07
158219b3eecf5dbd658976cae88df7e78d5118418dfe4f79ff973148f7109f8d,MPT,ChatGLM,other,unified_chip2/142392,0.8938663601875305,0.10548320412635803,0.0006504005286842585
e1a61456ec31fee9f46797c6f331737d768ee1e481b24b855db25ad94ad17db8,Flan-T5,Flan-T5,other,unified_chip2/47171,1.2819401540298259e-08,1.0,2.5983323565653693e-12
e1a61456ec31fee9f46797c6f331737d768ee1e481b24b855db25ad94ad17db8,MPT,MPT,other,unified_chip2/47171,2.1304096995636984e-13,1.0926675388743721e-17,1.0
e1a61456ec31fee9f46797c6f331737d768ee1e481b24b855db25ad94ad17db8,ChatGLM,ChatGLM,other,unified_chip2/47171,0.9999998807907104,4.843035220363119e-14,1.1835881252864056e-07
22abd14aa396892dd3ef11042c7c3e638d59ddcc69be137e17536e09f87f2e99,MPT,MPT,other,unified_chip2/101285,1.052320675043461e-09,2.464836098007962e-17,1.0
22abd14aa396892dd3ef11042c7c3e638d59ddcc69be137e17536e09f87f2e99,ChatGLM,Flan-T5,other,unified_chip2/101285,0.00012976482685189694,0.9998667240142822,3.444902631599689e-06
22abd14aa396892dd3ef11042c7c3e638d59ddcc69be137e17536e09f87f2e99,Flan-T5,Flan-T5,other,unified_chip2/101285,8.19063643575646e-06,0.9999892711639404,2.5417170945729595e-06
7a642ea046e09bb2d242e6dd2046c56d54fa58ee8c7b7613629566e9492141b9,ChatGLM,ChatGLM,other,unified_chip2/65529,0.9999579191207886,1.3332732123672031e-05,2.8710839615087025e-05
7a642ea046e09bb2d242e6dd2046c56d54fa58ee8c7b7613629566e9492141b9,Flan-T5,Flan-T5,other,unified_chip2/65529,0.0003410520439501852,0.9996588230133057,1.357686016945081e-07
7a642ea046e09bb2d242e6dd2046c56d54fa58ee8c7b7613629566e9492141b9,MPT,MPT,other,unified_chip2/65529,3.3223309520158395e-11,6.223685522319456e-21,1.0
57a68aa40eee6c91103748208d7869bc5414996cbd9c27d246a4a04e769eea01,Flan-T5,Flan-T5,other,unified_chip2/128828,0.0006063113687559962,0.9993826150894165,1.106457693822449e-05
57a68aa40eee6c91103748208d7869bc5414996cbd9c27d246a4a04e769eea01,ChatGLM,ChatGLM,other,unified_chip2/128828,1.0,7.340701452491843e-16,9.438898551650254e-10
57a68aa40eee6c91103748208d7869bc5414996cbd9c27d246a4a04e769eea01,MPT,MPT,other,unified_chip2/128828,5.4748663380621565e-09,6.26925811082105e-17,1.0
2eea91e3fe0bae81ef23ecb3b9fab6069f0617e84542598d9000e624a5bc7b77,MPT,MPT,other,unified_chip2/113186,1.2152610029403377e-09,1.3294333895460392e-13,1.0
2eea91e3fe0bae81ef23ecb3b9fab6069f0617e84542598d9000e624a5bc7b77,ChatGLM,Flan-T5,other,unified_chip2/113186,0.004962682258337736,0.9950371384620667,1.689135729066038e-07
2eea91e3fe0bae81ef23ecb3b9fab6069f0617e84542598d9000e624a5bc7b77,Flan-T5,Flan-T5,other,unified_chip2/113186,3.696593194035813e-05,0.9999630451202393,5.74878755710273e-10
66527e44fb12c23fc248821c99f559c9f65c13f7d6005e94dd448be30eb9ad51,ChatGLM,ChatGLM,other,unified_chip2/73277,0.9999642372131348,5.528002304500644e-14,3.574429138097912e-05
66527e44fb12c23fc248821c99f559c9f65c13f7d6005e94dd448be30eb9ad51,MPT,MPT,other,unified_chip2/73277,1.7081181711035495e-16,1.7932286372137027e-17,1.0
66527e44fb12c23fc248821c99f559c9f65c13f7d6005e94dd448be30eb9ad51,Flan-T5,ChatGLM,other,unified_chip2/73277,0.6265351176261902,0.37346211075782776,2.726420007093111e-06
56f2e6c129567d8d8ba950287741dafda19b9f054d73974095369c55666c43c6,Flan-T5,Flan-T5,other,unified_chip2/4058,0.00035164470318704844,0.999647855758667,4.6640201389891445e-07
56f2e6c129567d8d8ba950287741dafda19b9f054d73974095369c55666c43c6,ChatGLM,ChatGLM,other,unified_chip2/4058,1.0,2.50720947705973e-15,2.377716253054718e-11
56f2e6c129567d8d8ba950287741dafda19b9f054d73974095369c55666c43c6,MPT,MPT,other,unified_chip2/4058,9.744770324005003e-09,1.9717935983531824e-15,1.0
5a5fd98348b0d2fa31d504bab2bc23035eca36aa0e7b36f960578f691830b340,MPT,MPT,other,unified_chip2/134122,7.338041769037464e-16,9.92652303829973e-18,1.0
5a5fd98348b0d2fa31d504bab2bc23035eca36aa0e7b36f960578f691830b340,Flan-T5,Flan-T5,other,unified_chip2/134122,8.120518941723276e-07,0.9999991655349731,6.932083379540543e-11
5a5fd98348b0d2fa31d504bab2bc23035eca36aa0e7b36f960578f691830b340,ChatGLM,ChatGLM,other,unified_chip2/134122,1.0,8.479824481488762e-11,1.0647967840782258e-08
70b34dafb68233eef4156aefd92ccb61c7d57914fc05772d82131862f3fcfa6d,Flan-T5,Flan-T5,other,unified_chip2/105118,0.0011301516788080335,0.9988675117492676,2.3245211195899174e-06
70b34dafb68233eef4156aefd92ccb61c7d57914fc05772d82131862f3fcfa6d,ChatGLM,ChatGLM,other,unified_chip2/105118,0.9880039691925049,0.011934838257730007,6.119994213804603e-05
70b34dafb68233eef4156aefd92ccb61c7d57914fc05772d82131862f3fcfa6d,MPT,MPT,other,unified_chip2/105118,2.382113404541229e-16,1.1039756768744008e-17,1.0
0b8af7f6a90e0c706d4efec31d9fc9ce2c87e6a61014704eb157ee5728389ad0,Flan-T5,Flan-T5,other,unified_chip2/69864,0.0019215462962165475,0.9979919195175171,8.649675874039531e-05
0b8af7f6a90e0c706d4efec31d9fc9ce2c87e6a61014704eb157ee5728389ad0,ChatGLM,MPT,other,unified_chip2/69864,0.015139044262468815,1.0922263093959828e-09,0.984860897064209
0b8af7f6a90e0c706d4efec31d9fc9ce2c87e6a61014704eb157ee5728389ad0,MPT,MPT,other,unified_chip2/69864,4.1611637746630237e-11,8.549148005867384e-16,1.0
4fadbe73482b46dd9f0add42f8b3a98a0d44e41280b5756f3e5b494d25448c3f,ChatGLM,ChatGLM,other,unified_chip2/52977,1.0,2.9462692170272335e-15,2.509416563434286e-10
4fadbe73482b46dd9f0add42f8b3a98a0d44e41280b5756f3e5b494d25448c3f,MPT,MPT,other,unified_chip2/52977,4.562097947215735e-18,1.663062292733061e-20,1.0
4fadbe73482b46dd9f0add42f8b3a98a0d44e41280b5756f3e5b494d25448c3f,Flan-T5,Flan-T5,other,unified_chip2/52977,0.00637657567858696,0.9936234354972839,2.107884977675667e-09
6ccdab175643d3749db8ec3e3e80ad3814849bbd6553208e8daccb7adf8f1502,ChatGLM,Flan-T5,other,unified_chip2/162329,3.652887971838936e-05,0.9999617338180542,1.7454414091844228e-06
6ccdab175643d3749db8ec3e3e80ad3814849bbd6553208e8daccb7adf8f1502,MPT,MPT,other,unified_chip2/162329,5.486884217688795e-18,4.116073475530711e-19,1.0
6ccdab175643d3749db8ec3e3e80ad3814849bbd6553208e8daccb7adf8f1502,Flan-T5,Flan-T5,other,unified_chip2/162329,2.4765495254541747e-06,0.9999974966049194,2.76612528438136e-08
f288887094d31521479f27880b601b340d86c84be3186fb1b5d3e313695578ee,ChatGLM,ChatGLM,other,dolly_15k/open_qa/2813,1.0,5.32678585858377e-16,7.214108199704583e-10
f288887094d31521479f27880b601b340d86c84be3186fb1b5d3e313695578ee,MPT,MPT,other,dolly_15k/open_qa/2813,8.661379341982987e-16,5.256578191814286e-24,1.0
f288887094d31521479f27880b601b340d86c84be3186fb1b5d3e313695578ee,Flan-T5,Flan-T5,other,dolly_15k/open_qa/2813,0.0006063113687559962,0.9993826150894165,1.106457693822449e-05
63afcc7904f3354fea0f3f70effa9af93ccbf98f9207636fa85b37a847ddf327,Flan-T5,Flan-T5,other,unified_chip2/57607,0.0019810020457953215,0.9980185031890869,5.114743544254452e-07
63afcc7904f3354fea0f3f70effa9af93ccbf98f9207636fa85b37a847ddf327,ChatGLM,ChatGLM,other,unified_chip2/57607,1.0,8.932513339025491e-14,2.78474354686864e-09
63afcc7904f3354fea0f3f70effa9af93ccbf98f9207636fa85b37a847ddf327,MPT,MPT,other,unified_chip2/57607,9.308992379025716e-13,5.439146367223829e-16,1.0
678ea06ad7eef7f0548644ae9ded4515a304d2d0d329d6f30b055b0ffd048835,Flan-T5,Flan-T5,other,unified_chip2/28852,8.19063643575646e-06,0.9999892711639404,2.5417170945729595e-06
678ea06ad7eef7f0548644ae9ded4515a304d2d0d329d6f30b055b0ffd048835,ChatGLM,ChatGLM,other,unified_chip2/28852,0.9392011165618896,0.05643129348754883,0.004367657471448183
678ea06ad7eef7f0548644ae9ded4515a304d2d0d329d6f30b055b0ffd048835,MPT,MPT,other,unified_chip2/28852,8.705103182720254e-16,9.915666789068339e-17,1.0
5a22951b0fedc9dbd44d74149e9b36dde3f2a8ad390b368e38061e03e5cf6145,Flan-T5,Flan-T5,other,unified_chip2/126856,0.0075371176935732365,0.9908778071403503,0.0015851246425881982
5a22951b0fedc9dbd44d74149e9b36dde3f2a8ad390b368e38061e03e5cf6145,ChatGLM,ChatGLM,other,unified_chip2/126856,0.9999408721923828,4.394962616061093e-08,5.9171459724893793e-05
5a22951b0fedc9dbd44d74149e9b36dde3f2a8ad390b368e38061e03e5cf6145,MPT,MPT,other,unified_chip2/126856,3.2961675161096706e-15,2.695454944591844e-20,1.0
1eb39db4dbd95fb7c8e3d9b9c2f0b5278a8271f157cd4cdb46a961c070c8c652,MPT,MPT,other,dolly_15k/brainstorming/18,2.0327380056972544e-10,1.0532044723851413e-16,1.0
1eb39db4dbd95fb7c8e3d9b9c2f0b5278a8271f157cd4cdb46a961c070c8c652,Flan-T5,Flan-T5,other,dolly_15k/brainstorming/18,0.00021642948559019715,0.9997835755348206,3.654808233832796e-09
1eb39db4dbd95fb7c8e3d9b9c2f0b5278a8271f157cd4cdb46a961c070c8c652,ChatGLM,ChatGLM,other,dolly_15k/brainstorming/18,0.999997615814209,2.548411655312055e-11,2.3401505586662097e-06
9e0b19231f4587eae68d466c8a9f78319d213d43e61ed794501862bbc316e0b4,Flan-T5,Flan-T5,other,unified_chip2/135134,0.008620500564575195,0.991124153137207,0.000255333463428542
9e0b19231f4587eae68d466c8a9f78319d213d43e61ed794501862bbc316e0b4,ChatGLM,ChatGLM,other,unified_chip2/135134,1.0,7.24513271028661e-18,6.960753751172888e-09
9e0b19231f4587eae68d466c8a9f78319d213d43e61ed794501862bbc316e0b4,MPT,MPT,other,unified_chip2/135134,4.616865310875075e-16,6.513810034494802e-22,1.0
d2f3d9ef8867ef0245236a53a23941c0be2cf70a80d7b045013414a18f2e82a5,MPT,MPT,other,unified_chip2/105397,6.551144175748203e-13,3.5876153272849796e-17,1.0
d2f3d9ef8867ef0245236a53a23941c0be2cf70a80d7b045013414a18f2e82a5,ChatGLM,ChatGLM,other,unified_chip2/105397,0.9999982118606567,6.252926128269554e-12,1.8273643718202948e-06
d2f3d9ef8867ef0245236a53a23941c0be2cf70a80d7b045013414a18f2e82a5,Flan-T5,Flan-T5,other,unified_chip2/105397,6.960164569136396e-07,0.9999992847442627,1.2727649489896464e-10
c59ba32adec10581f69820c4f3d1312c940077d6c3dbdc503dd9ccc1e855e487,ChatGLM,ChatGLM,other,unified_chip2/7271,1.0,1.4186121353142178e-13,9.9924035712462e-10
c59ba32adec10581f69820c4f3d1312c940077d6c3dbdc503dd9ccc1e855e487,MPT,MPT,other,unified_chip2/7271,3.246725782446447e-06,1.654640237758881e-13,0.9999967813491821
c59ba32adec10581f69820c4f3d1312c940077d6c3dbdc503dd9ccc1e855e487,Flan-T5,ChatGLM,other,unified_chip2/7271,0.9002283811569214,0.0997716411948204,2.497528228673218e-08
063b0c7867e464d54bc3c1f300961b3ffa1bb01d1443b61c3f978c66bb87eba7,MPT,MPT,other,unified_chip2/164899,1.592291715146743e-10,1.0800034864142465e-17,1.0
063b0c7867e464d54bc3c1f300961b3ffa1bb01d1443b61c3f978c66bb87eba7,ChatGLM,ChatGLM,other,unified_chip2/164899,0.9999645948410034,3.1082479836186394e-05,4.340553914516931e-06
063b0c7867e464d54bc3c1f300961b3ffa1bb01d1443b61c3f978c66bb87eba7,Flan-T5,Flan-T5,other,unified_chip2/164899,0.0006063113687559962,0.9993826150894165,1.106457693822449e-05
34d47f497b67ad71ae45fa577262cea1da7b095265e6dc4a8630ea36e7857e53,ChatGLM,ChatGLM,other,unified_chip2/4211,0.9997968077659607,4.8176527343457565e-05,0.00015501273446716368
34d47f497b67ad71ae45fa577262cea1da7b095265e6dc4a8630ea36e7857e53,MPT,MPT,other,unified_chip2/4211,6.300979737972057e-09,9.08573365030898e-18,1.0
34d47f497b67ad71ae45fa577262cea1da7b095265e6dc4a8630ea36e7857e53,Flan-T5,Flan-T5,other,unified_chip2/4211,0.023962458595633507,0.9692509174346924,0.006786631420254707
9002b2b4c82df3cc4991bf2a124e4450e8150f97f811edb4c612aaadc8523ddf,MPT,MPT,other,unified_chip2/24457,8.397196271658913e-10,7.986827480844019e-14,1.0
9002b2b4c82df3cc4991bf2a124e4450e8150f97f811edb4c612aaadc8523ddf,Flan-T5,Flan-T5,other,unified_chip2/24457,9.846218745224178e-05,0.999891996383667,9.538136509945616e-06
9002b2b4c82df3cc4991bf2a124e4450e8150f97f811edb4c612aaadc8523ddf,ChatGLM,ChatGLM,other,unified_chip2/24457,1.0,2.932413426665059e-13,1.0387548599055663e-08
271698c5d058a07d282595df1e711d02980799c24045560b2cbd8f8d6b6eaf72,ChatGLM,ChatGLM,other,unified_chip2/139051,0.9999990463256836,4.078801776582e-14,8.951263907874818e-07
271698c5d058a07d282595df1e711d02980799c24045560b2cbd8f8d6b6eaf72,MPT,MPT,other,unified_chip2/139051,2.2635758156752672e-08,5.228073616386775e-12,1.0
271698c5d058a07d282595df1e711d02980799c24045560b2cbd8f8d6b6eaf72,Flan-T5,Flan-T5,other,unified_chip2/139051,0.0003167910035699606,0.9993877410888672,0.0002954360388685018
8dff28062da5d8d4ec2a6eaec89bd2e6406034c8ce783c6643dfc5c1d8977122,Flan-T5,Flan-T5,other,unified_chip2/68055,7.94054358266294e-07,0.9999991655349731,3.549410331621372e-12
8dff28062da5d8d4ec2a6eaec89bd2e6406034c8ce783c6643dfc5c1d8977122,MPT,MPT,other,unified_chip2/68055,1.6242389377918443e-10,4.289816145752574e-18,1.0
8dff28062da5d8d4ec2a6eaec89bd2e6406034c8ce783c6643dfc5c1d8977122,ChatGLM,ChatGLM,other,unified_chip2/68055,0.9999998807907104,1.179122967573312e-17,1.0340288270072051e-07
0421462befa48f60200972116da64f75ba5ab6ba6b018e36bc5924bd78aa1e13,ChatGLM,Flan-T5,other,dolly_15k/open_qa/1388,0.00014693262346554548,0.9998524188995361,6.022980869602179e-07
0421462befa48f60200972116da64f75ba5ab6ba6b018e36bc5924bd78aa1e13,Flan-T5,ChatGLM,other,dolly_15k/open_qa/1388,0.5473413467407227,0.4526212513446808,3.7366065953392535e-05
0421462befa48f60200972116da64f75ba5ab6ba6b018e36bc5924bd78aa1e13,MPT,MPT,other,dolly_15k/open_qa/1388,2.8502987333922647e-05,8.2255979805268e-10,0.9999715089797974
96c224dd9594a41efeb0e8ac6e25657ad933a6e46a228bbec9a1b351042e083a,MPT,MPT,other,unified_chip2/152174,3.142113652598866e-11,8.877642735284771e-16,1.0
96c224dd9594a41efeb0e8ac6e25657ad933a6e46a228bbec9a1b351042e083a,Flan-T5,Flan-T5,other,unified_chip2/152174,1.576647991896607e-05,0.9999841451644897,1.2054846365572303e-07
96c224dd9594a41efeb0e8ac6e25657ad933a6e46a228bbec9a1b351042e083a,ChatGLM,ChatGLM,other,unified_chip2/152174,1.0,1.748654525216345e-13,7.114490246928895e-11
023b320c7a86c96bb8966dd08d894dd0bfe00412dbf0e6a399f5662bf3a801c9,Flan-T5,Flan-T5,other,unified_chip2/63984,0.0015873151132836938,0.998363196849823,4.943665044265799e-05
023b320c7a86c96bb8966dd08d894dd0bfe00412dbf0e6a399f5662bf3a801c9,ChatGLM,ChatGLM,other,unified_chip2/63984,0.9978196620941162,0.0006330353207886219,0.001547258929349482
023b320c7a86c96bb8966dd08d894dd0bfe00412dbf0e6a399f5662bf3a801c9,MPT,MPT,other,unified_chip2/63984,1.159828552643738e-10,4.162760698753383e-14,1.0
00fbbf5ff4af01197ca866742c91d421c9ef2433c970249393bd8d9d676bef0c,Flan-T5,Flan-T5,other,unified_chip2/52717,2.9892419206589693e-06,0.9999816417694092,1.5360446923295967e-05
00fbbf5ff4af01197ca866742c91d421c9ef2433c970249393bd8d9d676bef0c,ChatGLM,ChatGLM,other,unified_chip2/52717,1.0,3.483854914623774e-13,6.339606357236294e-12
00fbbf5ff4af01197ca866742c91d421c9ef2433c970249393bd8d9d676bef0c,MPT,MPT,other,unified_chip2/52717,1.6030438663455516e-16,2.5125604488853315e-16,1.0
f72df1e93a23fd3480d466eb779e2a0b4398794413084408610dd7fefccd0f61,ChatGLM,ChatGLM,other,unified_chip2/78265,0.9999959468841553,7.286293217567249e-17,4.098250428796746e-06
f72df1e93a23fd3480d466eb779e2a0b4398794413084408610dd7fefccd0f61,Flan-T5,Flan-T5,other,unified_chip2/78265,9.846218745224178e-05,0.999891996383667,9.538136509945616e-06
f72df1e93a23fd3480d466eb779e2a0b4398794413084408610dd7fefccd0f61,MPT,MPT,other,unified_chip2/78265,5.4082384526158746e-15,1.2159122389069142e-17,1.0
3eafe856919a81171761ec67954ac2dcb5d5b5e180daaf5f957a55c774b1eff7,Flan-T5,Flan-T5,other,unified_chip2/32427,2.8688971724477597e-05,0.9999712705612183,9.135791856351716e-08
3eafe856919a81171761ec67954ac2dcb5d5b5e180daaf5f957a55c774b1eff7,MPT,MPT,other,unified_chip2/32427,1.641107531173778e-14,1.347842193757942e-13,1.0
3eafe856919a81171761ec67954ac2dcb5d5b5e180daaf5f957a55c774b1eff7,ChatGLM,ChatGLM,other,unified_chip2/32427,1.0,1.861194134737936e-14,3.029322570569093e-08
16180e8b2b36f8da2913a4b621b7b8f711765aebd05eb986f0ddcdd36fa697f1,ChatGLM,ChatGLM,other,unified_chip2/62240,0.6278467178344727,0.011424025520682335,0.36072930693626404
16180e8b2b36f8da2913a4b621b7b8f711765aebd05eb986f0ddcdd36fa697f1,MPT,MPT,other,unified_chip2/62240,6.324295948045844e-11,1.4287337766932568e-15,1.0
16180e8b2b36f8da2913a4b621b7b8f711765aebd05eb986f0ddcdd36fa697f1,Flan-T5,Flan-T5,other,unified_chip2/62240,0.008119274862110615,0.9907010793685913,0.0011796440230682492
b2c35ae9788f1b2dec66181317b28444cf850f08967d949d1b7fe1186d188b31,MPT,MPT,other,unified_chip2/19307,3.18841131274894e-08,1.5708347979575404e-14,1.0
b2c35ae9788f1b2dec66181317b28444cf850f08967d949d1b7fe1186d188b31,Flan-T5,Flan-T5,other,unified_chip2/19307,6.213327287696302e-05,0.999937891960144,3.10639375333821e-10
b2c35ae9788f1b2dec66181317b28444cf850f08967d949d1b7fe1186d188b31,ChatGLM,ChatGLM,other,unified_chip2/19307,1.0,2.0687786336445746e-13,4.699088774345883e-12
1585cb88ac7ef5b3ddb185ef1283a9e36fe96d8f224a622116ad42b71867e366,MPT,MPT,other,unified_chip2/128961,6.063441849307738e-13,1.1312573091010279e-14,1.0
1585cb88ac7ef5b3ddb185ef1283a9e36fe96d8f224a622116ad42b71867e366,ChatGLM,ChatGLM,other,unified_chip2/128961,1.0,1.7848157339280055e-15,1.2759158828220749e-14
1585cb88ac7ef5b3ddb185ef1283a9e36fe96d8f224a622116ad42b71867e366,Flan-T5,Flan-T5,other,unified_chip2/128961,4.222232382744551e-05,0.999957799911499,6.845624067608469e-09
b73c0f7e431e64cd99431098c9e0cb6a709729b18c1c01d8cf9e99632a2c5a6d,ChatGLM,ChatGLM,other,unified_chip2/40108,0.9999998807907104,2.798284626237546e-08,1.5615617598996323e-07
b73c0f7e431e64cd99431098c9e0cb6a709729b18c1c01d8cf9e99632a2c5a6d,Flan-T5,Flan-T5,other,unified_chip2/40108,1.0927299172180938e-06,0.999998927116394,1.1891329934621275e-11
b73c0f7e431e64cd99431098c9e0cb6a709729b18c1c01d8cf9e99632a2c5a6d,MPT,MPT,other,unified_chip2/40108,1.866339765024816e-12,9.415728355961946e-16,1.0
b9e69b87522e3b51bfedb5e3887e0ee8a24b7b86bc48dcc7c3b75b0bdd5eceac,MPT,MPT,other,unified_chip2/80844,8.501892567135659e-16,3.2396938972223155e-17,1.0
b9e69b87522e3b51bfedb5e3887e0ee8a24b7b86bc48dcc7c3b75b0bdd5eceac,ChatGLM,ChatGLM,other,unified_chip2/80844,1.0,1.7112121452906442e-13,3.840031626012319e-10
b9e69b87522e3b51bfedb5e3887e0ee8a24b7b86bc48dcc7c3b75b0bdd5eceac,Flan-T5,Flan-T5,other,unified_chip2/80844,4.1054599932977e-06,0.9999959468841553,3.1963104385468455e-10
268e4d343586d116ab9f78c50b0461a461a5c2e9ce0b1e713bb8a5dd33158bcc,ChatGLM,ChatGLM,other,unified_chip2/15041,0.9999998807907104,4.916641095989438e-13,1.1242060082850003e-07
268e4d343586d116ab9f78c50b0461a461a5c2e9ce0b1e713bb8a5dd33158bcc,Flan-T5,Flan-T5,other,unified_chip2/15041,3.2251253401227586e-07,0.9999996423721313,2.8267135299131496e-09
268e4d343586d116ab9f78c50b0461a461a5c2e9ce0b1e713bb8a5dd33158bcc,MPT,MPT,other,unified_chip2/15041,3.0204459674490133e-14,1.0519693839985966e-13,1.0
3c9d5774682432ceb9261f3ff19bf5ddac14d05be57efa20b73189a6ca5fb03a,Flan-T5,Flan-T5,other,unified_chip2/12771,0.0358755923807621,0.962780773639679,0.0013435638975352049
3c9d5774682432ceb9261f3ff19bf5ddac14d05be57efa20b73189a6ca5fb03a,MPT,MPT,other,unified_chip2/12771,1.5879970949317368e-10,3.715973244274018e-16,1.0
3c9d5774682432ceb9261f3ff19bf5ddac14d05be57efa20b73189a6ca5fb03a,ChatGLM,ChatGLM,other,unified_chip2/12771,1.0,1.3146889853892299e-14,5.06769382013772e-09
39245a244bec8cef21dc3d3c82af5a44356aae5e37d53c63e1c6baed565c9110,MPT,MPT,other,unified_chip2/82796,1.849599868819496e-07,2.381039972392668e-13,0.9999997615814209
39245a244bec8cef21dc3d3c82af5a44356aae5e37d53c63e1c6baed565c9110,ChatGLM,ChatGLM,other,unified_chip2/82796,1.0,5.1377728460533234e-11,6.698094856538717e-11
39245a244bec8cef21dc3d3c82af5a44356aae5e37d53c63e1c6baed565c9110,Flan-T5,Flan-T5,other,unified_chip2/82796,0.0001233555085491389,0.9998766183853149,3.462006503696102e-08
1ed5ec958c1a9132dbaed9bb14d6395fa606728977974bec1961273f60346449,MPT,MPT,other,unified_chip2/123844,2.440064487116612e-16,3.568378645019054e-20,1.0
1ed5ec958c1a9132dbaed9bb14d6395fa606728977974bec1961273f60346449,Flan-T5,Flan-T5,other,unified_chip2/123844,8.19063643575646e-06,0.9999892711639404,2.5417170945729595e-06
1ed5ec958c1a9132dbaed9bb14d6395fa606728977974bec1961273f60346449,ChatGLM,ChatGLM,other,unified_chip2/123844,0.9999998807907104,1.9321808320254142e-15,1.4964267336381454e-07
3c0fa3a9ad42406ee7c7d86e6bbfbfc391f092f6b3ba6e8fc79b260f685edf74,Flan-T5,Flan-T5,other,unified_chip2/38356,3.020265069153538e-07,0.9999996423721313,2.872956213206823e-11
3c0fa3a9ad42406ee7c7d86e6bbfbfc391f092f6b3ba6e8fc79b260f685edf74,ChatGLM,ChatGLM,other,unified_chip2/38356,0.9945487380027771,0.005413742735981941,3.751961048692465e-05
3c0fa3a9ad42406ee7c7d86e6bbfbfc391f092f6b3ba6e8fc79b260f685edf74,MPT,MPT,other,unified_chip2/38356,5.771181577074458e-07,3.369921258277592e-14,0.9999994039535522
d7e20a16537114aa26815808fca87f7158b54d0933f45e048ea69fa086895252,MPT,MPT,other,unified_chip2/97773,3.1300080536311725e-06,4.553519528398189e-15,0.9999969005584717
d7e20a16537114aa26815808fca87f7158b54d0933f45e048ea69fa086895252,ChatGLM,ChatGLM,other,unified_chip2/97773,0.9988872408866882,0.00044441409409046173,0.0006684233085252345
d7e20a16537114aa26815808fca87f7158b54d0933f45e048ea69fa086895252,Flan-T5,Flan-T5,other,unified_chip2/97773,0.011942174285650253,0.98585444688797,0.0022033120039850473
d960b910f419244a7cfab4f190132cd62856fa5db5568990efe257047704c126,Flan-T5,Flan-T5,other,unified_chip2/2627,8.19063643575646e-06,0.9999892711639404,2.5417170945729595e-06
d960b910f419244a7cfab4f190132cd62856fa5db5568990efe257047704c126,ChatGLM,ChatGLM,other,unified_chip2/2627,0.9999896287918091,4.6240208462222654e-07,9.907527783070691e-06
d960b910f419244a7cfab4f190132cd62856fa5db5568990efe257047704c126,MPT,MPT,other,unified_chip2/2627,4.11937499356866e-14,5.686116044896173e-19,1.0
fac38179897b00e720a4b4e7880753b886953bbf3288691992fc0e1d75e03957,ChatGLM,ChatGLM,other,unified_chip2/60685,1.0,1.2692396961867585e-16,2.7273653821491273e-11
fac38179897b00e720a4b4e7880753b886953bbf3288691992fc0e1d75e03957,Flan-T5,Flan-T5,other,unified_chip2/60685,1.544605936487642e-07,0.9999998807907104,4.104708239971444e-10
fac38179897b00e720a4b4e7880753b886953bbf3288691992fc0e1d75e03957,MPT,MPT,other,unified_chip2/60685,2.5797244340708403e-09,2.1020045079533922e-11,1.0
4654b267efc2819c1d7395e526ec71375909bbb1beaeeaa56b1fc595ab188fba,MPT,MPT,other,unified_chip2/104176,4.874938343626956e-13,2.156930574393074e-19,1.0
4654b267efc2819c1d7395e526ec71375909bbb1beaeeaa56b1fc595ab188fba,ChatGLM,ChatGLM,other,unified_chip2/104176,1.0,3.213710168948555e-17,8.831326780978088e-10
4654b267efc2819c1d7395e526ec71375909bbb1beaeeaa56b1fc595ab188fba,Flan-T5,Flan-T5,other,unified_chip2/104176,0.0036791120655834675,0.9953417778015137,0.0009791308548301458
7586986c1a0e8443ef3c1d63cb420c9711f2fb1b814f5bc838ecf23cc4e65744,MPT,MPT,other,unified_chip2/20000,2.2492233583585675e-15,4.468673687292159e-18,1.0
7586986c1a0e8443ef3c1d63cb420c9711f2fb1b814f5bc838ecf23cc4e65744,Flan-T5,Flan-T5,other,unified_chip2/20000,0.0009366546873934567,0.9988468885421753,0.00021649022528436035
7586986c1a0e8443ef3c1d63cb420c9711f2fb1b814f5bc838ecf23cc4e65744,ChatGLM,ChatGLM,other,unified_chip2/20000,0.9811305999755859,0.018774274736642838,9.51183756114915e-05
e075364725972198fbfd58c4b43fde0d065050189a3181f83dec176309c4fe29,Flan-T5,Flan-T5,other,dolly_15k/creative_writing/692,0.003175425576046109,0.7467138767242432,0.2501107454299927
e075364725972198fbfd58c4b43fde0d065050189a3181f83dec176309c4fe29,ChatGLM,ChatGLM,other,dolly_15k/creative_writing/692,0.7604338526725769,2.522481556965772e-09,0.23956619203090668
e075364725972198fbfd58c4b43fde0d065050189a3181f83dec176309c4fe29,MPT,MPT,other,dolly_15k/creative_writing/692,3.184940158829086e-12,1.3410767722016326e-14,1.0
2c0e4097e129948017aea36f52827e63fd50f7fe23955c9e3b546aa32251666a,MPT,MPT,other,unified_chip2/34654,3.9260133338769876e-11,6.449663936605732e-13,1.0
2c0e4097e129948017aea36f52827e63fd50f7fe23955c9e3b546aa32251666a,Flan-T5,Flan-T5,other,unified_chip2/34654,0.004334242083132267,0.9956657290458679,2.912958052547765e-08
2c0e4097e129948017aea36f52827e63fd50f7fe23955c9e3b546aa32251666a,ChatGLM,ChatGLM,other,unified_chip2/34654,1.0,2.709783250922932e-14,2.5226292166280473e-09
a2256b070035f64cb09f371f4ca04186fea5c46cbb04b2db4d3e87f1681c1c6b,MPT,MPT,other,dolly_15k/open_qa/17,0.007516206242144108,5.5279159028032154e-08,0.9924837946891785
a2256b070035f64cb09f371f4ca04186fea5c46cbb04b2db4d3e87f1681c1c6b,ChatGLM,ChatGLM,other,dolly_15k/open_qa/17,0.9990862607955933,6.932978430995718e-05,0.0008444487466476858
a2256b070035f64cb09f371f4ca04186fea5c46cbb04b2db4d3e87f1681c1c6b,Flan-T5,Flan-T5,other,dolly_15k/open_qa/17,1.0062361070595216e-05,0.9999898672103882,1.179199760059646e-08
e50f4ade3564e455bae9da7f96136387ef8e9d56f2138099607d85f8dc515392,Flan-T5,Flan-T5,other,dolly_15k/brainstorming/361,0.002758684800937772,0.9972412586212158,1.4439741069516288e-10
e50f4ade3564e455bae9da7f96136387ef8e9d56f2138099607d85f8dc515392,MPT,MPT,other,dolly_15k/brainstorming/361,8.503333128774548e-13,1.3418972383823584e-19,1.0
e50f4ade3564e455bae9da7f96136387ef8e9d56f2138099607d85f8dc515392,ChatGLM,Flan-T5,other,dolly_15k/brainstorming/361,0.017039814963936806,0.9829583764076233,1.8432524484524038e-06
732ea9a8f40775e98aab5111b3eb93971a6ef34461400212d1a698e4bdf38e96,Flan-T5,Flan-T5,other,unified_chip2/65920,0.08078240603208542,0.9135705828666687,0.005647003650665283
732ea9a8f40775e98aab5111b3eb93971a6ef34461400212d1a698e4bdf38e96,ChatGLM,ChatGLM,other,unified_chip2/65920,1.0,3.73941159883661e-14,3.681265795668631e-12
732ea9a8f40775e98aab5111b3eb93971a6ef34461400212d1a698e4bdf38e96,MPT,MPT,other,unified_chip2/65920,3.1418037615971173e-10,7.315235406932642e-16,1.0
fe49a84de7c25d1f2d537eb707de8b9c6cb9253d3a43c59d30192248293b3e30,MPT,MPT,other,unified_chip2/135101,7.49184356728119e-19,1.211789870586922e-19,1.0
fe49a84de7c25d1f2d537eb707de8b9c6cb9253d3a43c59d30192248293b3e30,Flan-T5,Flan-T5,other,unified_chip2/135101,0.005892407614737749,0.9924638271331787,0.0016438161255791783
fe49a84de7c25d1f2d537eb707de8b9c6cb9253d3a43c59d30192248293b3e30,ChatGLM,ChatGLM,other,unified_chip2/135101,0.9998235106468201,4.2973479139618576e-06,0.0001721766748232767
59b3d03e4a07c2ade9bc2de31765e7ed533baaf4cc9e031b116bb053d5ac4919,Flan-T5,Flan-T5,other,unified_chip2/77734,0.00014653700054623187,0.9997770190238953,7.641541742486879e-05
59b3d03e4a07c2ade9bc2de31765e7ed533baaf4cc9e031b116bb053d5ac4919,ChatGLM,ChatGLM,other,unified_chip2/77734,0.9999806880950928,1.885689744085539e-05,4.1928635141630366e-07
59b3d03e4a07c2ade9bc2de31765e7ed533baaf4cc9e031b116bb053d5ac4919,MPT,MPT,other,unified_chip2/77734,3.3022574712421923e-16,8.53504017436039e-23,1.0
57624aac43d874f42bc0f83501c9633519234bdd1a0b06db553987f2d7a669fd,MPT,MPT,other,unified_chip2/137643,1.5922002564339204e-18,2.3968748936441656e-20,1.0
57624aac43d874f42bc0f83501c9633519234bdd1a0b06db553987f2d7a669fd,Flan-T5,Flan-T5,other,unified_chip2/137643,0.0007152382750064135,0.9992825388908386,2.188676035075332e-06
57624aac43d874f42bc0f83501c9633519234bdd1a0b06db553987f2d7a669fd,ChatGLM,ChatGLM,other,unified_chip2/137643,1.0,8.856283761904393e-12,1.0398460564831069e-10
4c585c805fa0b5837a21b2105a03a3a6a437c38927817351b67dfaed38892228,MPT,MPT,other,unified_chip2/121945,3.9326820910901006e-08,2.9706719397760983e-13,1.0
4c585c805fa0b5837a21b2105a03a3a6a437c38927817351b67dfaed38892228,Flan-T5,Flan-T5,other,unified_chip2/121945,3.1154395401244983e-06,0.9999969005584717,1.4534933256982185e-09
4c585c805fa0b5837a21b2105a03a3a6a437c38927817351b67dfaed38892228,ChatGLM,ChatGLM,other,unified_chip2/121945,1.0,6.561269675362316e-14,7.918936617556938e-09
d7f4d5e6e8907bac1aa78d14edf051e33f5d07dc9e9d0fe921ed37c40b20be87,ChatGLM,ChatGLM,other,unified_chip2/35052,0.9179395437240601,0.0813150405883789,0.0007454110309481621
d7f4d5e6e8907bac1aa78d14edf051e33f5d07dc9e9d0fe921ed37c40b20be87,MPT,MPT,other,unified_chip2/35052,2.3103212742121187e-16,2.031141828687837e-17,1.0
d7f4d5e6e8907bac1aa78d14edf051e33f5d07dc9e9d0fe921ed37c40b20be87,Flan-T5,Flan-T5,other,unified_chip2/35052,0.0006063113687559962,0.9993826150894165,1.106457693822449e-05
09825fdfc2d7cb5adf9baeb82ba396c07ae93d783f7720ed95082c396d872815,MPT,MPT,writing,unified_chip2/24391,1.2563330642478832e-07,3.697107897604468e-10,0.9999998807907104
09825fdfc2d7cb5adf9baeb82ba396c07ae93d783f7720ed95082c396d872815,ChatGLM,ChatGLM,writing,unified_chip2/24391,0.9999996423721313,2.3358294853892403e-08,3.4228497725052875e-07
09825fdfc2d7cb5adf9baeb82ba396c07ae93d783f7720ed95082c396d872815,Flan-T5,Flan-T5,writing,unified_chip2/24391,3.5737794945589485e-09,1.0,1.2318730020430269e-12
bfb0140117388ec1977007e859a530cbe96d3973105c6a145014e70fa0421392,ChatGLM,ChatGLM,other,dolly_15k/open_qa/1371,0.9999890327453613,9.734628292790148e-06,1.146312342825695e-06
bfb0140117388ec1977007e859a530cbe96d3973105c6a145014e70fa0421392,Flan-T5,Flan-T5,other,dolly_15k/open_qa/1371,0.00015108453226275742,0.9994091987609863,0.00043973542051389813
bfb0140117388ec1977007e859a530cbe96d3973105c6a145014e70fa0421392,MPT,MPT,other,dolly_15k/open_qa/1371,1.5162979205562976e-10,5.4621812958755115e-17,1.0
f38708ec7ba2735e80413423806d602335093c4f26318482fbd45647a35d2c32,Flan-T5,Flan-T5,other,unified_chip2/143994,1.7898279111250304e-05,0.9999821186065674,8.48069969805465e-09
f38708ec7ba2735e80413423806d602335093c4f26318482fbd45647a35d2c32,MPT,MPT,other,unified_chip2/143994,1.0114945325767621e-07,1.44728911336987e-14,0.9999998807907104
f38708ec7ba2735e80413423806d602335093c4f26318482fbd45647a35d2c32,ChatGLM,ChatGLM,other,unified_chip2/143994,1.0,2.704453380805629e-15,1.4477545681387816e-12
6ad73fa5e556c669fd23c556b698cab6eafd06c4715fcc1755c51f25e4726f33,Flan-T5,Flan-T5,other,unified_chip2/73865,0.005410320125520229,0.9934717416763306,0.0011179264402016997
6ad73fa5e556c669fd23c556b698cab6eafd06c4715fcc1755c51f25e4726f33,MPT,MPT,other,unified_chip2/73865,8.44984413106431e-07,2.1624516885852813e-16,0.9999991655349731
6ad73fa5e556c669fd23c556b698cab6eafd06c4715fcc1755c51f25e4726f33,ChatGLM,ChatGLM,other,unified_chip2/73865,0.9508149027824402,0.005583883263170719,0.04360126703977585
9e1c5fe9f09ba6089d7ebfeafe004d66f32fc1c1617b3223fc19a4e3ed65543b,ChatGLM,ChatGLM,other,unified_chip2/99666,0.8738189935684204,0.12584640085697174,0.000334555865265429
9e1c5fe9f09ba6089d7ebfeafe004d66f32fc1c1617b3223fc19a4e3ed65543b,MPT,MPT,other,unified_chip2/99666,9.240042709279805e-05,3.3102399097371168e-15,0.9999076128005981
9e1c5fe9f09ba6089d7ebfeafe004d66f32fc1c1617b3223fc19a4e3ed65543b,Flan-T5,Flan-T5,other,unified_chip2/99666,0.0281662680208683,0.9692983031272888,0.002535443753004074
504ea7431400ccf940b6a5494e9f4759fde57338f640f43124f48ef2fe2af89d,Flan-T5,Flan-T5,other,unified_chip2/24398,0.0005518511170521379,0.9994292855262756,1.88605954463128e-05
504ea7431400ccf940b6a5494e9f4759fde57338f640f43124f48ef2fe2af89d,ChatGLM,ChatGLM,other,unified_chip2/24398,0.9999268054962158,6.626024617872872e-09,7.313945388887078e-05
504ea7431400ccf940b6a5494e9f4759fde57338f640f43124f48ef2fe2af89d,MPT,MPT,other,unified_chip2/24398,1.0313457643462698e-08,4.0751446615396484e-17,1.0
432f953edabf74dc3ff8fd8595dcea4ea67a866cf4c6b9fbc6e802c3d710a8c7,Flan-T5,Flan-T5,other,unified_chip2/87140,0.002112315036356449,0.9978631138801575,2.461010626575444e-05
432f953edabf74dc3ff8fd8595dcea4ea67a866cf4c6b9fbc6e802c3d710a8c7,ChatGLM,ChatGLM,other,unified_chip2/87140,1.0,1.8568618219400595e-17,1.5751726312185355e-11
432f953edabf74dc3ff8fd8595dcea4ea67a866cf4c6b9fbc6e802c3d710a8c7,MPT,MPT,other,unified_chip2/87140,1.1176225960321529e-12,3.6752015118812794e-17,1.0
1bfea125aa6fca21cc1673e8460c00a586f287de5c2ecc2a828470bc4a62acf5,ChatGLM,ChatGLM,other,unified_chip2/138542,1.0,2.555370466009871e-13,4.217318855248564e-11
1bfea125aa6fca21cc1673e8460c00a586f287de5c2ecc2a828470bc4a62acf5,MPT,MPT,other,unified_chip2/138542,1.6193739682535124e-09,1.526644670876766e-16,1.0
1bfea125aa6fca21cc1673e8460c00a586f287de5c2ecc2a828470bc4a62acf5,Flan-T5,Flan-T5,other,unified_chip2/138542,0.0001749597431626171,0.9998250603675842,1.760409240603167e-08
f8d092936e5dc24b23e557e50b3e78f66dd34b69f914350b95fd84384aa03390,Flan-T5,Flan-T5,other,unified_chip2/108109,5.7131683206534944e-06,0.9999942779541016,1.1298655344660347e-08
f8d092936e5dc24b23e557e50b3e78f66dd34b69f914350b95fd84384aa03390,MPT,MPT,other,unified_chip2/108109,5.890095417271368e-05,1.0846742341114046e-12,0.9999411106109619
f8d092936e5dc24b23e557e50b3e78f66dd34b69f914350b95fd84384aa03390,ChatGLM,ChatGLM,other,unified_chip2/108109,1.0,2.6052620011077205e-18,5.418272167739824e-12
1b41bdc4fe43519f962f55809b99314fab9e53e700b630aeb862f05ed1ed160d,ChatGLM,ChatGLM,other,unified_chip2/43989,1.0,3.265421516084749e-13,4.688726074064675e-10
1b41bdc4fe43519f962f55809b99314fab9e53e700b630aeb862f05ed1ed160d,MPT,MPT,other,unified_chip2/43989,1.208901939463809e-15,2.5075187016262293e-20,1.0
1b41bdc4fe43519f962f55809b99314fab9e53e700b630aeb862f05ed1ed160d,Flan-T5,Flan-T5,other,unified_chip2/43989,7.559745426988229e-06,0.9999924898147583,7.544116442659288e-10
dd76e33255d07ce3b5d0766ec8aa00a82bd01ec2baba3fb268e5b77ec00a4dd0,Flan-T5,Flan-T5,other,unified_chip2/131493,1.2716486530450766e-08,1.0,2.5834223649212618e-09
dd76e33255d07ce3b5d0766ec8aa00a82bd01ec2baba3fb268e5b77ec00a4dd0,ChatGLM,ChatGLM,other,unified_chip2/131493,0.9999996423721313,5.073557100430861e-15,3.5301388834341196e-07
dd76e33255d07ce3b5d0766ec8aa00a82bd01ec2baba3fb268e5b77ec00a4dd0,MPT,MPT,other,unified_chip2/131493,5.527486020978634e-13,3.882668383851928e-13,1.0
13924808f05f0bb654c4b0213dcc8920c29caf922ce075e99403837a4c082909,ChatGLM,ChatGLM,other,unified_chip2/47772,0.9999998807907104,2.0323217257310275e-15,1.673470251262188e-07
13924808f05f0bb654c4b0213dcc8920c29caf922ce075e99403837a4c082909,Flan-T5,Flan-T5,other,unified_chip2/47772,9.846218745224178e-05,0.999891996383667,9.538136509945616e-06
13924808f05f0bb654c4b0213dcc8920c29caf922ce075e99403837a4c082909,MPT,MPT,other,unified_chip2/47772,4.531006680963401e-08,3.778555955944547e-15,1.0
a9dccb69bc4ce432afca43705f4a47f1def24926adf1a7cfe8f61ed22df49112,MPT,MPT,other,unified_chip2/74878,5.584126050450777e-09,9.901821357257365e-19,1.0
a9dccb69bc4ce432afca43705f4a47f1def24926adf1a7cfe8f61ed22df49112,Flan-T5,Flan-T5,other,unified_chip2/74878,0.004330678842961788,0.9953705668449402,0.0002986944455187768
a9dccb69bc4ce432afca43705f4a47f1def24926adf1a7cfe8f61ed22df49112,ChatGLM,ChatGLM,other,unified_chip2/74878,0.9990764856338501,1.5822619906999402e-12,0.0009234466124325991
ff273e1d292a63d5773d05deaa3494251c4fd49cea4210c1dbd29cf9dbb6cdc6,Flan-T5,Flan-T5,other,unified_chip2/3114,0.0015178800094872713,0.9984815716743469,5.316013584888424e-07
ff273e1d292a63d5773d05deaa3494251c4fd49cea4210c1dbd29cf9dbb6cdc6,ChatGLM,ChatGLM,other,unified_chip2/3114,0.9999985694885254,8.575600760106841e-14,1.3916411489844904e-06
ff273e1d292a63d5773d05deaa3494251c4fd49cea4210c1dbd29cf9dbb6cdc6,MPT,MPT,other,unified_chip2/3114,0.00018154563440475613,3.5606226300721744e-11,0.9998185038566589
8bcc14a670df5e1877f679c51256212e017174eee86621fc8e2df382794e97a4,Flan-T5,Flan-T5,other,unified_chip2/153923,6.133854668632921e-08,0.9999998807907104,8.83579609478602e-09
8bcc14a670df5e1877f679c51256212e017174eee86621fc8e2df382794e97a4,MPT,MPT,other,unified_chip2/153923,2.364541811929557e-15,3.4010033810930165e-17,1.0
8bcc14a670df5e1877f679c51256212e017174eee86621fc8e2df382794e97a4,ChatGLM,ChatGLM,other,unified_chip2/153923,1.0,2.1291667972982153e-13,4.759802552101178e-10
285d6b94263a02006205657efd81748d058162b8c7f86a0aabba420937a5020b,MPT,MPT,other,unified_chip2/142767,9.116452304169798e-08,1.0128814562256061e-13,0.9999998807907104
285d6b94263a02006205657efd81748d058162b8c7f86a0aabba420937a5020b,ChatGLM,ChatGLM,other,unified_chip2/142767,0.999994158744812,4.53773100161925e-06,1.3626622603624128e-06
285d6b94263a02006205657efd81748d058162b8c7f86a0aabba420937a5020b,Flan-T5,Flan-T5,other,unified_chip2/142767,9.846218745224178e-05,0.999891996383667,9.538136509945616e-06
b80113755f56d973754b0416e9486b9f2f008b9f30021371456188ee8c69dc63,MPT,MPT,other,unified_chip2/46727,4.807772669562782e-12,1.2555124854259775e-13,1.0
b80113755f56d973754b0416e9486b9f2f008b9f30021371456188ee8c69dc63,ChatGLM,ChatGLM,other,unified_chip2/46727,1.0,4.4033673192098166e-13,1.1712932013185906e-10
b80113755f56d973754b0416e9486b9f2f008b9f30021371456188ee8c69dc63,Flan-T5,Flan-T5,other,unified_chip2/46727,8.19063643575646e-06,0.9999892711639404,2.5417170945729595e-06
0e5f7d53f09bbd562791513919a3a0e46d4f3172cccaf0285db38ef7d0aaff21,MPT,MPT,math,unified_chip2/103600,3.6516793061602826e-11,6.976952788293259e-14,1.0
0e5f7d53f09bbd562791513919a3a0e46d4f3172cccaf0285db38ef7d0aaff21,ChatGLM,Flan-T5,math,unified_chip2/103600,0.00020102794223930687,0.9997989535331726,3.5018633826044976e-11
0e5f7d53f09bbd562791513919a3a0e46d4f3172cccaf0285db38ef7d0aaff21,Flan-T5,Flan-T5,math,unified_chip2/103600,5.685409973921196e-07,0.9999994039535522,6.37278099215044e-13
ce9214481124bbee0f36308e0abddba59a8ccf86e6c9732b490bd970fbb5a00a,Flan-T5,Flan-T5,other,unified_chip2/5856,9.846218745224178e-05,0.999891996383667,9.538136509945616e-06
ce9214481124bbee0f36308e0abddba59a8ccf86e6c9732b490bd970fbb5a00a,MPT,MPT,other,unified_chip2/5856,2.3373840640772414e-09,0.0011802364606410265,0.9988197684288025
ce9214481124bbee0f36308e0abddba59a8ccf86e6c9732b490bd970fbb5a00a,ChatGLM,ChatGLM,other,unified_chip2/5856,1.0,9.654607668885262e-11,9.402553402537706e-09
f3edc1bcf2ec45bb049f3fef583c8126bcf74eb371ec52569f46a6a373008268,Flan-T5,Flan-T5,other,unified_chip2/71107,5.355321874844776e-08,1.0,1.4996369701592016e-09
f3edc1bcf2ec45bb049f3fef583c8126bcf74eb371ec52569f46a6a373008268,ChatGLM,ChatGLM,other,unified_chip2/71107,0.9999996423721313,5.647681511324203e-18,3.780732527047803e-07
f3edc1bcf2ec45bb049f3fef583c8126bcf74eb371ec52569f46a6a373008268,MPT,ChatGLM,other,unified_chip2/71107,0.8911749124526978,8.971807255875319e-05,0.10873530805110931
06e00460a5f203dcb796545b60b468b676d6a74b78b074f14a1c07772a1e4346,ChatGLM,ChatGLM,other,unified_chip2/50352,1.0,3.76279097873025e-15,1.4292238182875283e-12
06e00460a5f203dcb796545b60b468b676d6a74b78b074f14a1c07772a1e4346,MPT,MPT,other,unified_chip2/50352,2.9625990549675407e-08,6.371147533157373e-12,1.0
06e00460a5f203dcb796545b60b468b676d6a74b78b074f14a1c07772a1e4346,Flan-T5,Flan-T5,other,unified_chip2/50352,1.2926157033632535e-08,1.0,7.783046207521238e-09
96c5c0e4946a3c5d313d2c560e9d2a4ec12e022fd3f9b0be7bdb786bd9e3102f,ChatGLM,ChatGLM,other,unified_chip2/107231,0.9999678134918213,3.0349581720656715e-05,1.7827558167482493e-06
96c5c0e4946a3c5d313d2c560e9d2a4ec12e022fd3f9b0be7bdb786bd9e3102f,Flan-T5,ChatGLM,other,unified_chip2/107231,0.5582073330879211,0.3627929389476776,0.07899976521730423
96c5c0e4946a3c5d313d2c560e9d2a4ec12e022fd3f9b0be7bdb786bd9e3102f,MPT,MPT,other,unified_chip2/107231,2.066300960629902e-14,5.767679001365605e-15,1.0
5112836f37f554d635dd0eebdcdae40275799ab33dfa7f6af2462854f3b9fa88,ChatGLM,Flan-T5,other,dolly_15k/open_qa/2963,0.2220941036939621,0.7779017090797424,4.201740011922084e-06
5112836f37f554d635dd0eebdcdae40275799ab33dfa7f6af2462854f3b9fa88,MPT,MPT,other,dolly_15k/open_qa/2963,5.747640696718292e-10,3.8744339181150865e-17,1.0
5112836f37f554d635dd0eebdcdae40275799ab33dfa7f6af2462854f3b9fa88,Flan-T5,Flan-T5,other,dolly_15k/open_qa/2963,3.823794031632133e-05,0.9999580383300781,3.738799250641023e-06
0cfb2176b1d7f19001eacb5f5944aa2c8c3adea555957fd637d9b6c7cd2e0205,MPT,MPT,other,dolly_15k/classification/110,8.099171290229523e-13,1.8694183616000685e-19,1.0
0cfb2176b1d7f19001eacb5f5944aa2c8c3adea555957fd637d9b6c7cd2e0205,ChatGLM,Flan-T5,other,dolly_15k/classification/110,0.03635786473751068,0.9636397957801819,2.3211171082948567e-06
0cfb2176b1d7f19001eacb5f5944aa2c8c3adea555957fd637d9b6c7cd2e0205,Flan-T5,Flan-T5,other,dolly_15k/classification/110,0.0020958397071808577,0.9973760843276978,0.0005281187477521598
801e2a8f81c57a5620045b2369f3fefd988f66037c19f9feb6c7e1e93c807406,ChatGLM,ChatGLM,other,unified_chip2/139220,1.0,3.673144823241117e-15,8.732997658356112e-11
801e2a8f81c57a5620045b2369f3fefd988f66037c19f9feb6c7e1e93c807406,Flan-T5,Flan-T5,other,unified_chip2/139220,4.549712684820406e-06,0.999995231628418,2.621769112920447e-07
801e2a8f81c57a5620045b2369f3fefd988f66037c19f9feb6c7e1e93c807406,MPT,MPT,other,unified_chip2/139220,1.4040908808965469e-06,2.0711336291834304e-12,0.9999985694885254
0c08669ae1f68ef256c03758e549e832ec209b56a0800a90715f28081afac124,Flan-T5,Flan-T5,other,unified_chip2/135464,0.001542959245853126,0.9984569549560547,5.0918838923053045e-08
0c08669ae1f68ef256c03758e549e832ec209b56a0800a90715f28081afac124,MPT,MPT,other,unified_chip2/135464,1.2158006545970323e-10,8.43969398490671e-15,1.0
0c08669ae1f68ef256c03758e549e832ec209b56a0800a90715f28081afac124,ChatGLM,Flan-T5,other,unified_chip2/135464,0.17404618859291077,0.8258441686630249,0.00010960958752548322
4d83663168aceccb96ee6399dadbe01991b0006469177a74ebfbccbc0b43a23f,Flan-T5,Flan-T5,other,unified_chip2/49466,1.1793489740341556e-08,1.0,1.1774237140826926e-10
4d83663168aceccb96ee6399dadbe01991b0006469177a74ebfbccbc0b43a23f,MPT,MPT,other,unified_chip2/49466,1.6087138732245876e-08,1.2452229240003101e-15,1.0
4d83663168aceccb96ee6399dadbe01991b0006469177a74ebfbccbc0b43a23f,ChatGLM,ChatGLM,other,unified_chip2/49466,1.0,2.1072369110058942e-13,3.3336584603915753e-09
40107ee8ee6ddee15fcc5cc0dcdd94889f6709154b8c8a22edf176599221d294,MPT,MPT,other,dolly_15k/summarization/1002,2.6372124040108247e-08,3.712751324089336e-19,1.0
40107ee8ee6ddee15fcc5cc0dcdd94889f6709154b8c8a22edf176599221d294,Flan-T5,Flan-T5,other,dolly_15k/summarization/1002,0.0005223675980232656,0.9993540644645691,0.00012361622066237032
40107ee8ee6ddee15fcc5cc0dcdd94889f6709154b8c8a22edf176599221d294,ChatGLM,ChatGLM,other,dolly_15k/summarization/1002,0.999954342842102,4.311336306273006e-05,2.5612819172238233e-06
87ef1214422e1aa2289834a606269d252b9b8e4ce3c112d6121399b03a6b454c,MPT,MPT,other,unified_chip2/55271,1.7434673496574682e-11,1.6364971308418727e-14,1.0
87ef1214422e1aa2289834a606269d252b9b8e4ce3c112d6121399b03a6b454c,ChatGLM,ChatGLM,other,unified_chip2/55271,1.0,4.104696516103718e-16,6.244096906193874e-11
87ef1214422e1aa2289834a606269d252b9b8e4ce3c112d6121399b03a6b454c,Flan-T5,Flan-T5,other,unified_chip2/55271,5.3659427976526786e-06,0.9999946355819702,1.12005800190218e-08
0e0d0dcf42ba96b5874aa129e61527c084931b3503723d9756e24df1184c4baf,Flan-T5,ChatGLM,other,dolly_15k/brainstorming/208,0.9356974363327026,0.06426237523555756,4.010686825495213e-05
0e0d0dcf42ba96b5874aa129e61527c084931b3503723d9756e24df1184c4baf,ChatGLM,ChatGLM,other,dolly_15k/brainstorming/208,1.0,5.2403675338983866e-14,8.409409835152815e-10
0e0d0dcf42ba96b5874aa129e61527c084931b3503723d9756e24df1184c4baf,MPT,MPT,other,dolly_15k/brainstorming/208,1.0179856957392985e-08,2.514474739534478e-11,1.0
f4b16d4a314ac5c121becf818650bf7e7acaa59acf739e542bd78a3ad5509cf5,MPT,MPT,other,unified_chip2/113623,4.1475891521258745e-07,7.407401379560738e-14,0.9999996423721313
f4b16d4a314ac5c121becf818650bf7e7acaa59acf739e542bd78a3ad5509cf5,Flan-T5,Flan-T5,other,unified_chip2/113623,2.4960661903605796e-05,0.9999750852584839,1.4785846158549276e-10
f4b16d4a314ac5c121becf818650bf7e7acaa59acf739e542bd78a3ad5509cf5,ChatGLM,ChatGLM,other,unified_chip2/113623,0.9991374015808105,0.0002885989670176059,0.0005739968619309366
2f8f93f78613b700ec1a771aecca6fdaa4345b9855ec96c77d79f22754c18960,ChatGLM,MPT,other,unified_chip2/55055,0.007036813069134951,6.988198908430832e-11,0.9929632544517517
2f8f93f78613b700ec1a771aecca6fdaa4345b9855ec96c77d79f22754c18960,MPT,MPT,other,unified_chip2/55055,3.921672361850703e-11,1.6293055107615179e-18,1.0
2f8f93f78613b700ec1a771aecca6fdaa4345b9855ec96c77d79f22754c18960,Flan-T5,ChatGLM,other,unified_chip2/55055,0.9047876000404358,0.09487802535295486,0.00033440269180573523
4f155c6ad152b1cbbc6cbc55d702aa09bb6200ee6bb466764920eb2519bd842c,MPT,MPT,other,unified_chip2/71091,2.7720327011593326e-07,4.8803973777983853e-17,0.9999997615814209
4f155c6ad152b1cbbc6cbc55d702aa09bb6200ee6bb466764920eb2519bd842c,Flan-T5,Flan-T5,other,unified_chip2/71091,0.0034374049864709377,0.9828181862831116,0.013744416646659374
4f155c6ad152b1cbbc6cbc55d702aa09bb6200ee6bb466764920eb2519bd842c,ChatGLM,ChatGLM,other,unified_chip2/71091,1.0,5.588174138057138e-17,4.468158915776899e-12
23d180c2ee1648f524933110947f40a25990dabf105e16135b5ff10a5d6e8785,Flan-T5,Flan-T5,other,unified_chip2/104908,0.0006063113687559962,0.9993826150894165,1.106457693822449e-05
23d180c2ee1648f524933110947f40a25990dabf105e16135b5ff10a5d6e8785,MPT,MPT,other,unified_chip2/104908,4.205815556934667e-11,1.1883586376358135e-15,1.0
23d180c2ee1648f524933110947f40a25990dabf105e16135b5ff10a5d6e8785,ChatGLM,ChatGLM,other,unified_chip2/104908,1.0,4.088461594422372e-15,4.417576082715868e-09
af525959225079a7c262b431ed02f1575b7ffe7fbe8fad820171955a674d23c6,ChatGLM,ChatGLM,other,dolly_15k/brainstorming/1170,0.998734176158905,7.938251656014472e-08,0.0012657176703214645
af525959225079a7c262b431ed02f1575b7ffe7fbe8fad820171955a674d23c6,Flan-T5,Flan-T5,other,dolly_15k/brainstorming/1170,0.006617953069508076,0.993378758430481,3.2568618735240307e-06
af525959225079a7c262b431ed02f1575b7ffe7fbe8fad820171955a674d23c6,MPT,MPT,other,dolly_15k/brainstorming/1170,6.03029889134632e-07,3.9116863873272636e-20,0.9999994039535522
65401525be3a02056ed78e9a1b87b334089d69cdc2e821f6f27186200a91616a,Flan-T5,Flan-T5,other,unified_chip2/140731,0.00031606617267243564,0.9996622800827026,2.1631005438393913e-05
65401525be3a02056ed78e9a1b87b334089d69cdc2e821f6f27186200a91616a,ChatGLM,ChatGLM,other,unified_chip2/140731,0.9999940395355225,5.377241762971607e-09,6.019633474352304e-06
65401525be3a02056ed78e9a1b87b334089d69cdc2e821f6f27186200a91616a,MPT,MPT,other,unified_chip2/140731,7.85972442685079e-09,8.064890769099442e-12,1.0
9544a3dcd5ddbbe5df22e09536b05c95948dafb0041b1252344eda49a0c87c54,Flan-T5,Flan-T5,other,unified_chip2/41125,5.374264674173901e-06,0.9999946355819702,1.7512519212559141e-09
9544a3dcd5ddbbe5df22e09536b05c95948dafb0041b1252344eda49a0c87c54,MPT,MPT,other,unified_chip2/41125,5.319148533075292e-17,4.886495379743906e-15,1.0
9544a3dcd5ddbbe5df22e09536b05c95948dafb0041b1252344eda49a0c87c54,ChatGLM,ChatGLM,other,unified_chip2/41125,0.8625082969665527,0.13711516559123993,0.00037655371124856174
1f596a71977bbdb0cfa4a887b3513e887e90c73e4ce4859cbaff1d350439da9b,ChatGLM,ChatGLM,other,unified_chip2/104053,0.9999871253967285,4.974375400479403e-08,1.28890824271366e-05
1f596a71977bbdb0cfa4a887b3513e887e90c73e4ce4859cbaff1d350439da9b,Flan-T5,Flan-T5,other,unified_chip2/104053,0.0013621639227494597,0.9986259937286377,1.1822856322396547e-05
1f596a71977bbdb0cfa4a887b3513e887e90c73e4ce4859cbaff1d350439da9b,MPT,MPT,other,unified_chip2/104053,3.9111891923255127e-16,1.6172676547046102e-18,1.0
07d81cebb55f6e4332e7321a01d1f3134218210b83a483131b24af7a34dbf895,MPT,MPT,other,unified_chip2/104635,2.8450820258735243e-14,5.1479762293304976e-14,1.0
07d81cebb55f6e4332e7321a01d1f3134218210b83a483131b24af7a34dbf895,Flan-T5,Flan-T5,other,unified_chip2/104635,0.00018673075828701258,0.9998106360435486,2.706391342144343e-06
07d81cebb55f6e4332e7321a01d1f3134218210b83a483131b24af7a34dbf895,ChatGLM,ChatGLM,other,unified_chip2/104635,0.9999991655349731,3.186745301236166e-14,7.797245302754163e-07
64833d8d99980897a13fb5c3ea18df6e96c1bc942a350c2e5dec14a762b370bc,ChatGLM,ChatGLM,other,unified_chip2/77842,1.0,3.516769124176089e-13,5.882098974563377e-11
64833d8d99980897a13fb5c3ea18df6e96c1bc942a350c2e5dec14a762b370bc,MPT,MPT,other,unified_chip2/77842,1.1160179376680703e-17,1.60038438141452e-18,1.0
64833d8d99980897a13fb5c3ea18df6e96c1bc942a350c2e5dec14a762b370bc,Flan-T5,Flan-T5,other,unified_chip2/77842,4.06268441111024e-07,0.9999996423721313,7.41649242019804e-10
35eea3679de80e04589d2c971a0b1730ecf3fe82ae801d969db3812147a11295,MPT,MPT,other,unified_chip2/68594,6.641872801227443e-16,5.56260896317333e-17,1.0
35eea3679de80e04589d2c971a0b1730ecf3fe82ae801d969db3812147a11295,Flan-T5,Flan-T5,other,unified_chip2/68594,7.632243068655953e-06,0.9999923706054688,4.2451848258906466e-08
35eea3679de80e04589d2c971a0b1730ecf3fe82ae801d969db3812147a11295,ChatGLM,ChatGLM,other,unified_chip2/68594,1.0,1.0834384028769652e-14,1.0188096893903875e-11
8e726155bb54549c41d844cbd1f8ded79280dc4715134e4190c579a2b32afb4b,ChatGLM,ChatGLM,other,unified_chip2/7835,0.9999853372573853,6.425596552617208e-07,1.4113991710473783e-05
8e726155bb54549c41d844cbd1f8ded79280dc4715134e4190c579a2b32afb4b,MPT,MPT,other,unified_chip2/7835,0.002097019925713539,8.955017283263089e-11,0.9979029893875122
8e726155bb54549c41d844cbd1f8ded79280dc4715134e4190c579a2b32afb4b,Flan-T5,Flan-T5,other,unified_chip2/7835,0.0006063113687559962,0.9993826150894165,1.106457693822449e-05
15f6476948ee26ea9a869f6a8366935dbbf3e7e58a3df791aa729cb633dea5ce,MPT,MPT,other,unified_chip2/33236,0.0005894239293411374,8.772941574586302e-12,0.9994106292724609
15f6476948ee26ea9a869f6a8366935dbbf3e7e58a3df791aa729cb633dea5ce,ChatGLM,ChatGLM,other,unified_chip2/33236,1.0,3.5255599068590064e-17,5.2435448344434477e-11
15f6476948ee26ea9a869f6a8366935dbbf3e7e58a3df791aa729cb633dea5ce,Flan-T5,Flan-T5,other,unified_chip2/33236,0.0006063113687559962,0.9993826150894165,1.106457693822449e-05
74d4393816b3e873dda712902fb299370df74fe8f3dd0fc306386240efc4689c,Flan-T5,Flan-T5,other,unified_chip2/48428,0.000356098375050351,0.9996370077133179,6.939530067029409e-06
74d4393816b3e873dda712902fb299370df74fe8f3dd0fc306386240efc4689c,ChatGLM,ChatGLM,other,unified_chip2/48428,0.9999983310699463,5.816923548743191e-14,1.6391875305998838e-06
74d4393816b3e873dda712902fb299370df74fe8f3dd0fc306386240efc4689c,MPT,MPT,other,unified_chip2/48428,2.5644936840762966e-07,3.419266536401452e-17,0.9999997615814209
bdccea16c721209dc9a8e7782e1c99da81a91681fc1f6af86a59fbbf67e66ad1,Flan-T5,Flan-T5,other,unified_chip2/124870,1.1383665423636558e-06,0.9999988079071045,3.773289181108197e-10
bdccea16c721209dc9a8e7782e1c99da81a91681fc1f6af86a59fbbf67e66ad1,ChatGLM,Flan-T5,other,unified_chip2/124870,0.04573329910635948,0.9542571306228638,9.583706741977949e-06
bdccea16c721209dc9a8e7782e1c99da81a91681fc1f6af86a59fbbf67e66ad1,MPT,MPT,other,unified_chip2/124870,1.5563388793861377e-13,1.1112107497449498e-14,1.0
6f2fc80adbbb1ca92f20c8aa87e46da74630c755f944e91ef99b6db24e23801a,MPT,MPT,other,unified_chip2/93354,9.731242244015448e-06,7.672067148245532e-11,0.9999902248382568
6f2fc80adbbb1ca92f20c8aa87e46da74630c755f944e91ef99b6db24e23801a,Flan-T5,Flan-T5,other,unified_chip2/93354,0.009847686626017094,0.9893267154693604,0.0008255816646851599
6f2fc80adbbb1ca92f20c8aa87e46da74630c755f944e91ef99b6db24e23801a,ChatGLM,ChatGLM,other,unified_chip2/93354,0.9478920698165894,0.05008735507726669,0.002020504791289568
db5e5ba1b8f3b61c0a3ebbabadacd506fb9d259ca8d2d8350e265cb207c7c75c,ChatGLM,ChatGLM,other,unified_chip2/149076,1.0,1.7980022581475658e-14,1.1413979136842833e-11
db5e5ba1b8f3b61c0a3ebbabadacd506fb9d259ca8d2d8350e265cb207c7c75c,MPT,MPT,other,unified_chip2/149076,2.6380284907645546e-06,1.0813969077844154e-12,0.9999973773956299
db5e5ba1b8f3b61c0a3ebbabadacd506fb9d259ca8d2d8350e265cb207c7c75c,Flan-T5,Flan-T5,other,unified_chip2/149076,3.743755314644659e-06,0.9999963045120239,1.0450686538376885e-08
ab812f58668278ff4f92560a80d2492c23c34a8ae96ab4a8832395a9b5aa7f90,MPT,MPT,other,unified_chip2/31890,3.1341960493591614e-06,8.699911901999258e-09,0.9999969005584717
ab812f58668278ff4f92560a80d2492c23c34a8ae96ab4a8832395a9b5aa7f90,ChatGLM,ChatGLM,other,unified_chip2/31890,0.9999977350234985,1.793508646718428e-13,2.257183723486378e-06
ab812f58668278ff4f92560a80d2492c23c34a8ae96ab4a8832395a9b5aa7f90,Flan-T5,Flan-T5,other,unified_chip2/31890,3.256572611576303e-08,1.0,1.1500391611241056e-10
51881dde8f32e30472b72ba1014a3206888907ed8ecf72c9ce2d89ea0110c2f4,MPT,MPT,other,unified_chip2/114199,5.792946922156261e-07,7.30254658826146e-12,0.9999994039535522
51881dde8f32e30472b72ba1014a3206888907ed8ecf72c9ce2d89ea0110c2f4,Flan-T5,Flan-T5,other,unified_chip2/114199,5.8134597830106216e-11,1.0,4.8910537078783456e-12
51881dde8f32e30472b72ba1014a3206888907ed8ecf72c9ce2d89ea0110c2f4,ChatGLM,ChatGLM,other,unified_chip2/114199,1.0,2.5427958027895536e-18,1.165921878357526e-13
eadacf35609c96f7f0a0f46eb93d9aa79e67cb8ed8bd00d19e51e538fa268533,Flan-T5,Flan-T5,other,unified_chip2/159584,2.3634589396692718e-08,1.0,2.3505879909180294e-08
eadacf35609c96f7f0a0f46eb93d9aa79e67cb8ed8bd00d19e51e538fa268533,MPT,MPT,other,unified_chip2/159584,1.2328192633415114e-10,2.0433673265307992e-16,1.0
eadacf35609c96f7f0a0f46eb93d9aa79e67cb8ed8bd00d19e51e538fa268533,ChatGLM,ChatGLM,other,unified_chip2/159584,1.0,9.726635187383426e-15,5.013255435781794e-11
e3bd813f0c0bf0659cd8fccc08d14a67c5863f2452152d81083c019cf553f1db,ChatGLM,ChatGLM,other,unified_chip2/144906,1.0,1.0348010437884287e-17,6.49861409129926e-09
e3bd813f0c0bf0659cd8fccc08d14a67c5863f2452152d81083c019cf553f1db,MPT,MPT,other,unified_chip2/144906,5.539888547900773e-09,1.421127890665501e-17,1.0
e3bd813f0c0bf0659cd8fccc08d14a67c5863f2452152d81083c019cf553f1db,Flan-T5,Flan-T5,other,unified_chip2/144906,0.07201928645372391,0.918616533279419,0.009364130906760693
05e6c32dd618c0c8de96b08ab697b906f5ec6bad9da6bbfed4cad0c3c2782ab1,Flan-T5,Flan-T5,other,unified_chip2/42906,0.007073028478771448,0.9893237948417664,0.0036031354684382677
05e6c32dd618c0c8de96b08ab697b906f5ec6bad9da6bbfed4cad0c3c2782ab1,MPT,MPT,other,unified_chip2/42906,4.5105741109394484e-14,3.08979888251133e-21,1.0
05e6c32dd618c0c8de96b08ab697b906f5ec6bad9da6bbfed4cad0c3c2782ab1,ChatGLM,ChatGLM,other,unified_chip2/42906,1.0,8.279632081305641e-18,1.8959762145692727e-12
60591553c8776f5df3110a9a9bce9b3fda9f7814150d2a0bdd0c26a952b988df,Flan-T5,Flan-T5,other,unified_chip2/113954,0.0006063113687559962,0.9993826150894165,1.106457693822449e-05
60591553c8776f5df3110a9a9bce9b3fda9f7814150d2a0bdd0c26a952b988df,ChatGLM,ChatGLM,other,unified_chip2/113954,0.9998418092727661,2.4264047624455998e-06,0.00015576691657770425
60591553c8776f5df3110a9a9bce9b3fda9f7814150d2a0bdd0c26a952b988df,MPT,MPT,other,unified_chip2/113954,8.817162465268446e-16,5.636730963502981e-17,1.0
b7eae051f6e10091c58e29e4b55df40e1ee4670488cd9df772aad0c54e7cd739,ChatGLM,ChatGLM,other,unified_chip2/102302,1.0,6.2649847501928136e-15,7.11204775627472e-11
b7eae051f6e10091c58e29e4b55df40e1ee4670488cd9df772aad0c54e7cd739,Flan-T5,Flan-T5,other,unified_chip2/102302,3.9410615215729194e-08,1.0,1.2700041018831598e-10
b7eae051f6e10091c58e29e4b55df40e1ee4670488cd9df772aad0c54e7cd739,MPT,MPT,other,unified_chip2/102302,1.0815147666320968e-09,9.000967506056501e-12,1.0
8d5f7a7bcbe519183a7cf2cffeba9439f401b530bf1f467889c771cdfa29455b,Flan-T5,Flan-T5,other,unified_chip2/126619,9.846218745224178e-05,0.999891996383667,9.538136509945616e-06
8d5f7a7bcbe519183a7cf2cffeba9439f401b530bf1f467889c771cdfa29455b,ChatGLM,ChatGLM,other,unified_chip2/126619,1.0,8.156070931749238e-15,3.6484489041033186e-11
8d5f7a7bcbe519183a7cf2cffeba9439f401b530bf1f467889c771cdfa29455b,MPT,MPT,other,unified_chip2/126619,3.1392660975755994e-16,2.097913866053812e-16,1.0
8ff0f1dd5e7d0df02ea2ecd64895b9a3bb4e0812c44ee7f3019392a00e0d7817,Flan-T5,Flan-T5,other,unified_chip2/64051,8.150420853780815e-07,0.9999991655349731,4.416000551343835e-11
8ff0f1dd5e7d0df02ea2ecd64895b9a3bb4e0812c44ee7f3019392a00e0d7817,ChatGLM,ChatGLM,other,unified_chip2/64051,0.9998754262924194,9.460256842430681e-05,2.995772047142964e-05
8ff0f1dd5e7d0df02ea2ecd64895b9a3bb4e0812c44ee7f3019392a00e0d7817,MPT,MPT,other,unified_chip2/64051,4.821435251045614e-09,2.898022974740347e-17,1.0
44e0840d8f22f60885ab3f0e53688a340f63d4b40ec513651e8b113c87f53398,Flan-T5,Flan-T5,other,dolly_15k/brainstorming/1518,0.0003410520439501852,0.9996588230133057,1.357686016945081e-07
44e0840d8f22f60885ab3f0e53688a340f63d4b40ec513651e8b113c87f53398,ChatGLM,ChatGLM,other,dolly_15k/brainstorming/1518,1.0,1.7314842268301156e-11,1.4859799155053643e-11
44e0840d8f22f60885ab3f0e53688a340f63d4b40ec513651e8b113c87f53398,MPT,MPT,other,dolly_15k/brainstorming/1518,3.2898636592726405e-10,4.7305057710069e-21,1.0
1b257a1406f4101d48a85ccdc4b7e1720c0006eceb539056996bb58bb4cc9889,Flan-T5,Flan-T5,other,unified_chip2/13399,0.0006063113687559962,0.9993826150894165,1.106457693822449e-05
1b257a1406f4101d48a85ccdc4b7e1720c0006eceb539056996bb58bb4cc9889,MPT,MPT,other,unified_chip2/13399,2.4293834016517353e-16,5.101484587973761e-23,1.0
1b257a1406f4101d48a85ccdc4b7e1720c0006eceb539056996bb58bb4cc9889,ChatGLM,ChatGLM,other,unified_chip2/13399,0.9999823570251465,1.2092707947886083e-05,5.647068974212743e-06
d8545112b78d3a78c84a76c93cd6f84bb1b0be5ba2b6ffff7d1264d56233b968,Flan-T5,Flan-T5,other,unified_chip2/165210,8.19063643575646e-06,0.9999892711639404,2.5417170945729595e-06
d8545112b78d3a78c84a76c93cd6f84bb1b0be5ba2b6ffff7d1264d56233b968,ChatGLM,ChatGLM,other,unified_chip2/165210,1.0,4.866476920705853e-16,8.989154975935776e-10
d8545112b78d3a78c84a76c93cd6f84bb1b0be5ba2b6ffff7d1264d56233b968,MPT,MPT,other,unified_chip2/165210,4.921281437919589e-11,1.816819365062572e-16,1.0
ab6e7563ee1f64e4fa67f41f794d7380f83f6af2b9b54a3d7ce253708fcc86b5,MPT,MPT,other,unified_chip2/140543,3.7414199668941094e-16,1.9366046851380103e-19,1.0
ab6e7563ee1f64e4fa67f41f794d7380f83f6af2b9b54a3d7ce253708fcc86b5,Flan-T5,Flan-T5,other,unified_chip2/140543,1.4380501852429006e-05,0.9999855756759644,6.581998501786757e-09
ab6e7563ee1f64e4fa67f41f794d7380f83f6af2b9b54a3d7ce253708fcc86b5,ChatGLM,ChatGLM,other,unified_chip2/140543,1.0,3.6868271158447055e-14,4.0003365064933405e-09
cdf441292ea1a61435683f1e16725822e77171f84e3d9dd8dfb12d2be9ee6d66,Flan-T5,Flan-T5,other,unified_chip2/66725,3.0761850666749524e-06,0.9999969005584717,1.9666930306527775e-09
cdf441292ea1a61435683f1e16725822e77171f84e3d9dd8dfb12d2be9ee6d66,ChatGLM,ChatGLM,other,unified_chip2/66725,0.9999545812606812,9.939429514898082e-14,4.5402717660181224e-05
cdf441292ea1a61435683f1e16725822e77171f84e3d9dd8dfb12d2be9ee6d66,MPT,MPT,other,unified_chip2/66725,0.006758455187082291,2.2763191331875987e-09,0.993241548538208
aa3eff3d61333da1ca01688dd76de9d0e6571d4ddeba4586ded8871607570499,ChatGLM,ChatGLM,other,unified_chip2/153030,0.9999998807907104,2.0663497126699725e-16,1.2151612338584528e-07
aa3eff3d61333da1ca01688dd76de9d0e6571d4ddeba4586ded8871607570499,Flan-T5,Flan-T5,other,unified_chip2/153030,0.00012612748832907528,0.9998738765716553,8.067870815864353e-09
aa3eff3d61333da1ca01688dd76de9d0e6571d4ddeba4586ded8871607570499,MPT,MPT,other,unified_chip2/153030,6.142530060981866e-12,9.415436261944041e-17,1.0
589bcea6a34a5863767dbc63c9f79f2b57bb314d2de219fc72640bf000dc2b91,MPT,MPT,other,unified_chip2/27400,3.996134206960683e-13,1.4890944380341331e-12,1.0
589bcea6a34a5863767dbc63c9f79f2b57bb314d2de219fc72640bf000dc2b91,ChatGLM,ChatGLM,other,unified_chip2/27400,1.0,3.41935420949957e-12,3.4070777449324297e-11
589bcea6a34a5863767dbc63c9f79f2b57bb314d2de219fc72640bf000dc2b91,Flan-T5,Flan-T5,other,unified_chip2/27400,1.0645635484252125e-05,0.9999892711639404,2.6748130821374616e-08
0e3dd9768b3f16bd635c3d658044cc34f0e906fa5833b123733ddfcc90b5f689,ChatGLM,ChatGLM,other,unified_chip2/51558,0.9999997615814209,2.590348725448055e-13,2.1196221666741621e-07
0e3dd9768b3f16bd635c3d658044cc34f0e906fa5833b123733ddfcc90b5f689,Flan-T5,Flan-T5,other,unified_chip2/51558,4.166439138142408e-10,1.0,1.824936902983243e-11
0e3dd9768b3f16bd635c3d658044cc34f0e906fa5833b123733ddfcc90b5f689,MPT,MPT,other,unified_chip2/51558,3.284015227059642e-17,4.139440810847451e-19,1.0
e04c63188042753ed1468f4201fdd2b10ac0c33f03f181a454cf23e1770c980f,Flan-T5,Flan-T5,writing,dolly_15k/classification/1938,0.002057928591966629,0.9959743618965149,0.0019676941446959972
e04c63188042753ed1468f4201fdd2b10ac0c33f03f181a454cf23e1770c980f,MPT,MPT,writing,dolly_15k/classification/1938,2.1586346576896176e-07,1.4352051812021735e-17,0.9999997615814209
e04c63188042753ed1468f4201fdd2b10ac0c33f03f181a454cf23e1770c980f,ChatGLM,ChatGLM,writing,dolly_15k/classification/1938,0.999996542930603,4.020387755349075e-12,3.5012621992791537e-06
45788bc9b89d7b5ca8654bffb066fb6cb2666784ef8315bbaadee37186ce9160,Flan-T5,Flan-T5,other,unified_chip2/121801,8.19063643575646e-06,0.9999892711639404,2.5417170945729595e-06
45788bc9b89d7b5ca8654bffb066fb6cb2666784ef8315bbaadee37186ce9160,ChatGLM,ChatGLM,other,unified_chip2/121801,0.9999738931655884,2.5020810426212847e-05,1.0148050932912156e-06
45788bc9b89d7b5ca8654bffb066fb6cb2666784ef8315bbaadee37186ce9160,MPT,MPT,other,unified_chip2/121801,5.16006277538893e-16,7.465458373018263e-14,1.0
fa43b3640affa2009cabd7c2605c154df9e2665af076265c9db11954d21a51b0,MPT,MPT,other,unified_chip2/9515,4.724056215654748e-11,9.716120343714976e-19,1.0
fa43b3640affa2009cabd7c2605c154df9e2665af076265c9db11954d21a51b0,ChatGLM,ChatGLM,other,unified_chip2/9515,0.9999998807907104,1.2582625462370368e-16,9.006548395973368e-08
fa43b3640affa2009cabd7c2605c154df9e2665af076265c9db11954d21a51b0,Flan-T5,Flan-T5,other,unified_chip2/9515,0.00021342311811167747,0.9997791647911072,7.4577565101208165e-06
1e698ab5ce5c0564e407d3edc30c171a3c7ebcc7920dfab814cdcb5343262069,MPT,MPT,other,unified_chip2/67985,0.0006431255023926497,1.8632134030083236e-11,0.9993569254875183
1e698ab5ce5c0564e407d3edc30c171a3c7ebcc7920dfab814cdcb5343262069,ChatGLM,ChatGLM,other,unified_chip2/67985,1.0,1.71961907858225e-15,1.2239200972152808e-11
1e698ab5ce5c0564e407d3edc30c171a3c7ebcc7920dfab814cdcb5343262069,Flan-T5,Flan-T5,other,unified_chip2/67985,2.1351691259496874e-07,0.9999997615814209,1.361014412282202e-09
ae024ce68e01df4af19237b1f877d2f8579e125e42a2c29b8cad0e82544e3544,Flan-T5,ChatGLM,other,unified_chip2/34647,0.8951475620269775,0.0013779249275103211,0.10347450524568558
ae024ce68e01df4af19237b1f877d2f8579e125e42a2c29b8cad0e82544e3544,ChatGLM,ChatGLM,other,unified_chip2/34647,1.0,2.3278664288079245e-14,1.318520639892462e-11
ae024ce68e01df4af19237b1f877d2f8579e125e42a2c29b8cad0e82544e3544,MPT,MPT,other,unified_chip2/34647,2.7722750317593636e-08,7.023125028586541e-13,1.0
b070cdeb054623308a5f3aa58f3885caf1ce2c69afca3581e62c75e84401300b,ChatGLM,ChatGLM,other,unified_chip2/21525,1.0,2.4669821353891697e-16,2.4482252366348455e-14
b070cdeb054623308a5f3aa58f3885caf1ce2c69afca3581e62c75e84401300b,Flan-T5,Flan-T5,other,unified_chip2/21525,0.026440775021910667,0.9732629656791687,0.0002963154693134129
b070cdeb054623308a5f3aa58f3885caf1ce2c69afca3581e62c75e84401300b,MPT,MPT,other,unified_chip2/21525,2.0601210053428076e-06,8.533433427113449e-14,0.9999979734420776
d664a83afe567dc0f81b0dff82e858853d42f344350ffd8903d4c7f417f5f64c,ChatGLM,ChatGLM,other,unified_chip2/149515,0.9999613761901855,1.3086593071420793e-06,3.726859358721413e-05
d664a83afe567dc0f81b0dff82e858853d42f344350ffd8903d4c7f417f5f64c,MPT,MPT,other,unified_chip2/149515,1.4938531522901144e-09,2.311535962640221e-10,1.0
d664a83afe567dc0f81b0dff82e858853d42f344350ffd8903d4c7f417f5f64c,Flan-T5,Flan-T5,other,unified_chip2/149515,5.63503697037504e-08,1.0,2.858449154458098e-12
5dbfa0d6655b79634903fc4822869b7f82193ab47db30374574e831b50f25518,MPT,ChatGLM,other,unified_chip2/149614,0.5501466989517212,2.1182217787492543e-17,0.4498532712459564
5dbfa0d6655b79634903fc4822869b7f82193ab47db30374574e831b50f25518,Flan-T5,Flan-T5,other,unified_chip2/149614,1.408535240443598e-06,0.9999983310699463,2.2298317503555154e-07
5dbfa0d6655b79634903fc4822869b7f82193ab47db30374574e831b50f25518,ChatGLM,ChatGLM,other,unified_chip2/149614,1.0,2.1654926692148222e-15,2.113067013032044e-11
bdb85a8ebbda1c466e5a614e6ce8bf5167e0e39f1394c0a0b7c92d43f3cde1dd,ChatGLM,ChatGLM,other,unified_chip2/132655,0.9999998807907104,3.6904938198294157e-13,1.5942755737796688e-07
bdb85a8ebbda1c466e5a614e6ce8bf5167e0e39f1394c0a0b7c92d43f3cde1dd,Flan-T5,Flan-T5,other,unified_chip2/132655,0.0003117377345915884,0.999683141708374,5.126478754391428e-06
bdb85a8ebbda1c466e5a614e6ce8bf5167e0e39f1394c0a0b7c92d43f3cde1dd,MPT,MPT,other,unified_chip2/132655,1.3734860360159473e-08,1.3894845018493085e-13,1.0
934f59980cb88efb688b6dfcd07ff81c0f41794907f11a326707d468fa98b2d1,MPT,MPT,other,unified_chip2/88556,6.5499579093852844e-09,8.96859829783124e-15,1.0
934f59980cb88efb688b6dfcd07ff81c0f41794907f11a326707d468fa98b2d1,Flan-T5,Flan-T5,other,unified_chip2/88556,1.0437772289151326e-05,0.9999895095825195,4.743622383784896e-09
934f59980cb88efb688b6dfcd07ff81c0f41794907f11a326707d468fa98b2d1,ChatGLM,ChatGLM,other,unified_chip2/88556,0.9999998807907104,1.2636127292632061e-14,6.588552281527882e-08
364bd9ed7c8ed16c0d2dae5e62da49e9bd33a7b6a2345a5e7ee5a6aa84afe3c9,ChatGLM,ChatGLM,other,unified_chip2/125027,0.9994620680809021,8.849237929098308e-05,0.00044938165228813887
364bd9ed7c8ed16c0d2dae5e62da49e9bd33a7b6a2345a5e7ee5a6aa84afe3c9,MPT,MPT,other,unified_chip2/125027,3.739768030300815e-14,8.635681786471038e-23,1.0
364bd9ed7c8ed16c0d2dae5e62da49e9bd33a7b6a2345a5e7ee5a6aa84afe3c9,Flan-T5,Flan-T5,other,unified_chip2/125027,0.010386516340076923,0.9895234704017639,9.001776925288141e-05
6fb2e865efee8b44512eca10da1364e445f9c001c502d3ffc5fd5afd8a17fcb5,MPT,MPT,other,unified_chip2/24758,1.7058130503469357e-16,1.173374620662982e-18,1.0
6fb2e865efee8b44512eca10da1364e445f9c001c502d3ffc5fd5afd8a17fcb5,Flan-T5,Flan-T5,other,unified_chip2/24758,8.19063643575646e-06,0.9999892711639404,2.5417170945729595e-06
6fb2e865efee8b44512eca10da1364e445f9c001c502d3ffc5fd5afd8a17fcb5,ChatGLM,MPT,other,unified_chip2/24758,0.0011042734840884805,1.44219691744496e-09,0.9988956451416016
ba8ab4b9c0d74f642d153a3faf07a18756e9c6fb998acc095d7e52a9b7838139,MPT,MPT,other,unified_chip2/21645,6.778849400215781e-14,3.3435606480499446e-20,1.0
ba8ab4b9c0d74f642d153a3faf07a18756e9c6fb998acc095d7e52a9b7838139,ChatGLM,ChatGLM,other,unified_chip2/21645,1.0,9.851941952730111e-18,6.799884211261542e-09
ba8ab4b9c0d74f642d153a3faf07a18756e9c6fb998acc095d7e52a9b7838139,Flan-T5,Flan-T5,other,unified_chip2/21645,1.3441527698887512e-05,0.9999843835830688,2.196551349697984e-06
c196d41f7a68801fc74fbad0c2503b835b9e15a31d3d0499e051bb2a7089a13b,Flan-T5,Flan-T5,other,unified_chip2/4228,0.002751430729404092,0.9965341091156006,0.0007145021227188408
c196d41f7a68801fc74fbad0c2503b835b9e15a31d3d0499e051bb2a7089a13b,ChatGLM,Flan-T5,other,unified_chip2/4228,0.0006181953358463943,0.9993793964385986,2.4213029519160045e-06
c196d41f7a68801fc74fbad0c2503b835b9e15a31d3d0499e051bb2a7089a13b,MPT,MPT,other,unified_chip2/4228,1.8678967488012068e-15,1.9758727634433713e-17,1.0
451c4178d39b89b5077a46b45b7383f0600f7808cb7271fdcb96f9329b46ce43,Flan-T5,Flan-T5,other,unified_chip2/51397,2.0462272232180112e-07,0.9999997615814209,5.5796881781589036e-08
451c4178d39b89b5077a46b45b7383f0600f7808cb7271fdcb96f9329b46ce43,ChatGLM,ChatGLM,other,unified_chip2/51397,0.9999997615814209,1.0559283482314274e-11,2.914689503086265e-07
451c4178d39b89b5077a46b45b7383f0600f7808cb7271fdcb96f9329b46ce43,MPT,MPT,other,unified_chip2/51397,3.109185310640639e-16,3.7303162252234426e-17,1.0
c49b7bd2fa3e04437dbe8f4c43c712c65b55fc1196b9d001757c1510a9a28a3b,ChatGLM,ChatGLM,other,unified_chip2/89002,1.0,9.621314263688879e-15,1.4615551435781526e-08
c49b7bd2fa3e04437dbe8f4c43c712c65b55fc1196b9d001757c1510a9a28a3b,MPT,MPT,other,unified_chip2/89002,2.1357243230879508e-12,1.8230884676634379e-16,1.0
c49b7bd2fa3e04437dbe8f4c43c712c65b55fc1196b9d001757c1510a9a28a3b,Flan-T5,Flan-T5,other,unified_chip2/89002,8.19063643575646e-06,0.9999892711639404,2.5417170945729595e-06
0de473e5cf1a4a3f41b966ac0fefd41498703f5e6d44824ef891ba58272f8050,Flan-T5,Flan-T5,other,unified_chip2/66211,1.4318128705781419e-05,0.9999856948852539,4.048782420440489e-10
0de473e5cf1a4a3f41b966ac0fefd41498703f5e6d44824ef891ba58272f8050,ChatGLM,ChatGLM,other,unified_chip2/66211,1.0,6.210917790136624e-16,5.978797728304003e-15
0de473e5cf1a4a3f41b966ac0fefd41498703f5e6d44824ef891ba58272f8050,MPT,MPT,other,unified_chip2/66211,8.225383915649864e-12,1.837164657057279e-14,1.0
3bbcabe4968765b1b49503f72814af3d5d2c810e5161954caae61dd0d93b700e,Flan-T5,Flan-T5,other,unified_chip2/67762,4.513266321737319e-05,0.9999369382858276,1.7890832168632187e-05
3bbcabe4968765b1b49503f72814af3d5d2c810e5161954caae61dd0d93b700e,ChatGLM,ChatGLM,other,unified_chip2/67762,1.0,3.581040366380816e-16,1.1001155715562039e-11
3bbcabe4968765b1b49503f72814af3d5d2c810e5161954caae61dd0d93b700e,MPT,MPT,other,unified_chip2/67762,1.5183832857701418e-08,6.950994616591703e-15,1.0
72057d04e40cc0ece792a2186de2a3df5400adc7f9aa8bbde4d5839c2b0b756e,Flan-T5,Flan-T5,other,unified_chip2/73020,0.003600577125325799,0.9904605746269226,0.0059388624504208565
72057d04e40cc0ece792a2186de2a3df5400adc7f9aa8bbde4d5839c2b0b756e,MPT,MPT,other,unified_chip2/73020,1.8652816933952367e-17,4.273734381524726e-15,1.0
72057d04e40cc0ece792a2186de2a3df5400adc7f9aa8bbde4d5839c2b0b756e,ChatGLM,ChatGLM,other,unified_chip2/73020,0.9999983310699463,2.931311304799067e-10,1.670829192335077e-06
6acd40f6a073d0717eb98713ce64335363744fd914341ca61521106ca8f619d6,Flan-T5,Flan-T5,other,unified_chip2/52944,4.999894187562859e-08,1.0,6.230704285847821e-10
6acd40f6a073d0717eb98713ce64335363744fd914341ca61521106ca8f619d6,MPT,MPT,other,unified_chip2/52944,1.4884557586469782e-08,2.457480562361586e-13,1.0
6acd40f6a073d0717eb98713ce64335363744fd914341ca61521106ca8f619d6,ChatGLM,ChatGLM,other,unified_chip2/52944,1.0,8.639613547148373e-13,9.603151607251448e-10
ad2119088a4a809929e2a797ef42b39c1dc6582b3b961bd218c37421ae5c1b18,Flan-T5,Flan-T5,other,unified_chip2/31939,3.14253666147124e-05,0.9999570846557617,1.1523013199621346e-05
ad2119088a4a809929e2a797ef42b39c1dc6582b3b961bd218c37421ae5c1b18,MPT,MPT,other,unified_chip2/31939,4.5385483565807405e-12,1.711149821135781e-17,1.0
ad2119088a4a809929e2a797ef42b39c1dc6582b3b961bd218c37421ae5c1b18,ChatGLM,ChatGLM,other,unified_chip2/31939,0.9985830783843994,0.0010684116277843714,0.0003485975321382284
0e4d278126a4edfd02c131e9c5dd584937b30ca1eaa324f4d7eb90ea5adebdb7,Flan-T5,Flan-T5,other,unified_chip2/162221,1.1867929288200685e-06,0.9999988079071045,2.1496929236697326e-10
0e4d278126a4edfd02c131e9c5dd584937b30ca1eaa324f4d7eb90ea5adebdb7,MPT,MPT,other,unified_chip2/162221,1.0674057193682529e-08,3.639583114704746e-17,1.0
0e4d278126a4edfd02c131e9c5dd584937b30ca1eaa324f4d7eb90ea5adebdb7,ChatGLM,ChatGLM,other,unified_chip2/162221,0.9999978542327881,3.3817546096770457e-08,2.1537130123761017e-06
f7d1fb78e033ecc36971605a696b55b22fb16d426ed1d28f26dcd11cf93fe376,ChatGLM,ChatGLM,other,unified_chip2/9431,1.0,4.568977608370339e-18,1.3161812785489335e-11
f7d1fb78e033ecc36971605a696b55b22fb16d426ed1d28f26dcd11cf93fe376,MPT,MPT,other,unified_chip2/9431,3.4597758685750435e-14,1.3042539289156893e-18,1.0
f7d1fb78e033ecc36971605a696b55b22fb16d426ed1d28f26dcd11cf93fe376,Flan-T5,Flan-T5,other,unified_chip2/9431,7.5065972851007245e-06,0.9999924898147583,7.428328091529934e-11
6f8cad2f45823be77007cd5505e6e2fd32c4c01bbb2e5b88d517cd9ba8d7a234,Flan-T5,Flan-T5,other,unified_chip2/64657,0.0032677410636097193,0.996732234954834,5.2965529739879e-09
6f8cad2f45823be77007cd5505e6e2fd32c4c01bbb2e5b88d517cd9ba8d7a234,MPT,MPT,other,unified_chip2/64657,0.0011259870370849967,2.85602166916199e-11,0.9988740086555481
6f8cad2f45823be77007cd5505e6e2fd32c4c01bbb2e5b88d517cd9ba8d7a234,ChatGLM,ChatGLM,other,unified_chip2/64657,0.9999910593032837,5.847074380227468e-09,8.960283594205976e-06
49870af5634ede20e47fcfc733ee590756e087e670b0d98610e67ae7a39fd6cb,MPT,MPT,other,unified_chip2/26891,3.257998742433624e-17,1.1695576474251442e-19,1.0
49870af5634ede20e47fcfc733ee590756e087e670b0d98610e67ae7a39fd6cb,ChatGLM,ChatGLM,other,unified_chip2/26891,1.0,7.832284964364757e-15,2.0187973515106705e-10
49870af5634ede20e47fcfc733ee590756e087e670b0d98610e67ae7a39fd6cb,Flan-T5,Flan-T5,other,unified_chip2/26891,2.399472691649862e-07,0.9999997615814209,1.3747999960678214e-10
b5eb95916be504084462dba6f0194e05c68f355810ee42615a3a9993e8ba499b,Flan-T5,Flan-T5,other,dolly_15k/brainstorming/1067,8.812296073301695e-06,0.9999911785125732,2.1074376618801516e-11
b5eb95916be504084462dba6f0194e05c68f355810ee42615a3a9993e8ba499b,MPT,MPT,other,dolly_15k/brainstorming/1067,3.7804807895280845e-11,1.2344723818337585e-15,1.0
b5eb95916be504084462dba6f0194e05c68f355810ee42615a3a9993e8ba499b,ChatGLM,ChatGLM,other,dolly_15k/brainstorming/1067,0.9999622106552124,1.7633126390137477e-06,3.5950572055298835e-05
a93207982163a1cb78b2ad882f76e15498def48dd3806d1572a6f84016b4676e,ChatGLM,ChatGLM,other,unified_chip2/134312,0.9999974966049194,9.210921608771017e-11,2.5309304874099325e-06
a93207982163a1cb78b2ad882f76e15498def48dd3806d1572a6f84016b4676e,Flan-T5,Flan-T5,other,unified_chip2/134312,9.846218745224178e-05,0.999891996383667,9.538136509945616e-06
a93207982163a1cb78b2ad882f76e15498def48dd3806d1572a6f84016b4676e,MPT,MPT,other,unified_chip2/134312,1.5466158131971497e-08,6.154924125922889e-09,1.0
cd2a526afee84a3855511cb7fd344ea177a68418794272d32be700dc2d5992e2,ChatGLM,ChatGLM,other,unified_chip2/52872,1.0,3.8618937276798846e-16,2.1979964723306544e-11
cd2a526afee84a3855511cb7fd344ea177a68418794272d32be700dc2d5992e2,MPT,MPT,other,unified_chip2/52872,3.14320130253426e-13,1.8576906569138376e-17,1.0
cd2a526afee84a3855511cb7fd344ea177a68418794272d32be700dc2d5992e2,Flan-T5,Flan-T5,other,unified_chip2/52872,8.19063643575646e-06,0.9999892711639404,2.5417170945729595e-06
934119f8c5e6441c70acfe5c2f0f565b64c31ecdadf8b55654cac19f2cbfd6a1,Flan-T5,Flan-T5,other,unified_chip2/152469,9.846218745224178e-05,0.999891996383667,9.538136509945616e-06
934119f8c5e6441c70acfe5c2f0f565b64c31ecdadf8b55654cac19f2cbfd6a1,MPT,MPT,other,unified_chip2/152469,1.2357540485620727e-15,7.595469342301807e-18,1.0
934119f8c5e6441c70acfe5c2f0f565b64c31ecdadf8b55654cac19f2cbfd6a1,ChatGLM,ChatGLM,other,unified_chip2/152469,1.0,1.5196533403394677e-14,1.828323430153045e-11
7935e570e873c22f0f1b6ebfd71028a3ec7a483789b21a72396c02343f4b04f8,Flan-T5,ChatGLM,other,unified_chip2/163268,0.9939029216766357,0.006096326280385256,8.447314598925004e-07
7935e570e873c22f0f1b6ebfd71028a3ec7a483789b21a72396c02343f4b04f8,ChatGLM,ChatGLM,other,unified_chip2/163268,1.0,7.242041701773622e-17,1.0176535178776924e-12
7935e570e873c22f0f1b6ebfd71028a3ec7a483789b21a72396c02343f4b04f8,MPT,MPT,other,unified_chip2/163268,9.015154074643039e-13,6.47671630546855e-15,1.0
10fba7e7cf9c3eeda808fa1490cf84b95ae8e545a79bf0e20ffa773fb26767b3,MPT,MPT,other,unified_chip2/159031,2.220360073579286e-07,5.696314188570473e-13,0.9999997615814209
10fba7e7cf9c3eeda808fa1490cf84b95ae8e545a79bf0e20ffa773fb26767b3,ChatGLM,ChatGLM,other,unified_chip2/159031,0.9905502796173096,0.009131565690040588,0.00031813594978302717
10fba7e7cf9c3eeda808fa1490cf84b95ae8e545a79bf0e20ffa773fb26767b3,Flan-T5,Flan-T5,other,unified_chip2/159031,0.00016383016190957278,0.9998352527618408,9.029889156408899e-07
4658d1f20370d71a803442b868fb3402503bf6405cfa45df8520b9880946c6e5,ChatGLM,ChatGLM,other,unified_chip2/25530,1.0,1.611646280018307e-16,1.0737236337741399e-15
4658d1f20370d71a803442b868fb3402503bf6405cfa45df8520b9880946c6e5,Flan-T5,Flan-T5,other,unified_chip2/25530,6.159598164856561e-09,1.0,3.3879614391718604e-11
4658d1f20370d71a803442b868fb3402503bf6405cfa45df8520b9880946c6e5,MPT,MPT,other,unified_chip2/25530,2.439944182697218e-05,4.408927736787582e-11,0.9999755620956421
03e3dfeba2b184b0b27ec08ea13bdf1c16bbb3577149eb578fd1aa6809053289,Flan-T5,Flan-T5,other,unified_chip2/87880,0.00011299020843580365,0.999871015548706,1.5972549590514973e-05
03e3dfeba2b184b0b27ec08ea13bdf1c16bbb3577149eb578fd1aa6809053289,ChatGLM,ChatGLM,other,unified_chip2/87880,1.0,3.1292917340502643e-14,3.384350785728962e-11
03e3dfeba2b184b0b27ec08ea13bdf1c16bbb3577149eb578fd1aa6809053289,MPT,MPT,other,unified_chip2/87880,2.690898736067192e-16,6.757120033720511e-19,1.0
ac266c9e396b626fc22ab7fe1f1c9c95c162088665340d32999001f9cea0a9bd,MPT,MPT,other,unified_chip2/21239,1.2623717175752613e-11,4.8729809690704635e-15,1.0
ac266c9e396b626fc22ab7fe1f1c9c95c162088665340d32999001f9cea0a9bd,ChatGLM,ChatGLM,other,unified_chip2/21239,0.9999966621398926,4.5006873783393075e-09,3.306473217890016e-06
ac266c9e396b626fc22ab7fe1f1c9c95c162088665340d32999001f9cea0a9bd,Flan-T5,Flan-T5,other,unified_chip2/21239,2.282916966578341e-09,1.0,2.0396100173375453e-12
041d763bbe8378c731805fbc2c2b79310fc465496b6f8e03c8b6776950238b51,Flan-T5,Flan-T5,writing,unified_chip2/68387,2.477824807556317e-07,0.9999997615814209,8.366153103622764e-09
041d763bbe8378c731805fbc2c2b79310fc465496b6f8e03c8b6776950238b51,ChatGLM,ChatGLM,writing,unified_chip2/68387,1.0,9.401767135408827e-16,1.2401944705572876e-13
041d763bbe8378c731805fbc2c2b79310fc465496b6f8e03c8b6776950238b51,MPT,MPT,writing,unified_chip2/68387,8.393950423624119e-09,1.571072494321868e-09,1.0
70e5977f4a2cfe14c854ace73f27e98caf2309ae61fb8581f33c6c49f614fec5,ChatGLM,ChatGLM,other,unified_chip2/148774,1.0,1.1462903651456025e-13,1.036629182493698e-08
70e5977f4a2cfe14c854ace73f27e98caf2309ae61fb8581f33c6c49f614fec5,Flan-T5,Flan-T5,other,unified_chip2/148774,4.007076768175466e-06,0.9999959468841553,7.39251596135887e-13
70e5977f4a2cfe14c854ace73f27e98caf2309ae61fb8581f33c6c49f614fec5,MPT,MPT,other,unified_chip2/148774,3.0953633540775627e-06,7.122671593154384e-14,0.9999969005584717
9d4e95c297a8765051dfb6959e0265661d3f1c2587b72e04b1d17192183e0a91,ChatGLM,ChatGLM,other,unified_chip2/110725,0.9999996423721313,1.1505183936292933e-15,3.9345505342680553e-07
9d4e95c297a8765051dfb6959e0265661d3f1c2587b72e04b1d17192183e0a91,MPT,MPT,other,unified_chip2/110725,3.9059470176468214e-13,4.941526686810544e-17,1.0
9d4e95c297a8765051dfb6959e0265661d3f1c2587b72e04b1d17192183e0a91,Flan-T5,Flan-T5,other,unified_chip2/110725,1.6946536618434038e-07,0.9999998807907104,7.025891674006246e-11
fb23d4a6e47329148e16d66822dbc4c4918b8099c11428dbdcfd1e2c29fd9c7f,ChatGLM,ChatGLM,other,unified_chip2/151352,1.0,5.215346361789049e-19,3.8508921461235905e-15
fb23d4a6e47329148e16d66822dbc4c4918b8099c11428dbdcfd1e2c29fd9c7f,MPT,MPT,other,unified_chip2/151352,0.00014746635861229151,2.571565183018265e-11,0.9998525381088257
fb23d4a6e47329148e16d66822dbc4c4918b8099c11428dbdcfd1e2c29fd9c7f,Flan-T5,Flan-T5,other,unified_chip2/151352,2.6648820039554266e-06,0.9999973773956299,1.7374891525534508e-09
59552c87f9c739e15dd9b650037e75e774988d1f0254ffe4f6d7efbea8063591,ChatGLM,ChatGLM,other,unified_chip2/97577,1.0,9.040147170885811e-15,3.644684554160449e-08
59552c87f9c739e15dd9b650037e75e774988d1f0254ffe4f6d7efbea8063591,Flan-T5,Flan-T5,other,unified_chip2/97577,0.03639902547001839,0.9371322393417358,0.026468710973858833
59552c87f9c739e15dd9b650037e75e774988d1f0254ffe4f6d7efbea8063591,MPT,MPT,other,unified_chip2/97577,3.201100476813053e-14,1.971514448057503e-16,1.0
89649e2c2736a7d4b768d6a4b7cbd5455b428d82990540853d2e5a35a5683576,ChatGLM,ChatGLM,other,unified_chip2/53631,1.0,1.1877592294767331e-17,6.479151243299341e-11
89649e2c2736a7d4b768d6a4b7cbd5455b428d82990540853d2e5a35a5683576,Flan-T5,Flan-T5,other,unified_chip2/53631,0.0012255256297066808,0.9987460374832153,2.835609848261811e-05
89649e2c2736a7d4b768d6a4b7cbd5455b428d82990540853d2e5a35a5683576,MPT,MPT,other,unified_chip2/53631,9.515074275365243e-13,1.3972926813147856e-17,1.0
4f7d91e604c5745cd61541b0a838e473eca8ba2c23672ac0edf5a2dd542285ba,ChatGLM,ChatGLM,other,unified_chip2/59586,1.0,1.3464861821008145e-12,1.6637180522138806e-10
4f7d91e604c5745cd61541b0a838e473eca8ba2c23672ac0edf5a2dd542285ba,Flan-T5,Flan-T5,other,unified_chip2/59586,1.5808263924554922e-06,0.9999982118606567,2.382288215585504e-07
4f7d91e604c5745cd61541b0a838e473eca8ba2c23672ac0edf5a2dd542285ba,MPT,MPT,other,unified_chip2/59586,0.08321681618690491,3.716269532105798e-07,0.9167828559875488
f4b0de1bdfca5c282a6d91e4c872abf377ccc5288893bc0c393b5825ab533db7,ChatGLM,ChatGLM,other,unified_chip2/127908,0.9999830722808838,6.196109597622623e-11,1.6888478057808243e-05
f4b0de1bdfca5c282a6d91e4c872abf377ccc5288893bc0c393b5825ab533db7,MPT,MPT,other,unified_chip2/127908,7.476604423573008e-06,7.363251501579793e-12,0.9999924898147583
f4b0de1bdfca5c282a6d91e4c872abf377ccc5288893bc0c393b5825ab533db7,Flan-T5,Flan-T5,other,unified_chip2/127908,9.847169621934881e-07,0.9999990463256836,8.398902684447762e-10
262111f04278c14b4a0c8010e0eb8dd2440b6d465837e045ebe50a1c2a924e29,Flan-T5,Flan-T5,other,dolly_15k/classification/1058,0.0028404786717146635,0.997159481048584,6.848380706969692e-08
262111f04278c14b4a0c8010e0eb8dd2440b6d465837e045ebe50a1c2a924e29,ChatGLM,Flan-T5,other,dolly_15k/classification/1058,0.04939448460936546,0.9506055116653442,3.71910537921849e-08
262111f04278c14b4a0c8010e0eb8dd2440b6d465837e045ebe50a1c2a924e29,MPT,MPT,other,dolly_15k/classification/1058,1.6374049685574654e-11,6.607925705934961e-18,1.0
5eca13680f8f19f098d4590dc5c0ebb717e4d2ebd23f4c1f92570828f7933353,ChatGLM,ChatGLM,other,unified_chip2/17283,1.0,7.000169114344552e-15,8.756577928037412e-12
5eca13680f8f19f098d4590dc5c0ebb717e4d2ebd23f4c1f92570828f7933353,Flan-T5,Flan-T5,other,unified_chip2/17283,2.1668512317774002e-08,1.0,4.884345705669091e-10
5eca13680f8f19f098d4590dc5c0ebb717e4d2ebd23f4c1f92570828f7933353,MPT,MPT,other,unified_chip2/17283,1.068705704715487e-15,5.313614496253965e-16,1.0
6c66e662143f873a2b03a8de7bf49c08d3c66acd840a601def9bd7a36753e428,Flan-T5,Flan-T5,other,unified_chip2/103015,0.002751430729404092,0.9965341091156006,0.0007145021227188408
6c66e662143f873a2b03a8de7bf49c08d3c66acd840a601def9bd7a36753e428,MPT,MPT,other,unified_chip2/103015,5.6933777137224695e-11,2.5351139315371384e-19,1.0
6c66e662143f873a2b03a8de7bf49c08d3c66acd840a601def9bd7a36753e428,ChatGLM,ChatGLM,other,unified_chip2/103015,0.9999949932098389,9.017536513056257e-07,4.107398581254529e-06
adf0c6f9c1b3f443494a2de983355c161138963ed1bc22f1739a39fdcbc291e6,Flan-T5,Flan-T5,other,unified_chip2/66289,3.038821694278937e-10,1.0,4.092805955258072e-12
adf0c6f9c1b3f443494a2de983355c161138963ed1bc22f1739a39fdcbc291e6,MPT,MPT,other,unified_chip2/66289,1.1053063846133693e-11,2.45273094369447e-14,1.0
adf0c6f9c1b3f443494a2de983355c161138963ed1bc22f1739a39fdcbc291e6,ChatGLM,ChatGLM,other,unified_chip2/66289,0.9999881982803345,1.8475526013597698e-13,1.181859988719225e-05
35a285bfb155346c63019bba022558fd6c097059ddd3a5442df1a8dd31220092,ChatGLM,ChatGLM,other,unified_chip2/51213,0.9996380805969238,0.0003354999062139541,2.6480271117179655e-05
35a285bfb155346c63019bba022558fd6c097059ddd3a5442df1a8dd31220092,Flan-T5,Flan-T5,other,unified_chip2/51213,1.3220423644710877e-09,1.0,2.7804750168947123e-10
35a285bfb155346c63019bba022558fd6c097059ddd3a5442df1a8dd31220092,MPT,MPT,other,unified_chip2/51213,3.0667354167235317e-06,1.7942471510282165e-12,0.9999969005584717
db68d687b1e91cdbc8a6cf156e526a34b4add25ced5b13117830dddcb9d73d82,Flan-T5,Flan-T5,other,dolly_15k/classification/1915,0.0003994153521489352,0.9995108842849731,8.970970520749688e-05
db68d687b1e91cdbc8a6cf156e526a34b4add25ced5b13117830dddcb9d73d82,MPT,MPT,other,dolly_15k/classification/1915,3.309834351039598e-10,1.4926345775088316e-16,1.0
db68d687b1e91cdbc8a6cf156e526a34b4add25ced5b13117830dddcb9d73d82,ChatGLM,ChatGLM,other,dolly_15k/classification/1915,0.9999724626541138,2.7378033337299712e-05,9.884999485620938e-08
8f4bdfb7c6ef19c04910e28f7be40562eaa787f931f37d633779cd202874dfef,ChatGLM,ChatGLM,other,unified_chip2/165638,1.0,2.0588154933057906e-13,1.6026696636473048e-10
8f4bdfb7c6ef19c04910e28f7be40562eaa787f931f37d633779cd202874dfef,Flan-T5,Flan-T5,other,unified_chip2/165638,7.615247987757812e-09,1.0,2.1620230605812196e-10
8f4bdfb7c6ef19c04910e28f7be40562eaa787f931f37d633779cd202874dfef,MPT,MPT,other,unified_chip2/165638,1.3401970437826143e-14,1.9047897346869888e-14,1.0
4881b899151b9324a8ab9f4b980ae0098f7d8024acf4a993ffae3479695cd47f,Flan-T5,Flan-T5,other,unified_chip2/4135,1.4916267110365311e-09,1.0,2.5479122284233213e-11
4881b899151b9324a8ab9f4b980ae0098f7d8024acf4a993ffae3479695cd47f,MPT,MPT,other,unified_chip2/4135,2.6016355292313165e-08,4.496807919722435e-16,1.0
4881b899151b9324a8ab9f4b980ae0098f7d8024acf4a993ffae3479695cd47f,ChatGLM,ChatGLM,other,unified_chip2/4135,0.9999996423721313,4.966632031859486e-13,3.327009778786305e-07
4c90eef131faf899fe1b4670a5b718ec540a3cb3e5e2129d83f7dbc84b6dc2cc,MPT,MPT,other,unified_chip2/123719,7.950214930829702e-10,1.954339129222292e-14,1.0
4c90eef131faf899fe1b4670a5b718ec540a3cb3e5e2129d83f7dbc84b6dc2cc,Flan-T5,Flan-T5,other,unified_chip2/123719,5.5519183916885595e-08,1.0,7.380024542869013e-12
4c90eef131faf899fe1b4670a5b718ec540a3cb3e5e2129d83f7dbc84b6dc2cc,ChatGLM,MPT,other,unified_chip2/123719,0.009829341433942318,5.953042182765299e-17,0.9901706576347351
c2b164705924f156ddf5a501a83d49598a2f7891f8816213fabcc19ccabac114,ChatGLM,ChatGLM,other,unified_chip2/92102,1.0,3.193731586633472e-15,1.4911806598544297e-12
c2b164705924f156ddf5a501a83d49598a2f7891f8816213fabcc19ccabac114,MPT,MPT,other,unified_chip2/92102,1.3025815981393407e-09,6.057603767892412e-17,1.0
c2b164705924f156ddf5a501a83d49598a2f7891f8816213fabcc19ccabac114,Flan-T5,Flan-T5,other,unified_chip2/92102,8.19063643575646e-06,0.9999892711639404,2.5417170945729595e-06
6d3e462678babb43a3e8e839f16c17518385cf3ee854fa8afa63a03bf674045f,MPT,MPT,other,unified_chip2/93854,2.508301217825446e-14,2.5437517489537015e-14,1.0
6d3e462678babb43a3e8e839f16c17518385cf3ee854fa8afa63a03bf674045f,Flan-T5,Flan-T5,other,unified_chip2/93854,4.340149098425172e-05,0.9999566078186035,4.711256385014906e-10
6d3e462678babb43a3e8e839f16c17518385cf3ee854fa8afa63a03bf674045f,ChatGLM,ChatGLM,other,unified_chip2/93854,1.0,6.203728936809982e-13,1.8084875819113222e-08
45dd156e4838ed9343edf7a9e976bb961815da31e2dbb37b5d26d16c08560762,Flan-T5,Flan-T5,other,dolly_15k/open_qa/2555,0.0006063113687559962,0.9993826150894165,1.106457693822449e-05
45dd156e4838ed9343edf7a9e976bb961815da31e2dbb37b5d26d16c08560762,ChatGLM,Flan-T5,other,dolly_15k/open_qa/2555,0.00016383016190957278,0.9998352527618408,9.029889156408899e-07
45dd156e4838ed9343edf7a9e976bb961815da31e2dbb37b5d26d16c08560762,MPT,MPT,other,dolly_15k/open_qa/2555,4.2334719063674697e-10,4.884731253616068e-20,1.0
d061d047fbe9a13eaa8ef813b317dd1a52ab99eaade62987bc5f700115e57487,MPT,MPT,other,unified_chip2/8221,4.5985286569296194e-14,1.3765114227856159e-17,1.0
d061d047fbe9a13eaa8ef813b317dd1a52ab99eaade62987bc5f700115e57487,ChatGLM,ChatGLM,other,unified_chip2/8221,0.9999998807907104,8.289480755464818e-13,1.4502813883154886e-07
d061d047fbe9a13eaa8ef813b317dd1a52ab99eaade62987bc5f700115e57487,Flan-T5,Flan-T5,other,unified_chip2/8221,3.3395583159290254e-05,0.9999666213989258,2.557324663143845e-08
9973be97cb959a645b1aaa4a84b18afc0a1517c8a659b083e3d672de4ee6783a,ChatGLM,ChatGLM,other,unified_chip2/57344,1.0,2.2070675026616103e-14,6.802095692259869e-11
9973be97cb959a645b1aaa4a84b18afc0a1517c8a659b083e3d672de4ee6783a,Flan-T5,Flan-T5,other,unified_chip2/57344,2.2105186303633673e-07,0.9999997615814209,9.636428460746416e-11
9973be97cb959a645b1aaa4a84b18afc0a1517c8a659b083e3d672de4ee6783a,MPT,MPT,other,unified_chip2/57344,3.7182341650066064e-09,2.644100695126984e-17,1.0
857bf64e94f55535e213cfdac6262dda05351df5b2ced458448afa5b47e75fe1,Flan-T5,Flan-T5,other,dolly_15k/general_qa/936,0.05418432131409645,0.945814311504364,1.3939807104179636e-06
857bf64e94f55535e213cfdac6262dda05351df5b2ced458448afa5b47e75fe1,ChatGLM,ChatGLM,other,dolly_15k/general_qa/936,1.0,2.6604854430622993e-10,7.055847017767292e-09
857bf64e94f55535e213cfdac6262dda05351df5b2ced458448afa5b47e75fe1,MPT,MPT,other,dolly_15k/general_qa/936,1.3537430731958011e-08,2.8798903366211714e-12,1.0
d402cb96e2204b8526d8717045cf39dbbfec4d02de881e92a530ab48010577d8,ChatGLM,ChatGLM,other,unified_chip2/138998,0.9999998807907104,3.2708319559759946e-13,7.970841409132845e-08
d402cb96e2204b8526d8717045cf39dbbfec4d02de881e92a530ab48010577d8,Flan-T5,Flan-T5,other,unified_chip2/138998,8.08719687483972e-06,0.99998939037323,2.581832632131409e-06
d402cb96e2204b8526d8717045cf39dbbfec4d02de881e92a530ab48010577d8,MPT,MPT,other,unified_chip2/138998,2.7684802262228914e-05,9.732574988985387e-13,0.9999723434448242
99f30b6c03d59840175af9ac70f56d54501e738f1a5713edefccdc9e5029fbe4,ChatGLM,ChatGLM,other,unified_chip2/98985,1.0,1.8601319977737266e-15,7.887706113263171e-12
99f30b6c03d59840175af9ac70f56d54501e738f1a5713edefccdc9e5029fbe4,MPT,MPT,other,unified_chip2/98985,1.0603207556414418e-06,4.3280472521861624e-13,0.999998927116394
99f30b6c03d59840175af9ac70f56d54501e738f1a5713edefccdc9e5029fbe4,Flan-T5,Flan-T5,other,unified_chip2/98985,8.795223402557895e-05,0.9999120235443115,7.433141036017332e-08
1a69a05c32df78e641c4436f329c92d55ec3dd8ecc6ee9f094f7598b8d15ae55,ChatGLM,ChatGLM,other,unified_chip2/16115,0.9971523284912109,0.0015751224709674716,0.0012724734842777252
1a69a05c32df78e641c4436f329c92d55ec3dd8ecc6ee9f094f7598b8d15ae55,MPT,MPT,other,unified_chip2/16115,3.614257601970011e-13,9.128548611458953e-15,1.0
1a69a05c32df78e641c4436f329c92d55ec3dd8ecc6ee9f094f7598b8d15ae55,Flan-T5,Flan-T5,other,unified_chip2/16115,0.0001790674141375348,0.9997618794441223,5.905253055971116e-05
a33f44508a00c526f33461059819339abe42398879d5e02449a6d6b653337b3d,MPT,MPT,other,unified_chip2/45175,2.592158523384569e-07,1.535006822171725e-12,0.9999997615814209
a33f44508a00c526f33461059819339abe42398879d5e02449a6d6b653337b3d,Flan-T5,Flan-T5,other,unified_chip2/45175,5.381190248954226e-07,0.9999994039535522,7.306911325999366e-11
a33f44508a00c526f33461059819339abe42398879d5e02449a6d6b653337b3d,ChatGLM,ChatGLM,other,unified_chip2/45175,1.0,5.304706038989455e-15,2.982608951485055e-11
0fd32d89ca083c20a59e8691c57595eaaeedf877b5a7e5efc7727581f9d3e57d,ChatGLM,ChatGLM,other,unified_chip2/23788,1.0,1.7500080161034215e-14,1.2586081066245924e-09
0fd32d89ca083c20a59e8691c57595eaaeedf877b5a7e5efc7727581f9d3e57d,MPT,MPT,other,unified_chip2/23788,2.2881969756471943e-12,6.583397484667049e-17,1.0
0fd32d89ca083c20a59e8691c57595eaaeedf877b5a7e5efc7727581f9d3e57d,Flan-T5,Flan-T5,other,unified_chip2/23788,3.2412275086102227e-09,1.0,1.9224361685887814e-11
1bee46ffc9f0f0905bcceb5d7b4c7b18faec81f53187703ecd1da78ed86ea2d1,MPT,MPT,other,unified_chip2/29475,1.8729801709582716e-08,3.557641594514882e-12,1.0
1bee46ffc9f0f0905bcceb5d7b4c7b18faec81f53187703ecd1da78ed86ea2d1,Flan-T5,Flan-T5,other,unified_chip2/29475,0.0015039772260934114,0.9978881478309631,0.0006079260492697358
1bee46ffc9f0f0905bcceb5d7b4c7b18faec81f53187703ecd1da78ed86ea2d1,ChatGLM,ChatGLM,other,unified_chip2/29475,1.0,4.796639160083854e-14,3.6814416404240546e-08
37209a2b10c2999d4fbeba4da76f4a93c04ad8f3f46dfeb872a604760a5b756d,ChatGLM,ChatGLM,other,dolly_15k/open_qa/2055,0.999895453453064,1.2425535715010483e-05,9.211423457600176e-05
37209a2b10c2999d4fbeba4da76f4a93c04ad8f3f46dfeb872a604760a5b756d,MPT,MPT,other,dolly_15k/open_qa/2055,3.642144094997968e-14,2.9908730720571385e-16,1.0
37209a2b10c2999d4fbeba4da76f4a93c04ad8f3f46dfeb872a604760a5b756d,Flan-T5,Flan-T5,other,dolly_15k/open_qa/2055,0.0025820001028478146,0.9974130988121033,4.925519078824436e-06
8def10468b6d41e2d6dccd5a131232acf252cae4bfd3e6ccd491f258861df4f4,Flan-T5,Flan-T5,other,unified_chip2/80311,1.01854702734272e-05,0.9999898672103882,1.8655113565024806e-10
8def10468b6d41e2d6dccd5a131232acf252cae4bfd3e6ccd491f258861df4f4,ChatGLM,ChatGLM,other,unified_chip2/80311,1.0,5.449319299094802e-17,3.422242401373173e-17
8def10468b6d41e2d6dccd5a131232acf252cae4bfd3e6ccd491f258861df4f4,MPT,MPT,other,unified_chip2/80311,1.818067506438592e-12,3.0500799802490874e-11,1.0
47a15dbf7bd2465d21c07aeea8f34900962e8ccafeab09504ea378ce7a49cee8,MPT,MPT,other,dolly_15k/classification/652,1.621315703914661e-08,4.25519863711723e-18,1.0
47a15dbf7bd2465d21c07aeea8f34900962e8ccafeab09504ea378ce7a49cee8,Flan-T5,Flan-T5,other,dolly_15k/classification/652,0.06693482398986816,0.9263996481895447,0.006665539927780628
47a15dbf7bd2465d21c07aeea8f34900962e8ccafeab09504ea378ce7a49cee8,ChatGLM,Flan-T5,other,dolly_15k/classification/652,0.0036917792167514563,0.9963082075119019,4.152989896422099e-10
408ed543299ea75c0f19af06d42737e24aeae453489f4f6c61c94efa6600d392,Flan-T5,Flan-T5,other,unified_chip2/107172,9.846218745224178e-05,0.999891996383667,9.538136509945616e-06
408ed543299ea75c0f19af06d42737e24aeae453489f4f6c61c94efa6600d392,ChatGLM,ChatGLM,other,unified_chip2/107172,0.9999998807907104,3.2468619400082346e-14,1.476071957995373e-07
408ed543299ea75c0f19af06d42737e24aeae453489f4f6c61c94efa6600d392,MPT,MPT,other,unified_chip2/107172,2.7311385153439005e-08,1.8319240980939344e-13,1.0
bd0bfde67b71ac10f82689f809dfaa9b80ea936bc66a3ec4fbcc7cca2f873146,ChatGLM,ChatGLM,other,unified_chip2/161360,0.999996542930603,2.8671954623860074e-06,6.061433168724761e-07
bd0bfde67b71ac10f82689f809dfaa9b80ea936bc66a3ec4fbcc7cca2f873146,Flan-T5,Flan-T5,other,unified_chip2/161360,9.846218745224178e-05,0.999891996383667,9.538136509945616e-06
bd0bfde67b71ac10f82689f809dfaa9b80ea936bc66a3ec4fbcc7cca2f873146,MPT,MPT,other,unified_chip2/161360,4.3041349022214515e-14,1.368585755350492e-15,1.0
839ed13e56e113bfe96861cff6eba2abff11109d075e6802cb7ab3294703b55b,Flan-T5,Flan-T5,other,unified_chip2/137961,2.257882897538366e-06,0.9999966621398926,1.0379375225966214e-06
839ed13e56e113bfe96861cff6eba2abff11109d075e6802cb7ab3294703b55b,ChatGLM,ChatGLM,other,unified_chip2/137961,1.0,9.056334817540788e-15,2.017155539824067e-12
839ed13e56e113bfe96861cff6eba2abff11109d075e6802cb7ab3294703b55b,MPT,MPT,other,unified_chip2/137961,7.203620295756497e-13,4.421216184880399e-17,1.0
2580c2b8c69688015b59ab5aa56c927d933b492b492abf4ffa553e015ea0e796,Flan-T5,Flan-T5,other,unified_chip2/31928,0.00041752244578674436,0.9995710253715515,1.1475311112008058e-05
2580c2b8c69688015b59ab5aa56c927d933b492b492abf4ffa553e015ea0e796,MPT,MPT,other,unified_chip2/31928,3.072565812889394e-11,2.9790731917265593e-18,1.0
2580c2b8c69688015b59ab5aa56c927d933b492b492abf4ffa553e015ea0e796,ChatGLM,ChatGLM,other,unified_chip2/31928,1.0,8.01585055656192e-15,3.204176834969985e-08
a4708c305b5c96d50c921db2899d5ad30e78ec7733b4bf624645a839c5581231,Flan-T5,Flan-T5,other,unified_chip2/13438,8.607802737969905e-05,0.9999139308929443,2.1201862487885137e-09
a4708c305b5c96d50c921db2899d5ad30e78ec7733b4bf624645a839c5581231,ChatGLM,ChatGLM,other,unified_chip2/13438,0.9996070265769958,0.00029548644670285285,9.745624993229285e-05
a4708c305b5c96d50c921db2899d5ad30e78ec7733b4bf624645a839c5581231,MPT,MPT,other,unified_chip2/13438,7.570035265302977e-09,1.4171590160479257e-18,1.0
004f3fdef7c5f31629b7a2660cd9b6d781d7c00e15bf0a75274246d644361174,MPT,MPT,other,unified_chip2/128872,3.473016363386705e-08,2.883171244626978e-16,1.0
004f3fdef7c5f31629b7a2660cd9b6d781d7c00e15bf0a75274246d644361174,ChatGLM,MPT,other,unified_chip2/128872,0.3806195855140686,0.0008681936888024211,0.6185122132301331
004f3fdef7c5f31629b7a2660cd9b6d781d7c00e15bf0a75274246d644361174,Flan-T5,Flan-T5,other,unified_chip2/128872,0.00438115606084466,0.9955364465713501,8.246047218563035e-05
48a504c1c74efaf42edf955ba5a6d59167c90dc833a010df8b2b1ffc432e1f93,Flan-T5,Flan-T5,other,unified_chip2/57640,9.192561378768005e-07,0.9999990463256836,4.4239523155908955e-10
48a504c1c74efaf42edf955ba5a6d59167c90dc833a010df8b2b1ffc432e1f93,MPT,MPT,other,unified_chip2/57640,9.694788374869923e-13,1.8807767843131984e-12,1.0
48a504c1c74efaf42edf955ba5a6d59167c90dc833a010df8b2b1ffc432e1f93,ChatGLM,ChatGLM,other,unified_chip2/57640,1.0,3.522713465874648e-15,1.4024614802821134e-10
0992b1aa80e2d9bcb21ffbcf04928332a3e7a20a1942b38080253353976cb2f0,MPT,MPT,other,unified_chip2/109478,7.813651463752469e-18,4.3435922818232915e-20,1.0
0992b1aa80e2d9bcb21ffbcf04928332a3e7a20a1942b38080253353976cb2f0,ChatGLM,ChatGLM,other,unified_chip2/109478,0.9999943971633911,4.563422417724894e-10,5.560487352340715e-06
0992b1aa80e2d9bcb21ffbcf04928332a3e7a20a1942b38080253353976cb2f0,Flan-T5,Flan-T5,other,unified_chip2/109478,8.19063643575646e-06,0.9999892711639404,2.5417170945729595e-06
4eae13be42575d307e0803967098b551128ebb62cfae9582b52d972d6787a737,ChatGLM,ChatGLM,other,unified_chip2/68907,0.9676871299743652,5.7995030147139914e-06,0.03230702504515648
4eae13be42575d307e0803967098b551128ebb62cfae9582b52d972d6787a737,MPT,MPT,other,unified_chip2/68907,7.29062392679225e-08,1.207613513222324e-19,0.9999998807907104
4eae13be42575d307e0803967098b551128ebb62cfae9582b52d972d6787a737,Flan-T5,Flan-T5,other,unified_chip2/68907,0.0006063113687559962,0.9993826150894165,1.106457693822449e-05
ba176513c906b86005ba353f2611f53d446e816d127978c8d64c80268e86897d,Flan-T5,Flan-T5,other,unified_chip2/59983,0.0006063113687559962,0.9993826150894165,1.106457693822449e-05
ba176513c906b86005ba353f2611f53d446e816d127978c8d64c80268e86897d,MPT,MPT,other,unified_chip2/59983,2.6805628165283216e-15,9.047910960587248e-22,1.0
ba176513c906b86005ba353f2611f53d446e816d127978c8d64c80268e86897d,ChatGLM,ChatGLM,other,unified_chip2/59983,1.0,3.53231820963279e-13,1.808182215068399e-10
f031da535ec640e720cd154c42ab1bb0c7c08aebb1ede7e03e4c5aaae8adac6d,ChatGLM,ChatGLM,other,unified_chip2/131849,0.9999964237213135,4.2744895622191803e-13,3.5660741559695452e-06
f031da535ec640e720cd154c42ab1bb0c7c08aebb1ede7e03e4c5aaae8adac6d,Flan-T5,Flan-T5,other,unified_chip2/131849,8.19063643575646e-06,0.9999892711639404,2.5417170945729595e-06
f031da535ec640e720cd154c42ab1bb0c7c08aebb1ede7e03e4c5aaae8adac6d,MPT,MPT,other,unified_chip2/131849,1.0015156632074869e-15,1.2282707308487627e-17,1.0
02a4ae5dd1c16b30403d7b3a83d6cd840af85ca3b0a90363727d5283815be127,ChatGLM,ChatGLM,other,unified_chip2/11090,1.0,2.632998773253665e-17,1.1564169177802341e-08
02a4ae5dd1c16b30403d7b3a83d6cd840af85ca3b0a90363727d5283815be127,Flan-T5,Flan-T5,other,unified_chip2/11090,8.773236913839355e-06,0.9999911785125732,1.478996214387962e-08
02a4ae5dd1c16b30403d7b3a83d6cd840af85ca3b0a90363727d5283815be127,MPT,MPT,other,unified_chip2/11090,4.2969192648456556e-09,1.6772907750836018e-18,1.0
9b620e55f39e8a4695642e2fb05bb3ef03c29e6e68e1ed49e7a03f7c13485ef9,MPT,MPT,other,unified_chip2/37522,4.352047888733779e-10,5.595808816316605e-10,1.0
9b620e55f39e8a4695642e2fb05bb3ef03c29e6e68e1ed49e7a03f7c13485ef9,ChatGLM,ChatGLM,other,unified_chip2/37522,1.0,1.585820674266953e-14,9.772429088172885e-09
9b620e55f39e8a4695642e2fb05bb3ef03c29e6e68e1ed49e7a03f7c13485ef9,Flan-T5,Flan-T5,other,unified_chip2/37522,0.0004547990974970162,0.9995347261428833,1.0528327948122751e-05
1a2ecbfb5351a4685ac82242bf26bc7eb3f695b919d6170aa5ba367e1ee2266f,ChatGLM,ChatGLM,other,unified_chip2/89456,0.9999998807907104,9.044526331223116e-15,1.3165504242351744e-07
1a2ecbfb5351a4685ac82242bf26bc7eb3f695b919d6170aa5ba367e1ee2266f,MPT,MPT,other,unified_chip2/89456,6.8623595694816686e-09,8.916600692204752e-17,1.0
1a2ecbfb5351a4685ac82242bf26bc7eb3f695b919d6170aa5ba367e1ee2266f,Flan-T5,Flan-T5,other,unified_chip2/89456,8.19063643575646e-06,0.9999892711639404,2.5417170945729595e-06
85b67e58f2b61de20d6cd481a9e0dfccf4e219cf5796e97508e31532950f95e6,Flan-T5,Flan-T5,other,unified_chip2/78508,0.00017596558609511703,0.9998241066932678,2.8071706070775804e-10
85b67e58f2b61de20d6cd481a9e0dfccf4e219cf5796e97508e31532950f95e6,ChatGLM,ChatGLM,other,unified_chip2/78508,0.9921680092811584,0.006924870423972607,0.0009070861851796508
85b67e58f2b61de20d6cd481a9e0dfccf4e219cf5796e97508e31532950f95e6,MPT,MPT,other,unified_chip2/78508,7.444481093859742e-15,8.598305033565695e-16,1.0
0a1a838a7b37585e3bb928016af05c73d1a15475e7e4d30636d84dedfcb3ef58,Flan-T5,Flan-T5,other,unified_chip2/141128,1.555680917419977e-08,1.0,4.731254277245966e-10
0a1a838a7b37585e3bb928016af05c73d1a15475e7e4d30636d84dedfcb3ef58,ChatGLM,ChatGLM,other,unified_chip2/141128,1.0,1.11818974218858e-12,2.936202836423263e-09
0a1a838a7b37585e3bb928016af05c73d1a15475e7e4d30636d84dedfcb3ef58,MPT,MPT,other,unified_chip2/141128,2.3191306514069865e-11,2.0236620066397956e-18,1.0
75f52b2d281242b93a0e544dc035ab1b0c7b5cc4e205f19c6bde80b5139e4dba,ChatGLM,ChatGLM,other,unified_chip2/74408,0.9500522613525391,0.048935357481241226,0.0010124355321750045
75f52b2d281242b93a0e544dc035ab1b0c7b5cc4e205f19c6bde80b5139e4dba,MPT,MPT,other,unified_chip2/74408,1.3460649695568039e-12,1.6678479914034262e-18,1.0
75f52b2d281242b93a0e544dc035ab1b0c7b5cc4e205f19c6bde80b5139e4dba,Flan-T5,Flan-T5,other,unified_chip2/74408,0.017185039818286896,0.9736484885215759,0.009166459552943707
f006a34f6c3014379ce542d2dc41db4ca0f51ee4a6136e14b5444251f2b44da2,ChatGLM,MPT,other,unified_chip2/124786,0.11489909887313843,3.454662250712559e-11,0.8851008415222168
f006a34f6c3014379ce542d2dc41db4ca0f51ee4a6136e14b5444251f2b44da2,MPT,MPT,other,unified_chip2/124786,1.6562455346005173e-14,1.2737882465699019e-18,1.0
f006a34f6c3014379ce542d2dc41db4ca0f51ee4a6136e14b5444251f2b44da2,Flan-T5,Flan-T5,other,unified_chip2/124786,0.0026541007682681084,0.9954478144645691,0.001898047048598528
04931ffadbc70efe265a67bc6f7f26b13e0a96161e7b1fcb92b29e55494fb710,Flan-T5,Flan-T5,other,unified_chip2/97628,0.0006063113687559962,0.9993826150894165,1.106457693822449e-05
04931ffadbc70efe265a67bc6f7f26b13e0a96161e7b1fcb92b29e55494fb710,MPT,MPT,other,unified_chip2/97628,7.64743167032953e-16,1.9610039024195163e-18,1.0
04931ffadbc70efe265a67bc6f7f26b13e0a96161e7b1fcb92b29e55494fb710,ChatGLM,ChatGLM,other,unified_chip2/97628,0.9775133728981018,2.2344967889886824e-11,0.022486675530672073
71d5ab626434f10e26f15307806276ab21b7ad6105b4fa80453d1e1dc2ed1b72,ChatGLM,ChatGLM,other,unified_chip2/98161,1.0,7.709587477394643e-16,5.310932943425328e-11
71d5ab626434f10e26f15307806276ab21b7ad6105b4fa80453d1e1dc2ed1b72,MPT,MPT,other,unified_chip2/98161,2.7438374482376387e-15,1.6044623818344065e-17,1.0
71d5ab626434f10e26f15307806276ab21b7ad6105b4fa80453d1e1dc2ed1b72,Flan-T5,Flan-T5,other,unified_chip2/98161,1.2463469545309636e-07,0.9999998807907104,1.0338384592856187e-09
fc53110aecf29ac0e6176db8651b2c488de3157e924f9bbab66c1b26c7c524c0,Flan-T5,Flan-T5,other,unified_chip2/99740,5.2800013250475786e-09,1.0,2.1353255164058282e-08
fc53110aecf29ac0e6176db8651b2c488de3157e924f9bbab66c1b26c7c524c0,MPT,MPT,other,unified_chip2/99740,5.253023118712008e-07,2.722917669117919e-09,0.9999995231628418
fc53110aecf29ac0e6176db8651b2c488de3157e924f9bbab66c1b26c7c524c0,ChatGLM,ChatGLM,other,unified_chip2/99740,1.0,4.209083236572826e-14,1.5697845245910003e-09
c80e8e67720d07f95e91062d0f33c863b55dd3a15a7f785f93f8c9f4942c4da5,ChatGLM,ChatGLM,other,unified_chip2/13982,0.9994885921478271,0.0004603482666425407,5.0945673137903214e-05
c80e8e67720d07f95e91062d0f33c863b55dd3a15a7f785f93f8c9f4942c4da5,MPT,MPT,other,unified_chip2/13982,2.4436892057957092e-15,1.959720837755967e-15,1.0
c80e8e67720d07f95e91062d0f33c863b55dd3a15a7f785f93f8c9f4942c4da5,Flan-T5,Flan-T5,other,unified_chip2/13982,3.642752588461917e-08,1.0,4.315435855883898e-11
bd5bf472810ac605901fba0c75418bdaa71639e7954b5d27b0b47dc3510af023,Flan-T5,Flan-T5,other,unified_chip2/16992,9.846218745224178e-05,0.999891996383667,9.538136509945616e-06
bd5bf472810ac605901fba0c75418bdaa71639e7954b5d27b0b47dc3510af023,MPT,MPT,other,unified_chip2/16992,5.2455158272568525e-11,8.450646967947655e-15,1.0
bd5bf472810ac605901fba0c75418bdaa71639e7954b5d27b0b47dc3510af023,ChatGLM,ChatGLM,other,unified_chip2/16992,0.9999998807907104,4.629633803159342e-16,7.132271662158018e-08
a90f9755d60d8d415a9a775f57989ef4ed7c79b8097cf8c9efa0825634d8ca94,MPT,MPT,other,dolly_15k/open_qa/697,2.9183261709975206e-12,8.6047089616304e-22,1.0
a90f9755d60d8d415a9a775f57989ef4ed7c79b8097cf8c9efa0825634d8ca94,ChatGLM,ChatGLM,other,dolly_15k/open_qa/697,0.9984906911849976,8.623950858988039e-11,0.00150925456546247
a90f9755d60d8d415a9a775f57989ef4ed7c79b8097cf8c9efa0825634d8ca94,Flan-T5,ChatGLM,other,dolly_15k/open_qa/697,0.9957358837127686,0.00398628506809473,0.00027771791792474687
d2b0378dcf39c1264d6a9d7ecb5ad3dc43e17bcba9569a8704ee10a8a15da326,Flan-T5,Flan-T5,other,unified_chip2/144873,4.735714469461527e-07,0.9999995231628418,1.5538816067195427e-10
d2b0378dcf39c1264d6a9d7ecb5ad3dc43e17bcba9569a8704ee10a8a15da326,MPT,MPT,other,unified_chip2/144873,4.055672356111095e-14,8.500596060390109e-12,1.0
d2b0378dcf39c1264d6a9d7ecb5ad3dc43e17bcba9569a8704ee10a8a15da326,ChatGLM,ChatGLM,other,unified_chip2/144873,1.0,8.654320614092867e-14,1.1438507747322385e-13
ce1f9f5d0a2480c8e79978feff9d5a410a47702d5e0b85b6daf67047dd950229,Flan-T5,Flan-T5,other,unified_chip2/148362,0.29021355509757996,0.6561536192893982,0.05363284423947334
ce1f9f5d0a2480c8e79978feff9d5a410a47702d5e0b85b6daf67047dd950229,ChatGLM,Flan-T5,other,unified_chip2/148362,0.4228988289833069,0.5760887265205383,0.0010123971151188016
ce1f9f5d0a2480c8e79978feff9d5a410a47702d5e0b85b6daf67047dd950229,MPT,MPT,other,unified_chip2/148362,4.894520344578268e-10,6.070987354327151e-13,1.0
22d3dcc3e19bf034fb9b6a1d500de77f18e73575dc3265b9f45dd8cd23147649,ChatGLM,ChatGLM,other,unified_chip2/55087,0.9999998807907104,2.1862921629339782e-12,1.1730297444501048e-07
22d3dcc3e19bf034fb9b6a1d500de77f18e73575dc3265b9f45dd8cd23147649,Flan-T5,Flan-T5,other,unified_chip2/55087,0.00047668631304986775,0.9991989731788635,0.00032440057839266956
22d3dcc3e19bf034fb9b6a1d500de77f18e73575dc3265b9f45dd8cd23147649,MPT,MPT,other,unified_chip2/55087,7.002008446389514e-16,6.367037476669719e-17,1.0
8a9aa6d5b0bbeddbef98bbd0605fd3fb24122866b673c24365c047e366ba5d77,ChatGLM,ChatGLM,other,unified_chip2/21003,0.9390153288841248,0.007698631379753351,0.05328599363565445
8a9aa6d5b0bbeddbef98bbd0605fd3fb24122866b673c24365c047e366ba5d77,Flan-T5,Flan-T5,other,unified_chip2/21003,3.7628191762451024e-07,0.9999996423721313,3.603621623327058e-09
8a9aa6d5b0bbeddbef98bbd0605fd3fb24122866b673c24365c047e366ba5d77,MPT,MPT,other,unified_chip2/21003,0.0003442537272349,3.869970122138966e-09,0.9996557235717773
a6b07775733da2bacabdca6f4ec5c172d7e36dd29e6ab8a809e96abda1143e45,ChatGLM,ChatGLM,other,unified_chip2/87695,1.0,8.81611623981815e-13,3.3027918178163418e-09
a6b07775733da2bacabdca6f4ec5c172d7e36dd29e6ab8a809e96abda1143e45,Flan-T5,Flan-T5,other,unified_chip2/87695,0.00011628876382019371,0.9998834133148193,2.4895589945117536e-07
a6b07775733da2bacabdca6f4ec5c172d7e36dd29e6ab8a809e96abda1143e45,MPT,MPT,other,unified_chip2/87695,2.0219309590174817e-05,6.579825660019134e-13,0.9999797344207764
2e128a467c8247e57176c7d7252682ae1db5e153457a5107c732b6c27ba95c5f,Flan-T5,Flan-T5,other,unified_chip2/134378,0.0004245827440172434,0.9995744824409485,8.887074613994628e-07
2e128a467c8247e57176c7d7252682ae1db5e153457a5107c732b6c27ba95c5f,ChatGLM,ChatGLM,other,unified_chip2/134378,1.0,1.5644199260686498e-12,3.849331964289604e-09
2e128a467c8247e57176c7d7252682ae1db5e153457a5107c732b6c27ba95c5f,MPT,MPT,other,unified_chip2/134378,1.0823840738624635e-12,2.2052893211014834e-16,1.0
dfde3d5889ae1186d03fec3786f9f1e8111b90b37a7b518e72f3a4851591ce61,Flan-T5,Flan-T5,other,unified_chip2/153883,5.43078022019472e-05,0.9997187256813049,0.00022689597972203046
dfde3d5889ae1186d03fec3786f9f1e8111b90b37a7b518e72f3a4851591ce61,ChatGLM,ChatGLM,other,unified_chip2/153883,1.0,3.677325100242407e-14,6.752405579124598e-11
dfde3d5889ae1186d03fec3786f9f1e8111b90b37a7b518e72f3a4851591ce61,MPT,MPT,other,unified_chip2/153883,2.0652706975154977e-12,1.221701295511091e-16,1.0
748b23b4b613ac9150a16b082acc7786fe28ccee607e035f97365229dc62ed1d,Flan-T5,Flan-T5,other,unified_chip2/77325,0.0008017709478735924,0.9991328120231628,6.545602082042024e-05
748b23b4b613ac9150a16b082acc7786fe28ccee607e035f97365229dc62ed1d,MPT,MPT,other,unified_chip2/77325,2.7385239576199533e-16,3.577995282935437e-16,1.0
748b23b4b613ac9150a16b082acc7786fe28ccee607e035f97365229dc62ed1d,ChatGLM,ChatGLM,other,unified_chip2/77325,0.9999998807907104,1.7720987871561178e-11,1.391671560213581e-07
c3003c1d7f280d6f25374a06f9c73972380f7e641f6004fa589e9e440b8aa1e1,MPT,MPT,other,unified_chip2/26327,3.50296007478601e-12,1.2132560482226722e-19,1.0
c3003c1d7f280d6f25374a06f9c73972380f7e641f6004fa589e9e440b8aa1e1,Flan-T5,Flan-T5,other,unified_chip2/26327,4.331283776082273e-07,0.9999995231628418,1.57201238137894e-10
c3003c1d7f280d6f25374a06f9c73972380f7e641f6004fa589e9e440b8aa1e1,ChatGLM,ChatGLM,other,unified_chip2/26327,0.9999977350234985,3.7210984077037934e-13,2.2959477519179927e-06
c5da051f034cef2c21bf71edc89c3e8e3c135c7a1be1bea0be8df15660eaaae5,ChatGLM,Flan-T5,other,dolly_15k/open_qa/1092,0.006801336072385311,0.9931917786598206,6.9219772740325425e-06
c5da051f034cef2c21bf71edc89c3e8e3c135c7a1be1bea0be8df15660eaaae5,MPT,MPT,other,dolly_15k/open_qa/1092,0.005169302690774202,1.0156379071091237e-09,0.9948306679725647
c5da051f034cef2c21bf71edc89c3e8e3c135c7a1be1bea0be8df15660eaaae5,Flan-T5,Flan-T5,other,dolly_15k/open_qa/1092,0.006978890858590603,0.9922311902046204,0.0007899662596173584
de45c94b4f83e7b82a97b6462330be482eb98d4e8589d349caeb2588df198ebe,MPT,MPT,writing,dolly_15k/closed_qa/1609,1.6410826864099448e-10,2.6845960486099676e-14,1.0
de45c94b4f83e7b82a97b6462330be482eb98d4e8589d349caeb2588df198ebe,ChatGLM,ChatGLM,writing,dolly_15k/closed_qa/1609,0.5776922702789307,0.36477425694465637,0.057533491402864456
de45c94b4f83e7b82a97b6462330be482eb98d4e8589d349caeb2588df198ebe,Flan-T5,Flan-T5,writing,dolly_15k/closed_qa/1609,0.0030743626412004232,0.9954184293746948,0.0015071657253429294
1171d003b5892461809d61425a1bb80d59200ad3e627c6b7d49dcf6942aa7780,MPT,MPT,other,unified_chip2/91287,1.998527565660879e-09,1.5295169232049583e-18,1.0
1171d003b5892461809d61425a1bb80d59200ad3e627c6b7d49dcf6942aa7780,Flan-T5,Flan-T5,other,unified_chip2/91287,0.008470752276480198,0.9894043207168579,0.00212491350248456
1171d003b5892461809d61425a1bb80d59200ad3e627c6b7d49dcf6942aa7780,ChatGLM,MPT,other,unified_chip2/91287,0.22437335550785065,4.2325943638843455e-08,0.7756265997886658
9449d25e400a0ddecc5b38b6a5aba48e06c522c19d201e65bd48edd43260bd96,Flan-T5,Flan-T5,other,unified_chip2/87279,3.542607984741153e-09,1.0,2.820527665592376e-12
9449d25e400a0ddecc5b38b6a5aba48e06c522c19d201e65bd48edd43260bd96,MPT,MPT,other,unified_chip2/87279,1.9318395494405394e-10,1.0485988366135644e-15,1.0
9449d25e400a0ddecc5b38b6a5aba48e06c522c19d201e65bd48edd43260bd96,ChatGLM,ChatGLM,other,unified_chip2/87279,1.0,6.983726097420373e-11,3.052394959013327e-08
595fca32e64b4d1151585524efdf3a2a63aab44dc5f5bd23e1f94382ee550b40,ChatGLM,ChatGLM,other,unified_chip2/6151,0.99997878074646,6.129683982614154e-10,2.1254621970001608e-05
595fca32e64b4d1151585524efdf3a2a63aab44dc5f5bd23e1f94382ee550b40,Flan-T5,Flan-T5,other,unified_chip2/6151,2.1603398181468947e-07,0.9999997615814209,1.848671438153815e-08
595fca32e64b4d1151585524efdf3a2a63aab44dc5f5bd23e1f94382ee550b40,MPT,MPT,other,unified_chip2/6151,2.597032831841428e-13,5.939821127560195e-19,1.0
746df58f71addbb379a7fc0fab792a7213bc528fe60945b50ced3f3d89f44297,Flan-T5,Flan-T5,other,dolly_15k/classification/968,0.34843745827674866,0.651562511920929,3.2692309970272504e-10
746df58f71addbb379a7fc0fab792a7213bc528fe60945b50ced3f3d89f44297,ChatGLM,ChatGLM,other,dolly_15k/classification/968,0.9999998807907104,9.749973181247262e-13,6.700775401213832e-08
746df58f71addbb379a7fc0fab792a7213bc528fe60945b50ced3f3d89f44297,MPT,MPT,other,dolly_15k/classification/968,1.3527235331878273e-08,3.8665556487908065e-14,1.0
75607638ff58e64e013e800a88b0cfe0f588d1570c7ae7b214cc02db2b08fd0d,Flan-T5,Flan-T5,other,unified_chip2/154914,9.846218745224178e-05,0.999891996383667,9.538136509945616e-06
75607638ff58e64e013e800a88b0cfe0f588d1570c7ae7b214cc02db2b08fd0d,MPT,MPT,other,unified_chip2/154914,9.735823952583544e-11,1.3002858359837928e-16,1.0
75607638ff58e64e013e800a88b0cfe0f588d1570c7ae7b214cc02db2b08fd0d,ChatGLM,ChatGLM,other,unified_chip2/154914,1.0,9.472904138692795e-16,2.2396369203647737e-09
68d28c25958c6fcd4b9294a137973622f6f20d99fa7b4214be537080ce1d10e3,Flan-T5,Flan-T5,other,unified_chip2/101515,0.010385763831436634,0.9895527362823486,6.150708941277117e-05
68d28c25958c6fcd4b9294a137973622f6f20d99fa7b4214be537080ce1d10e3,MPT,MPT,other,unified_chip2/101515,1.3012932757954334e-16,6.914315599599724e-22,1.0
68d28c25958c6fcd4b9294a137973622f6f20d99fa7b4214be537080ce1d10e3,ChatGLM,ChatGLM,other,unified_chip2/101515,0.9995532631874084,1.4022971299709752e-05,0.00043263196130283177
9e319cc09664380c083204d6501d7ced09575f7ad40be8666fa4086244ceeb97,ChatGLM,ChatGLM,other,unified_chip2/82618,0.9943305253982544,0.005313795525580645,0.00035560899414122105
9e319cc09664380c083204d6501d7ced09575f7ad40be8666fa4086244ceeb97,MPT,MPT,other,unified_chip2/82618,2.909118952676426e-11,6.412060118976548e-12,1.0
9e319cc09664380c083204d6501d7ced09575f7ad40be8666fa4086244ceeb97,Flan-T5,Flan-T5,other,unified_chip2/82618,5.9609974414343014e-06,0.9999940395355225,2.020608569353044e-09
3fd5f72da779099d05d2777ea05e9f14816d9273878d4ae18cc1faccbafcd5ff,Flan-T5,Flan-T5,other,unified_chip2/16481,7.58741662139073e-05,0.9999223947525024,1.6778332110334304e-06
3fd5f72da779099d05d2777ea05e9f14816d9273878d4ae18cc1faccbafcd5ff,MPT,MPT,other,unified_chip2/16481,4.658113825217747e-11,9.720700027522015e-15,1.0
3fd5f72da779099d05d2777ea05e9f14816d9273878d4ae18cc1faccbafcd5ff,ChatGLM,ChatGLM,other,unified_chip2/16481,1.0,2.444817453681452e-15,1.3231517270728688e-10
99f82929dadb1369ef81efc634dc7c673a88e922bccf91fdddbb2819261c97e7,ChatGLM,ChatGLM,other,unified_chip2/140335,1.0,4.5052068866691716e-15,9.958132929366315e-11
99f82929dadb1369ef81efc634dc7c673a88e922bccf91fdddbb2819261c97e7,Flan-T5,Flan-T5,other,unified_chip2/140335,0.0011291151167824864,0.9987758994102478,9.4983923190739e-05
99f82929dadb1369ef81efc634dc7c673a88e922bccf91fdddbb2819261c97e7,MPT,MPT,other,unified_chip2/140335,1.5498722305551382e-09,1.661493877796647e-15,1.0
799f2cb8f781545311ecec5b515b2f768733ae06e59ca07decb3f623017baad0,ChatGLM,ChatGLM,other,unified_chip2/164447,1.0,9.059030076378951e-15,4.856474597469962e-11
799f2cb8f781545311ecec5b515b2f768733ae06e59ca07decb3f623017baad0,MPT,MPT,other,unified_chip2/164447,3.363366182784766e-11,1.0957330014030667e-14,1.0
799f2cb8f781545311ecec5b515b2f768733ae06e59ca07decb3f623017baad0,Flan-T5,Flan-T5,other,unified_chip2/164447,9.846218745224178e-05,0.999891996383667,9.538136509945616e-06
27bff06e9231d45c9bf28a7a40ddaf1caa67fb931c65a8454fc51db2801b101e,MPT,MPT,other,unified_chip2/60770,3.3089636986005644e-07,1.6308618841712609e-15,0.9999996423721313
27bff06e9231d45c9bf28a7a40ddaf1caa67fb931c65a8454fc51db2801b101e,Flan-T5,Flan-T5,other,unified_chip2/60770,0.0002346744149690494,0.9997652173042297,1.5793482077697263e-07
27bff06e9231d45c9bf28a7a40ddaf1caa67fb931c65a8454fc51db2801b101e,ChatGLM,ChatGLM,other,unified_chip2/60770,1.0,1.114690991073025e-16,2.351402492856147e-13
6d2957879610dbbdc7223facaa1a1796a194ac2c253ade0085270a9d6ef1807b,MPT,MPT,other,unified_chip2/8003,8.964982077010186e-13,1.2736110214693012e-14,1.0
6d2957879610dbbdc7223facaa1a1796a194ac2c253ade0085270a9d6ef1807b,ChatGLM,ChatGLM,other,unified_chip2/8003,1.0,5.794031466904107e-15,5.98878195298691e-12
6d2957879610dbbdc7223facaa1a1796a194ac2c253ade0085270a9d6ef1807b,Flan-T5,Flan-T5,other,unified_chip2/8003,1.329791530224611e-06,0.9999986886978149,1.2738797794398238e-09
6c87965f6dec3960bd53b06d9ddf0d1c25cb132c8469f1050e842e9e9ef1d19d,ChatGLM,ChatGLM,other,unified_chip2/153987,0.9999926090240479,4.907122729491675e-06,2.4931919142545667e-06
6c87965f6dec3960bd53b06d9ddf0d1c25cb132c8469f1050e842e9e9ef1d19d,MPT,MPT,other,unified_chip2/153987,1.7986914826906286e-05,4.498198620766884e-14,0.9999819993972778
6c87965f6dec3960bd53b06d9ddf0d1c25cb132c8469f1050e842e9e9ef1d19d,Flan-T5,Flan-T5,other,unified_chip2/153987,3.814900992438197e-05,0.9999613761901855,5.038061772211222e-07
aa9aaff16fa01382de098a4ac2b30902c88497fa9b9df2e5561920c2ec7777c8,Flan-T5,Flan-T5,other,unified_chip2/132646,0.018629014492034912,0.9811450839042664,0.00022585356782656163
aa9aaff16fa01382de098a4ac2b30902c88497fa9b9df2e5561920c2ec7777c8,ChatGLM,ChatGLM,other,unified_chip2/132646,1.0,6.625405654875696e-14,1.6344455788797063e-09
aa9aaff16fa01382de098a4ac2b30902c88497fa9b9df2e5561920c2ec7777c8,MPT,MPT,other,unified_chip2/132646,3.41665959398293e-17,1.2664326463703507e-19,1.0
6e0ddc65621858cc6fc7608d825f0eb762fd272622e580ffcf053b9e1884eaa5,ChatGLM,ChatGLM,other,dolly_15k/open_qa/111,0.9996963739395142,0.0001497750636190176,0.0001538342476123944
6e0ddc65621858cc6fc7608d825f0eb762fd272622e580ffcf053b9e1884eaa5,MPT,MPT,other,dolly_15k/open_qa/111,0.00024565201601944864,3.076345012065218e-10,0.9997543692588806
6e0ddc65621858cc6fc7608d825f0eb762fd272622e580ffcf053b9e1884eaa5,Flan-T5,Flan-T5,other,dolly_15k/open_qa/111,0.16461679339408875,0.8353820443153381,1.2171925618531532e-06
6ce33c2ccebfc8841091adaa9e4fe7db613ffd522e8a79be30a97bca537f7c33,Flan-T5,Flan-T5,other,unified_chip2/151374,1.2964193047082517e-05,0.9999669790267944,2.0022007447551005e-05
6ce33c2ccebfc8841091adaa9e4fe7db613ffd522e8a79be30a97bca537f7c33,ChatGLM,Flan-T5,other,unified_chip2/151374,0.000922326697036624,0.9990774393081665,2.504782514733961e-07
6ce33c2ccebfc8841091adaa9e4fe7db613ffd522e8a79be30a97bca537f7c33,MPT,MPT,other,unified_chip2/151374,3.95295990385236e-10,2.0853899661797681e-13,1.0
e29864ecabdb88641ed45d0028947fc9ffbcc06ac57f95655664d96a533f91cb,MPT,MPT,other,unified_chip2/45474,9.087529340146006e-12,6.847466387308043e-13,1.0
e29864ecabdb88641ed45d0028947fc9ffbcc06ac57f95655664d96a533f91cb,Flan-T5,Flan-T5,other,unified_chip2/45474,1.9603747878488287e-12,0.999935507774353,6.445824692491442e-05
e29864ecabdb88641ed45d0028947fc9ffbcc06ac57f95655664d96a533f91cb,ChatGLM,ChatGLM,other,unified_chip2/45474,1.0,9.660680241885267e-12,1.4995054087307835e-09
3c5ed61c1566350188b4f60bf764b0c5cb81335081cae7af283ed12436330e56,Flan-T5,Flan-T5,other,unified_chip2/102842,1.9050902722028695e-07,0.9999997615814209,1.5100996009209666e-08
3c5ed61c1566350188b4f60bf764b0c5cb81335081cae7af283ed12436330e56,ChatGLM,ChatGLM,other,unified_chip2/102842,1.0,8.132047674466787e-17,4.002726969321024e-12
3c5ed61c1566350188b4f60bf764b0c5cb81335081cae7af283ed12436330e56,MPT,MPT,other,unified_chip2/102842,1.3234620444371216e-14,5.88645811392172e-17,1.0
a45f472ab040681e7f10006d8d1c5b768950d99b57fd068ccbffbe739011e323,Flan-T5,Flan-T5,other,unified_chip2/48229,0.014614274725317955,0.9852752685546875,0.00011044443817809224
a45f472ab040681e7f10006d8d1c5b768950d99b57fd068ccbffbe739011e323,MPT,MPT,other,unified_chip2/48229,2.8809173428938936e-16,8.455623105980606e-20,1.0
a45f472ab040681e7f10006d8d1c5b768950d99b57fd068ccbffbe739011e323,ChatGLM,ChatGLM,other,unified_chip2/48229,0.9999868869781494,1.4672337780505251e-12,1.3102168850309681e-05
e318fb30d5ec12ca7bb7a3282fc111b369f1f8ea9ed6004910112eed3a4ee7ae,Flan-T5,Flan-T5,other,dolly_15k/brainstorming/1051,0.0017741116462275386,0.997516393661499,0.0007095356704667211
e318fb30d5ec12ca7bb7a3282fc111b369f1f8ea9ed6004910112eed3a4ee7ae,MPT,MPT,other,dolly_15k/brainstorming/1051,1.2307304020310258e-14,1.9564729899181015e-21,1.0
e318fb30d5ec12ca7bb7a3282fc111b369f1f8ea9ed6004910112eed3a4ee7ae,ChatGLM,ChatGLM,other,dolly_15k/brainstorming/1051,0.9999946355819702,1.46263057411054e-14,5.3927319640934e-06
59a7e5785b4e21c6e9d7981295e3aebe09db3852bf9ce0930db612aeb929581d,ChatGLM,ChatGLM,other,unified_chip2/105030,0.997502863407135,0.0018773542251437902,0.0006197538459673524
59a7e5785b4e21c6e9d7981295e3aebe09db3852bf9ce0930db612aeb929581d,MPT,MPT,other,unified_chip2/105030,3.570104959273526e-14,2.4302958191897706e-13,1.0
59a7e5785b4e21c6e9d7981295e3aebe09db3852bf9ce0930db612aeb929581d,Flan-T5,Flan-T5,other,unified_chip2/105030,0.0016973040765151381,0.9973260164260864,0.0009766368893906474
ab2ec1c1010f2582e7ee2cf06ef24a043c4bc1735c22e992313ae0e1e21105e9,ChatGLM,ChatGLM,other,unified_chip2/15836,0.9998939037322998,0.00010497320909053087,1.0522588809180888e-06
ab2ec1c1010f2582e7ee2cf06ef24a043c4bc1735c22e992313ae0e1e21105e9,MPT,MPT,other,unified_chip2/15836,1.7388277741227278e-15,3.931122094418448e-19,1.0
ab2ec1c1010f2582e7ee2cf06ef24a043c4bc1735c22e992313ae0e1e21105e9,Flan-T5,Flan-T5,other,unified_chip2/15836,0.0006063113687559962,0.9993826150894165,1.106457693822449e-05
8cff8f6f708dbdbdc268aa4eb6fdfd89b627a7ef31c7f0f632f7336601dfb10c,Flan-T5,Flan-T5,other,unified_chip2/98780,0.009861515834927559,0.9901384115219116,2.8650214645153937e-08
8cff8f6f708dbdbdc268aa4eb6fdfd89b627a7ef31c7f0f632f7336601dfb10c,MPT,MPT,other,unified_chip2/98780,7.036268812044e-08,8.331597130956103e-13,0.9999998807907104
8cff8f6f708dbdbdc268aa4eb6fdfd89b627a7ef31c7f0f632f7336601dfb10c,ChatGLM,ChatGLM,other,unified_chip2/98780,0.9999990463256836,5.827316155962057e-16,9.587454314896604e-07
83d14de127cf7de13a0c138526bf5e04799a1f98236656a577dda1df51066454,MPT,MPT,other,unified_chip2/58899,6.432137888623402e-05,7.598329382135435e-14,0.9999356269836426
83d14de127cf7de13a0c138526bf5e04799a1f98236656a577dda1df51066454,ChatGLM,ChatGLM,other,unified_chip2/58899,0.9982587695121765,1.3992494274361889e-08,0.0017411859007552266
83d14de127cf7de13a0c138526bf5e04799a1f98236656a577dda1df51066454,Flan-T5,Flan-T5,other,unified_chip2/58899,0.000740193179808557,0.9985388517379761,0.0007209170144051313
ecc3c771c0526da54b85060ce01cf73f61f64a6d7460fd9446d5517a56419ff8,Flan-T5,Flan-T5,other,unified_chip2/10842,0.0003529626992531121,0.9996433258056641,3.6781673315999797e-06
ecc3c771c0526da54b85060ce01cf73f61f64a6d7460fd9446d5517a56419ff8,MPT,MPT,other,unified_chip2/10842,0.005648038350045681,1.591331992394085e-12,0.9943519830703735
ecc3c771c0526da54b85060ce01cf73f61f64a6d7460fd9446d5517a56419ff8,ChatGLM,ChatGLM,other,unified_chip2/10842,0.9986967444419861,4.854673453058393e-14,0.0013033263385295868
206f95c3a0e1e1bdb720a420eea5f72ec102c7f1b723a9aea06d558f361e25e2,ChatGLM,ChatGLM,other,unified_chip2/9101,0.9999998807907104,1.2921757271244044e-17,8.955398556054206e-08
206f95c3a0e1e1bdb720a420eea5f72ec102c7f1b723a9aea06d558f361e25e2,Flan-T5,Flan-T5,other,unified_chip2/9101,4.512351665653114e-07,0.9999995231628418,4.632081523903153e-11
206f95c3a0e1e1bdb720a420eea5f72ec102c7f1b723a9aea06d558f361e25e2,MPT,MPT,other,unified_chip2/9101,3.0360494934073e-12,1.1246097098276814e-14,1.0
d1d7a80481ffdf0c3f7912d1dd56774fb145333d802347aaaec25d9d10a69512,ChatGLM,ChatGLM,other,unified_chip2/100226,0.9999990463256836,2.7296068712072928e-14,9.472558417655819e-07
d1d7a80481ffdf0c3f7912d1dd56774fb145333d802347aaaec25d9d10a69512,MPT,MPT,other,unified_chip2/100226,9.017549018608406e-08,8.594770132142743e-14,0.9999998807907104
d1d7a80481ffdf0c3f7912d1dd56774fb145333d802347aaaec25d9d10a69512,Flan-T5,Flan-T5,other,unified_chip2/100226,8.19063643575646e-06,0.9999892711639404,2.5417170945729595e-06
8a4f0051e7c606b33e724d1dab348eb37321a060c75226f5f539336dd081f3df,ChatGLM,ChatGLM,other,unified_chip2/152484,0.9998008608818054,0.00018301079398952425,1.6120276995934546e-05
8a4f0051e7c606b33e724d1dab348eb37321a060c75226f5f539336dd081f3df,MPT,MPT,other,unified_chip2/152484,8.550459256184695e-07,1.111759860028831e-16,0.9999991655349731
8a4f0051e7c606b33e724d1dab348eb37321a060c75226f5f539336dd081f3df,Flan-T5,Flan-T5,other,unified_chip2/152484,8.19063643575646e-06,0.9999892711639404,2.5417170945729595e-06
ef574bc22ff77b66283718cc0475989b87b4238ecde73492a01570730e795614,MPT,MPT,other,unified_chip2/111129,8.44893599527552e-12,5.243633353798948e-19,1.0
ef574bc22ff77b66283718cc0475989b87b4238ecde73492a01570730e795614,ChatGLM,ChatGLM,other,unified_chip2/111129,1.0,1.0744203270129926e-11,5.133791169953383e-09
ef574bc22ff77b66283718cc0475989b87b4238ecde73492a01570730e795614,Flan-T5,Flan-T5,other,unified_chip2/111129,0.0005278005846776068,0.9984486103057861,0.0010236126836389303
0d1e72d8f1999ef7c0f4713145728234b7e481428b4c437ae9c3c5a3c2896597,MPT,MPT,other,unified_chip2/87105,2.6173395048512127e-11,9.639704778341868e-18,1.0
0d1e72d8f1999ef7c0f4713145728234b7e481428b4c437ae9c3c5a3c2896597,ChatGLM,ChatGLM,other,unified_chip2/87105,1.0,8.413178465525861e-14,3.0683450225055253e-10
0d1e72d8f1999ef7c0f4713145728234b7e481428b4c437ae9c3c5a3c2896597,Flan-T5,Flan-T5,other,unified_chip2/87105,7.752061037535896e-07,0.9999991655349731,6.534731511464997e-08
cb0a44238d66c13eef908f65e6461deeafc3a9e369edd704cb2e904e8d341176,MPT,MPT,other,unified_chip2/155846,1.8242399778267693e-12,1.306447524219035e-14,1.0
cb0a44238d66c13eef908f65e6461deeafc3a9e369edd704cb2e904e8d341176,Flan-T5,Flan-T5,other,unified_chip2/155846,0.0034276414662599564,0.9965673685073853,4.9131976993521675e-06
cb0a44238d66c13eef908f65e6461deeafc3a9e369edd704cb2e904e8d341176,ChatGLM,ChatGLM,other,unified_chip2/155846,0.9997976422309875,7.467482167663314e-17,0.0002023348060902208
e684edff7bdbb9334eb2ceaccb1bc50201cf3a3bf69eff12b930e9758542fb09,ChatGLM,ChatGLM,writing,unified_chip2/146154,1.0,2.1578729725795593e-15,5.1321883631771925e-08
e684edff7bdbb9334eb2ceaccb1bc50201cf3a3bf69eff12b930e9758542fb09,MPT,MPT,writing,unified_chip2/146154,2.350245997817524e-09,2.522453773634581e-11,1.0
e684edff7bdbb9334eb2ceaccb1bc50201cf3a3bf69eff12b930e9758542fb09,Flan-T5,Flan-T5,writing,unified_chip2/146154,1.7791890059015714e-05,0.9999816417694092,5.692812692359439e-07
33f5dceeeaff0f27ff576504143395e7ae9cd41642e3e3184c6caa099fd4c5d8,MPT,MPT,other,unified_chip2/65925,8.202499884646386e-06,6.436670315669579e-13,0.999991774559021
33f5dceeeaff0f27ff576504143395e7ae9cd41642e3e3184c6caa099fd4c5d8,Flan-T5,Flan-T5,other,unified_chip2/65925,4.83677376905689e-06,0.9999951124191284,5.830207783219521e-08
33f5dceeeaff0f27ff576504143395e7ae9cd41642e3e3184c6caa099fd4c5d8,ChatGLM,ChatGLM,other,unified_chip2/65925,0.9989765882492065,0.00023868675634730607,0.0007847875240258873
20c2e4ace359ad515467820c145365066200f78ea10f99e78da9148a764ad80e,Flan-T5,Flan-T5,other,dolly_15k/classification/1988,0.25996965169906616,0.734388530254364,0.005641845986247063
20c2e4ace359ad515467820c145365066200f78ea10f99e78da9148a764ad80e,ChatGLM,ChatGLM,other,dolly_15k/classification/1988,0.963836133480072,9.088029773174355e-10,0.03616388887166977
20c2e4ace359ad515467820c145365066200f78ea10f99e78da9148a764ad80e,MPT,MPT,other,dolly_15k/classification/1988,1.618883693765838e-08,1.3137126316867536e-16,1.0
3c3d8cfb6ddc6d9229b2e3e636546706fd68127df373ab6e97218d3073c1ab71,Flan-T5,Flan-T5,other,unified_chip2/92153,1.0719905731093604e-05,0.9999892711639404,2.1322055232531056e-08
3c3d8cfb6ddc6d9229b2e3e636546706fd68127df373ab6e97218d3073c1ab71,MPT,MPT,other,unified_chip2/92153,4.049628132829497e-10,3.7617575985346e-15,1.0
3c3d8cfb6ddc6d9229b2e3e636546706fd68127df373ab6e97218d3073c1ab71,ChatGLM,ChatGLM,other,unified_chip2/92153,1.0,2.5180705570258984e-14,2.1336183930742436e-09
df898abfc136ce161c3460d1ca3979c7b4453ce68705cd62753b90b6f4526824,MPT,MPT,other,unified_chip2/62452,6.745821349435355e-13,2.1357046380422566e-15,1.0
df898abfc136ce161c3460d1ca3979c7b4453ce68705cd62753b90b6f4526824,Flan-T5,Flan-T5,other,unified_chip2/62452,1.0920229698285766e-07,0.9999998807907104,1.0223285329402643e-08
df898abfc136ce161c3460d1ca3979c7b4453ce68705cd62753b90b6f4526824,ChatGLM,ChatGLM,other,unified_chip2/62452,1.0,5.1666247669057697e-11,1.4470741271921383e-10
431b8a5340f2b8880b44ac685cc8694fc12ec8954d905aa60e639df90e07f0f9,MPT,MPT,other,dolly_15k/open_qa/1961,0.00020689537632279098,4.863855883129693e-16,0.9997931122779846
431b8a5340f2b8880b44ac685cc8694fc12ec8954d905aa60e639df90e07f0f9,Flan-T5,Flan-T5,other,dolly_15k/open_qa/1961,4.354324573796475e-06,0.9999954700469971,1.5233928252200712e-07
431b8a5340f2b8880b44ac685cc8694fc12ec8954d905aa60e639df90e07f0f9,ChatGLM,ChatGLM,other,dolly_15k/open_qa/1961,0.9798229336738586,0.0015837234677746892,0.018593382090330124
819f5b573fe9fa6a7b1e353531d18ff39a0c6f914d17dfd6ba808ef1674b8a66,Flan-T5,Flan-T5,other,unified_chip2/66913,1.0971375807855566e-08,1.0,1.6428060023443436e-09
819f5b573fe9fa6a7b1e353531d18ff39a0c6f914d17dfd6ba808ef1674b8a66,ChatGLM,ChatGLM,other,unified_chip2/66913,0.999803364276886,1.9373555537605114e-10,0.00019666212028823793
819f5b573fe9fa6a7b1e353531d18ff39a0c6f914d17dfd6ba808ef1674b8a66,MPT,MPT,other,unified_chip2/66913,4.14281612393097e-06,1.2697716211818033e-09,0.9999958276748657
2838ba6622fa22bd8b89450b255669875e42d9e40713d7adde3fe6d05574a827,Flan-T5,Flan-T5,other,dolly_15k/brainstorming/637,3.71024725609459e-05,0.9999629259109497,7.087548881123951e-10
2838ba6622fa22bd8b89450b255669875e42d9e40713d7adde3fe6d05574a827,ChatGLM,ChatGLM,other,dolly_15k/brainstorming/637,0.9999438524246216,7.038833960137936e-10,5.617013084702194e-05
2838ba6622fa22bd8b89450b255669875e42d9e40713d7adde3fe6d05574a827,MPT,MPT,other,dolly_15k/brainstorming/637,1.6124426110764034e-05,1.421815443190655e-17,0.9999839067459106
b668bea33cbf14c566a8b4b0ecf0f7ed051ca9169f1bb0efb32bfded29396abb,ChatGLM,ChatGLM,other,unified_chip2/149994,0.9967857599258423,0.0027320575900375843,0.0004821940674446523
b668bea33cbf14c566a8b4b0ecf0f7ed051ca9169f1bb0efb32bfded29396abb,MPT,MPT,other,unified_chip2/149994,1.2551697181617527e-10,1.4035657808523713e-15,1.0
b668bea33cbf14c566a8b4b0ecf0f7ed051ca9169f1bb0efb32bfded29396abb,Flan-T5,Flan-T5,other,unified_chip2/149994,3.1580123049934627e-06,0.9999967813491821,9.898691644139035e-08
90cf410295f314d7ea2c67bdb37b0e07b445dc276e5785ac17e1ace734c42a1c,ChatGLM,ChatGLM,other,unified_chip2/28985,1.0,1.3151114271898052e-16,3.2870188775707687e-12
90cf410295f314d7ea2c67bdb37b0e07b445dc276e5785ac17e1ace734c42a1c,Flan-T5,Flan-T5,other,unified_chip2/28985,3.919727191714628e-07,0.9999996423721313,6.208992209266739e-10
90cf410295f314d7ea2c67bdb37b0e07b445dc276e5785ac17e1ace734c42a1c,MPT,MPT,other,unified_chip2/28985,4.4575721586115336e-11,7.834589232794467e-14,1.0
7e50ff1ad5a3009329bb32c3bc5459659cfa0d7d684253ee27f4677b9c461d1e,MPT,MPT,other,unified_chip2/132249,2.565264081884344e-13,8.373902960586166e-19,1.0
7e50ff1ad5a3009329bb32c3bc5459659cfa0d7d684253ee27f4677b9c461d1e,ChatGLM,ChatGLM,other,unified_chip2/132249,0.9512001872062683,0.048795003443956375,4.791843821294606e-06
7e50ff1ad5a3009329bb32c3bc5459659cfa0d7d684253ee27f4677b9c461d1e,Flan-T5,Flan-T5,other,unified_chip2/132249,0.0006063113687559962,0.9993826150894165,1.106457693822449e-05
955f90a6b55354932149a5507c58f86c2042314f1804d2a3b9edea3cbdba3758,MPT,MPT,other,unified_chip2/4756,4.211098257655976e-06,8.353040481523522e-10,0.9999958276748657
955f90a6b55354932149a5507c58f86c2042314f1804d2a3b9edea3cbdba3758,Flan-T5,Flan-T5,other,unified_chip2/4756,0.0003095740103162825,0.9996904134750366,1.4794523939265503e-10
955f90a6b55354932149a5507c58f86c2042314f1804d2a3b9edea3cbdba3758,ChatGLM,ChatGLM,other,unified_chip2/4756,1.0,5.82273422186641e-12,1.2714927999368797e-09
d9d0eab7d4fe4c22744f9675071b2b79791200f4a8fe39cfee2ab07a755162f5,Flan-T5,Flan-T5,other,unified_chip2/106866,6.944244290707502e-09,1.0,4.3169180036217725e-11
d9d0eab7d4fe4c22744f9675071b2b79791200f4a8fe39cfee2ab07a755162f5,MPT,MPT,other,unified_chip2/106866,1.3580752411453687e-15,4.794824798967223e-19,1.0
d9d0eab7d4fe4c22744f9675071b2b79791200f4a8fe39cfee2ab07a755162f5,ChatGLM,ChatGLM,other,unified_chip2/106866,1.0,1.1453697250352318e-14,5.191731489162521e-09
c784145820312e30669c53ea24d57decdbd648dc00cd9cb389aee0cc6e8dda00,MPT,MPT,other,unified_chip2/46225,1.381266470536877e-17,5.662852003758426e-17,1.0
c784145820312e30669c53ea24d57decdbd648dc00cd9cb389aee0cc6e8dda00,ChatGLM,ChatGLM,other,unified_chip2/46225,0.9999927282333374,2.8079739422537386e-08,7.250114776979899e-06
c784145820312e30669c53ea24d57decdbd648dc00cd9cb389aee0cc6e8dda00,Flan-T5,Flan-T5,other,unified_chip2/46225,0.0006063113687559962,0.9993826150894165,1.106457693822449e-05
8806cfafd4dc1dffa9eafe8a4dfeb42a5c0fae2514a38e736593868b286e0360,ChatGLM,ChatGLM,other,unified_chip2/20972,0.999699592590332,3.84562487174109e-15,0.0003004527825396508
8806cfafd4dc1dffa9eafe8a4dfeb42a5c0fae2514a38e736593868b286e0360,Flan-T5,Flan-T5,other,unified_chip2/20972,0.045428477227687836,0.9545432329177856,2.8234573619556613e-05
8806cfafd4dc1dffa9eafe8a4dfeb42a5c0fae2514a38e736593868b286e0360,MPT,MPT,other,unified_chip2/20972,2.3512972818773292e-11,4.937529584654565e-18,1.0
672d03cf848f7e5e523d5c5ef15206dd9fb339d6e104e0332f6dc7bf3ae8783c,MPT,MPT,other,dolly_15k/summarization/280,3.615473644913436e-07,6.923941654805822e-16,0.9999996423721313
672d03cf848f7e5e523d5c5ef15206dd9fb339d6e104e0332f6dc7bf3ae8783c,Flan-T5,Flan-T5,other,dolly_15k/summarization/280,0.00016383016190957278,0.9998352527618408,9.029889156408899e-07
672d03cf848f7e5e523d5c5ef15206dd9fb339d6e104e0332f6dc7bf3ae8783c,ChatGLM,ChatGLM,other,dolly_15k/summarization/280,0.9999593496322632,4.0668121073395014e-05,2.8234314886077527e-09
1925c5b08e75a3b20cd1c89ca0232f0c832e7abf5e419b02291c72878b4df7ef,MPT,MPT,other,unified_chip2/12125,1.3417017726169433e-05,3.903122547388449e-10,0.9999865293502808
1925c5b08e75a3b20cd1c89ca0232f0c832e7abf5e419b02291c72878b4df7ef,ChatGLM,ChatGLM,other,unified_chip2/12125,0.9993821382522583,1.0079788115291421e-09,0.000617786543443799
1925c5b08e75a3b20cd1c89ca0232f0c832e7abf5e419b02291c72878b4df7ef,Flan-T5,Flan-T5,other,unified_chip2/12125,0.00044459817581810057,0.9995549321174622,5.01572003486217e-07
e54d01fc47051e46a3383ecfcb478c67902cbf633d96739289f9bd251e4f96aa,MPT,MPT,other,unified_chip2/21299,1.297453117166114e-10,7.499055982516708e-17,1.0
e54d01fc47051e46a3383ecfcb478c67902cbf633d96739289f9bd251e4f96aa,Flan-T5,Flan-T5,other,unified_chip2/21299,2.722448471104144e-07,0.9999997615814209,8.899067260870197e-09
e54d01fc47051e46a3383ecfcb478c67902cbf633d96739289f9bd251e4f96aa,ChatGLM,ChatGLM,other,unified_chip2/21299,1.0,1.878737499976641e-15,4.0457756589340477e-10
8cdaead4f7f1dfbd4cfa04fc65c0c9207f5ffa3c725feceb1f8cb3d182c6d9b8,MPT,MPT,other,unified_chip2/111336,1.048058607011626e-06,6.205148200821853e-11,0.999998927116394
8cdaead4f7f1dfbd4cfa04fc65c0c9207f5ffa3c725feceb1f8cb3d182c6d9b8,ChatGLM,ChatGLM,other,unified_chip2/111336,1.0,1.2207574361100537e-13,4.478581672184845e-10
8cdaead4f7f1dfbd4cfa04fc65c0c9207f5ffa3c725feceb1f8cb3d182c6d9b8,Flan-T5,MPT,other,unified_chip2/111336,2.928895628429018e-05,0.3129814565181732,0.6869891881942749
163c8331b25e31b2ac60f9ade481365b297be53b6b693c3c1d3b4947762b0129,MPT,MPT,other,unified_chip2/54845,1.1308333214653238e-16,8.080899457597938e-17,1.0
163c8331b25e31b2ac60f9ade481365b297be53b6b693c3c1d3b4947762b0129,ChatGLM,ChatGLM,other,unified_chip2/54845,0.9999825954437256,1.6337067791027948e-05,1.0963203749270178e-06
163c8331b25e31b2ac60f9ade481365b297be53b6b693c3c1d3b4947762b0129,Flan-T5,Flan-T5,other,unified_chip2/54845,1.8415596059639938e-05,0.9999815225601196,9.16864539846074e-09
cbf78133e159ab5a1e011c5687e881b2b30d24aeef445d6bf9f2f70312b87f9c,Flan-T5,Flan-T5,other,unified_chip2/70101,9.846218745224178e-05,0.999891996383667,9.538136509945616e-06
cbf78133e159ab5a1e011c5687e881b2b30d24aeef445d6bf9f2f70312b87f9c,MPT,MPT,other,unified_chip2/70101,1.1867939717404297e-18,1.2509009862011722e-18,1.0
cbf78133e159ab5a1e011c5687e881b2b30d24aeef445d6bf9f2f70312b87f9c,ChatGLM,ChatGLM,other,unified_chip2/70101,0.9999986886978149,3.127958504191286e-13,1.3684806390301674e-06
caa38c3c2c4d4ec001f7d616533ff1d366e7a9a876cfa428367b87f7d1648899,ChatGLM,ChatGLM,other,unified_chip2/58109,1.0,3.138403976853972e-16,3.2460145682478014e-10
caa38c3c2c4d4ec001f7d616533ff1d366e7a9a876cfa428367b87f7d1648899,MPT,MPT,other,unified_chip2/58109,4.697914800233516e-12,7.817823471922836e-11,1.0
caa38c3c2c4d4ec001f7d616533ff1d366e7a9a876cfa428367b87f7d1648899,Flan-T5,Flan-T5,other,unified_chip2/58109,0.0001511808659415692,0.9998451471328735,3.599924184527481e-06
d1556a7b3a13f1f200f70441daa08299a6eddc8e1ab11e8b76261a30673d174d,MPT,MPT,other,unified_chip2/56909,1.5246168771909652e-08,6.807507235326825e-15,1.0
d1556a7b3a13f1f200f70441daa08299a6eddc8e1ab11e8b76261a30673d174d,ChatGLM,ChatGLM,other,unified_chip2/56909,0.8134437203407288,0.18571366369724274,0.0008426362765021622
d1556a7b3a13f1f200f70441daa08299a6eddc8e1ab11e8b76261a30673d174d,Flan-T5,Flan-T5,other,unified_chip2/56909,0.00010893659055000171,0.9998910427093506,1.4310915785742395e-09
f8ea04cab8eaba864254837f0fb9914feb7affacf4c296e852eb7d9c42b29f3a,MPT,MPT,other,unified_chip2/37868,2.746633640526852e-07,1.494514328907246e-16,0.9999997615814209
f8ea04cab8eaba864254837f0fb9914feb7affacf4c296e852eb7d9c42b29f3a,Flan-T5,Flan-T5,other,unified_chip2/37868,0.0005074144573882222,0.9994811415672302,1.141835491580423e-05
f8ea04cab8eaba864254837f0fb9914feb7affacf4c296e852eb7d9c42b29f3a,ChatGLM,ChatGLM,other,unified_chip2/37868,1.0,2.3475170717295662e-17,1.2406778715501332e-08
394cd1cd69292b8e950fed5c24d8ea621744bced5e6e90f48d3883ed0492be82,Flan-T5,Flan-T5,other,unified_chip2/148760,0.004675580654293299,0.9944381713867188,0.0008862442919053137
394cd1cd69292b8e950fed5c24d8ea621744bced5e6e90f48d3883ed0492be82,MPT,ChatGLM,other,unified_chip2/148760,0.6540160775184631,2.122276754334962e-07,0.34598368406295776
394cd1cd69292b8e950fed5c24d8ea621744bced5e6e90f48d3883ed0492be82,ChatGLM,ChatGLM,other,unified_chip2/148760,1.0,1.6706424660065717e-19,7.760032894044144e-11
0e5fb98cb02b83b4e7674fb69b4d38c8b83bb380b242f4421f4c0eeb92894ddc,MPT,MPT,other,unified_chip2/159845,2.176162895717315e-11,5.207439445711231e-17,1.0
0e5fb98cb02b83b4e7674fb69b4d38c8b83bb380b242f4421f4c0eeb92894ddc,Flan-T5,Flan-T5,other,unified_chip2/159845,0.015216073952615261,0.9825631976127625,0.0022207314614206553
0e5fb98cb02b83b4e7674fb69b4d38c8b83bb380b242f4421f4c0eeb92894ddc,ChatGLM,ChatGLM,other,unified_chip2/159845,0.9999760389328003,2.229191977676237e-06,2.1744705009041354e-05
b347756f4425e9bbcd04f129f64f77cf33e0e3d82806246fc5170782abe317fb,ChatGLM,ChatGLM,other,unified_chip2/74770,1.0,8.46474667838765e-15,5.487361433298421e-12
b347756f4425e9bbcd04f129f64f77cf33e0e3d82806246fc5170782abe317fb,Flan-T5,Flan-T5,other,unified_chip2/74770,5.373738645175763e-07,0.9999994039535522,4.354278881901763e-10
b347756f4425e9bbcd04f129f64f77cf33e0e3d82806246fc5170782abe317fb,MPT,MPT,other,unified_chip2/74770,6.760140814103185e-14,4.563278140773397e-12,1.0
4c5180cf5be0bb2176c69991f05e89d8a276dfeeaa44b377b84cbe3c1793a8b5,MPT,MPT,other,unified_chip2/155831,2.136822213312864e-14,4.128928011142295e-16,1.0
4c5180cf5be0bb2176c69991f05e89d8a276dfeeaa44b377b84cbe3c1793a8b5,Flan-T5,Flan-T5,other,unified_chip2/155831,4.275920582585968e-05,0.9999551773071289,2.117991016348242e-06
4c5180cf5be0bb2176c69991f05e89d8a276dfeeaa44b377b84cbe3c1793a8b5,ChatGLM,ChatGLM,other,unified_chip2/155831,1.0,8.963524231664008e-14,1.5923676266460518e-10
3268a72b5129e4f44e1e35cad784af5506ebc2849591a64eb28ed5c77f5d9ab1,MPT,MPT,other,unified_chip2/62286,8.094016027483967e-16,8.295213785901879e-19,1.0
3268a72b5129e4f44e1e35cad784af5506ebc2849591a64eb28ed5c77f5d9ab1,Flan-T5,Flan-T5,other,unified_chip2/62286,1.518207284334494e-07,0.9999998807907104,3.178037555340296e-10
3268a72b5129e4f44e1e35cad784af5506ebc2849591a64eb28ed5c77f5d9ab1,ChatGLM,ChatGLM,other,unified_chip2/62286,1.0,2.7324015717134637e-14,8.335246381996342e-11
c43bd07664a6482bf29b565326e1a38e4b099a17bda90e371ec5f8041b6f8877,MPT,MPT,other,unified_chip2/63240,1.453002323494046e-12,1.1638646899503474e-20,1.0
c43bd07664a6482bf29b565326e1a38e4b099a17bda90e371ec5f8041b6f8877,Flan-T5,Flan-T5,other,unified_chip2/63240,1.7087545529648196e-06,0.9999983310699463,9.001086098692213e-09
c43bd07664a6482bf29b565326e1a38e4b099a17bda90e371ec5f8041b6f8877,ChatGLM,ChatGLM,other,unified_chip2/63240,1.0,4.793018204551913e-10,7.41725569852747e-11
eac54a438342a91027488699fecd9202e651a8176330efc794e87a24d8502da4,ChatGLM,ChatGLM,other,unified_chip2/129954,0.9915475249290466,0.0037930412217974663,0.004659344907850027
eac54a438342a91027488699fecd9202e651a8176330efc794e87a24d8502da4,Flan-T5,Flan-T5,other,unified_chip2/129954,0.0020103047136217356,0.997988224029541,1.5086383200468845e-06
eac54a438342a91027488699fecd9202e651a8176330efc794e87a24d8502da4,MPT,MPT,other,unified_chip2/129954,2.2250123521416754e-08,2.694630339716321e-14,1.0
4616a2be11e005968079e627af2c238744fb7c17e90b680a06ab99bce64e2b5b,Flan-T5,Flan-T5,other,unified_chip2/155315,0.0006063113687559962,0.9993826150894165,1.106457693822449e-05
4616a2be11e005968079e627af2c238744fb7c17e90b680a06ab99bce64e2b5b,MPT,MPT,other,unified_chip2/155315,2.1376029053499224e-06,5.389955458207627e-16,0.9999978542327881
4616a2be11e005968079e627af2c238744fb7c17e90b680a06ab99bce64e2b5b,ChatGLM,ChatGLM,other,unified_chip2/155315,1.0,3.1439945757938403e-08,5.511970220528628e-12
433423478019da9161016339ca0976490223c9477aaccd2eac8ff8342b9adc9a,ChatGLM,ChatGLM,other,dolly_15k/brainstorming/860,0.9717074036598206,1.5166853328807406e-09,0.028292641043663025
433423478019da9161016339ca0976490223c9477aaccd2eac8ff8342b9adc9a,MPT,MPT,other,dolly_15k/brainstorming/860,2.3359289968993835e-07,3.743927813075248e-18,0.9999997615814209
433423478019da9161016339ca0976490223c9477aaccd2eac8ff8342b9adc9a,Flan-T5,Flan-T5,other,dolly_15k/brainstorming/860,0.00011264994827797636,0.999833345413208,5.3994292102288455e-05
70bd43cdba67d0e8d1c89363ccf69457c6fd4e576ee1370f168bb0915f9813d7,MPT,MPT,other,unified_chip2/133683,1.0790196514065542e-09,8.356474523573615e-20,1.0
70bd43cdba67d0e8d1c89363ccf69457c6fd4e576ee1370f168bb0915f9813d7,ChatGLM,ChatGLM,other,unified_chip2/133683,0.9999933242797852,3.637675831669185e-07,6.271942766034044e-06
70bd43cdba67d0e8d1c89363ccf69457c6fd4e576ee1370f168bb0915f9813d7,Flan-T5,Flan-T5,other,unified_chip2/133683,8.19063643575646e-06,0.9999892711639404,2.5417170945729595e-06
07089fb9bc2a5dc2d2762dda764e81f012b7cea2c6ddf69401c779a4f1892028,MPT,MPT,other,dolly_15k/general_qa/1901,8.410015045479113e-11,1.16194179759332e-16,1.0
07089fb9bc2a5dc2d2762dda764e81f012b7cea2c6ddf69401c779a4f1892028,ChatGLM,ChatGLM,other,dolly_15k/general_qa/1901,0.9998942613601685,9.75810835370794e-05,8.148116648953874e-06
07089fb9bc2a5dc2d2762dda764e81f012b7cea2c6ddf69401c779a4f1892028,Flan-T5,Flan-T5,other,dolly_15k/general_qa/1901,0.0003256829222664237,0.9995124340057373,0.0001619269314687699
c1b71a1511c8a9d5f11a7d5ad72fc867de6141700f491fbcc502eee042150218,ChatGLM,ChatGLM,other,unified_chip2/155285,0.999664306640625,8.10611090855673e-05,0.0002546133182477206
c1b71a1511c8a9d5f11a7d5ad72fc867de6141700f491fbcc502eee042150218,Flan-T5,Flan-T5,other,unified_chip2/155285,9.846218745224178e-05,0.999891996383667,9.538136509945616e-06
c1b71a1511c8a9d5f11a7d5ad72fc867de6141700f491fbcc502eee042150218,MPT,MPT,other,unified_chip2/155285,4.051500024360166e-09,5.979817688321395e-17,1.0
84556d11228138d112ba142f7e66fc9b5ad9281e9e312dd2fe52f4b9484eb959,ChatGLM,ChatGLM,other,unified_chip2/63478,0.9997872710227966,0.00015497607819270343,5.7795241446001455e-05
84556d11228138d112ba142f7e66fc9b5ad9281e9e312dd2fe52f4b9484eb959,MPT,MPT,other,unified_chip2/63478,3.197125290205216e-12,3.3289172376869803e-17,1.0
84556d11228138d112ba142f7e66fc9b5ad9281e9e312dd2fe52f4b9484eb959,Flan-T5,Flan-T5,other,unified_chip2/63478,1.9865206922986545e-05,0.999980092048645,3.734801268251431e-08
8d132fdad7e9ee5e3711235f022bf20280bcae4e58ec9760a40a5ad805f4c3b7,ChatGLM,ChatGLM,other,unified_chip2/6671,1.0,3.588119659304453e-18,1.7792659111918688e-18
8d132fdad7e9ee5e3711235f022bf20280bcae4e58ec9760a40a5ad805f4c3b7,MPT,MPT,other,unified_chip2/6671,4.821997632458754e-16,2.3195295917278688e-14,1.0
8d132fdad7e9ee5e3711235f022bf20280bcae4e58ec9760a40a5ad805f4c3b7,Flan-T5,Flan-T5,other,unified_chip2/6671,3.852160901374191e-08,0.9999978542327881,2.1327668946469203e-06
224fb29c438db212317767b606f4c027f333bb41e8ca47fe170caee5a204fa7b,Flan-T5,Flan-T5,other,unified_chip2/40838,1.0317195098252796e-08,0.9999998807907104,6.095739735201278e-08
224fb29c438db212317767b606f4c027f333bb41e8ca47fe170caee5a204fa7b,ChatGLM,ChatGLM,other,unified_chip2/40838,1.0,2.278101481328204e-13,3.512393931259794e-08
224fb29c438db212317767b606f4c027f333bb41e8ca47fe170caee5a204fa7b,MPT,MPT,other,unified_chip2/40838,6.305880291670917e-18,8.508453289935035e-22,1.0
8a52f9e6228d0129faafc75368f47cda4031d35a495d8eb5d897f0a6c23bc300,Flan-T5,Flan-T5,other,unified_chip2/56341,0.0011731503764167428,0.9988263249397278,5.423344759947213e-07
8a52f9e6228d0129faafc75368f47cda4031d35a495d8eb5d897f0a6c23bc300,MPT,MPT,other,unified_chip2/56341,2.1668325643986464e-05,2.2474350158674383e-10,0.9999783039093018
8a52f9e6228d0129faafc75368f47cda4031d35a495d8eb5d897f0a6c23bc300,ChatGLM,MPT,other,unified_chip2/56341,0.015776613727211952,1.3276445237240739e-15,0.9842234253883362
3b339ba417c499e6e7b16a3957aa557162b3bd5345ab6d5ba8e8e3e9122eb169,Flan-T5,Flan-T5,other,unified_chip2/31240,0.0008825524710118771,0.9989311099052429,0.00018631669809110463
3b339ba417c499e6e7b16a3957aa557162b3bd5345ab6d5ba8e8e3e9122eb169,MPT,MPT,other,unified_chip2/31240,1.4288185218314098e-11,5.141772051805039e-15,1.0
3b339ba417c499e6e7b16a3957aa557162b3bd5345ab6d5ba8e8e3e9122eb169,ChatGLM,ChatGLM,other,unified_chip2/31240,1.0,9.852365369942065e-16,1.4400743618414591e-11
0ab1e5297553708a10910214ae99478b1b7a0ee23a1e386f0e6b7d57f07129b9,ChatGLM,ChatGLM,other,unified_chip2/20669,0.9788288474082947,0.013867652975022793,0.007303569465875626
0ab1e5297553708a10910214ae99478b1b7a0ee23a1e386f0e6b7d57f07129b9,MPT,MPT,other,unified_chip2/20669,7.889695841090116e-11,5.3469026793228226e-15,1.0
0ab1e5297553708a10910214ae99478b1b7a0ee23a1e386f0e6b7d57f07129b9,Flan-T5,Flan-T5,other,unified_chip2/20669,6.756925358786248e-06,0.9999932050704956,1.6927595325455513e-08
23d8c94e0ee824d926de9be13507fafd0130978f3f5258d4b38d17255d5dafce,Flan-T5,Flan-T5,other,unified_chip2/39304,2.51658093475271e-07,0.9999997615814209,1.5984441548155814e-10
23d8c94e0ee824d926de9be13507fafd0130978f3f5258d4b38d17255d5dafce,ChatGLM,ChatGLM,other,unified_chip2/39304,0.9999996423721313,2.0905257641081962e-14,3.854749195397744e-07
23d8c94e0ee824d926de9be13507fafd0130978f3f5258d4b38d17255d5dafce,MPT,MPT,other,unified_chip2/39304,2.5612636818550527e-05,1.8856854012289093e-12,0.9999743700027466
27b733fe04b95285ce869b3697920f1c3acc0f0cece1655ea8f5229af7cfdb43,MPT,MPT,other,unified_chip2/166,1.3098322339949453e-12,3.17303454832555e-14,1.0
27b733fe04b95285ce869b3697920f1c3acc0f0cece1655ea8f5229af7cfdb43,ChatGLM,ChatGLM,other,unified_chip2/166,0.6341404914855957,0.05976870656013489,0.30609074234962463
27b733fe04b95285ce869b3697920f1c3acc0f0cece1655ea8f5229af7cfdb43,Flan-T5,Flan-T5,other,unified_chip2/166,0.0005883797421120107,0.9994089603424072,2.6393868211016525e-06
c3920c820b7ae117f6e61352bb30d6c22235a35c5e5601e343e2f4a7ccf92144,ChatGLM,ChatGLM,other,unified_chip2/121916,0.9999988079071045,1.3757271960079115e-14,1.2198153171993908e-06
c3920c820b7ae117f6e61352bb30d6c22235a35c5e5601e343e2f4a7ccf92144,MPT,MPT,other,unified_chip2/121916,4.4683785209269355e-13,8.446283332136087e-18,1.0
c3920c820b7ae117f6e61352bb30d6c22235a35c5e5601e343e2f4a7ccf92144,Flan-T5,Flan-T5,other,unified_chip2/121916,0.0018584051867946982,0.9980085492134094,0.00013310261419974267
8af101a9d839db41818fd3d34053b11dbc73936a0af25b94be1c76d02444c14e,ChatGLM,ChatGLM,other,unified_chip2/80238,0.9999996423721313,5.442165829094847e-08,3.6938811831532803e-07
8af101a9d839db41818fd3d34053b11dbc73936a0af25b94be1c76d02444c14e,Flan-T5,Flan-T5,other,unified_chip2/80238,0.004612687975168228,0.9941097497940063,0.0012775722425431013
8af101a9d839db41818fd3d34053b11dbc73936a0af25b94be1c76d02444c14e,MPT,MPT,other,unified_chip2/80238,2.2772602796072216e-19,2.915593554986347e-20,1.0
a901154a5db353d1a9674997e1d14484daa8e94e5da708f3a7b50aef7fdfa93c,MPT,MPT,other,unified_chip2/9024,2.0619843780878e-05,4.428633154640593e-11,0.9999793767929077
a901154a5db353d1a9674997e1d14484daa8e94e5da708f3a7b50aef7fdfa93c,ChatGLM,ChatGLM,other,unified_chip2/9024,1.0,6.6658371632502805e-15,6.046632639034044e-11
a901154a5db353d1a9674997e1d14484daa8e94e5da708f3a7b50aef7fdfa93c,Flan-T5,Flan-T5,other,unified_chip2/9024,0.0018047548364847898,0.998195230960846,1.655634385144822e-08
f0e2eb4cec42c1e9a06951792a10e3335cc91b04f10543b8d4fc143bfae9d0b4,MPT,MPT,other,unified_chip2/87761,5.469341545958316e-14,1.1074428044119168e-17,1.0
f0e2eb4cec42c1e9a06951792a10e3335cc91b04f10543b8d4fc143bfae9d0b4,ChatGLM,ChatGLM,other,unified_chip2/87761,0.9967346787452698,0.0032394807785749435,2.5770312277018093e-05
f0e2eb4cec42c1e9a06951792a10e3335cc91b04f10543b8d4fc143bfae9d0b4,Flan-T5,Flan-T5,other,unified_chip2/87761,3.521423877828056e-06,0.9999964237213135,3.744190721355345e-12
d31a78d7a5c839a0b4599b40d3c94afb4b2e24a5ca42adafca03fafff739526a,MPT,MPT,other,unified_chip2/163532,8.016487029749442e-09,1.0984350365048079e-13,1.0
d31a78d7a5c839a0b4599b40d3c94afb4b2e24a5ca42adafca03fafff739526a,Flan-T5,Flan-T5,other,unified_chip2/163532,8.19063643575646e-06,0.9999892711639404,2.5417170945729595e-06
d31a78d7a5c839a0b4599b40d3c94afb4b2e24a5ca42adafca03fafff739526a,ChatGLM,ChatGLM,other,unified_chip2/163532,1.0,1.1679022413882065e-14,3.3609455218908124e-09
1416e2d02b1b29b53b20f4698fcc33b2a00b33dee60e3a8a006b1b40e2a943ac,ChatGLM,ChatGLM,other,unified_chip2/82810,0.9937925934791565,0.0012311438331380486,0.0049763089045882225
1416e2d02b1b29b53b20f4698fcc33b2a00b33dee60e3a8a006b1b40e2a943ac,Flan-T5,Flan-T5,other,unified_chip2/82810,0.0006063113687559962,0.9993826150894165,1.106457693822449e-05
1416e2d02b1b29b53b20f4698fcc33b2a00b33dee60e3a8a006b1b40e2a943ac,MPT,MPT,other,unified_chip2/82810,7.221987008421138e-09,3.7234898345002875e-18,1.0
77e1827caaa501919d51c5727f646ac512126a8916da38f52b795c0bd8f11c15,Flan-T5,Flan-T5,other,unified_chip2/85890,0.002260979963466525,0.9975807666778564,0.0001582218537805602
77e1827caaa501919d51c5727f646ac512126a8916da38f52b795c0bd8f11c15,MPT,MPT,other,unified_chip2/85890,2.5185777019487432e-08,3.962265238133256e-11,1.0
77e1827caaa501919d51c5727f646ac512126a8916da38f52b795c0bd8f11c15,ChatGLM,ChatGLM,other,unified_chip2/85890,1.0,1.111103674192505e-16,3.2380451401789467e-13
bb5ea154742b3cbe8885d4f7438784cf5eac8fa61491ba14fd7b51a0adb214e8,MPT,MPT,other,unified_chip2/105253,6.1169349585554755e-09,1.056979244936078e-17,1.0
bb5ea154742b3cbe8885d4f7438784cf5eac8fa61491ba14fd7b51a0adb214e8,ChatGLM,ChatGLM,other,unified_chip2/105253,0.9999022483825684,9.197300823871046e-05,5.68654195376439e-06
bb5ea154742b3cbe8885d4f7438784cf5eac8fa61491ba14fd7b51a0adb214e8,Flan-T5,Flan-T5,other,unified_chip2/105253,1.516395542466853e-07,0.9999998807907104,3.215830657321561e-10
c06a11641948f78462700d6d05a12e4e4b16d5046373792eb6087f6a95514414,MPT,MPT,other,unified_chip2/57458,9.247841381565536e-11,3.2144366717543928e-15,1.0
c06a11641948f78462700d6d05a12e4e4b16d5046373792eb6087f6a95514414,ChatGLM,ChatGLM,other,unified_chip2/57458,0.9999781847000122,3.588866421417854e-16,2.1792458937852643e-05
c06a11641948f78462700d6d05a12e4e4b16d5046373792eb6087f6a95514414,Flan-T5,Flan-T5,other,unified_chip2/57458,2.6495092242839746e-05,0.9999639987945557,9.451549885852728e-06
e2bd2e8de7c1ee1d17a12617252c27b7e47b6ec60a217bd6bff1e2a19c5200f8,MPT,MPT,other,unified_chip2/81,1.60406295699612e-19,8.974975562155413e-20,1.0
e2bd2e8de7c1ee1d17a12617252c27b7e47b6ec60a217bd6bff1e2a19c5200f8,ChatGLM,ChatGLM,other,unified_chip2/81,0.9999994039535522,4.524621129153861e-12,5.598995471700619e-07
e2bd2e8de7c1ee1d17a12617252c27b7e47b6ec60a217bd6bff1e2a19c5200f8,Flan-T5,Flan-T5,other,unified_chip2/81,9.846218745224178e-05,0.999891996383667,9.538136509945616e-06
86a67fd781fcb52686bc2ad09f078c69078f36dbc97f77b160147e537bfc8c57,Flan-T5,Flan-T5,other,unified_chip2/128023,3.867282794089988e-05,0.999961256980896,2.0551002677393626e-08
86a67fd781fcb52686bc2ad09f078c69078f36dbc97f77b160147e537bfc8c57,ChatGLM,MPT,other,unified_chip2/128023,0.0419091135263443,3.3591418535650064e-10,0.9580909013748169
86a67fd781fcb52686bc2ad09f078c69078f36dbc97f77b160147e537bfc8c57,MPT,MPT,other,unified_chip2/128023,2.204203708444652e-09,3.7227469371070576e-13,1.0
39916b7de42f55be21b23ea2b0c6507b9acacf652074f3ea26fd9dc70a9c8737,ChatGLM,ChatGLM,other,dolly_15k/classification/672,0.9957966804504395,0.004195109941065311,8.190069820557255e-06
39916b7de42f55be21b23ea2b0c6507b9acacf652074f3ea26fd9dc70a9c8737,MPT,MPT,other,dolly_15k/classification/672,6.748108738463543e-10,3.373670603958243e-19,1.0
39916b7de42f55be21b23ea2b0c6507b9acacf652074f3ea26fd9dc70a9c8737,Flan-T5,Flan-T5,other,dolly_15k/classification/672,0.0037971376441419125,0.9957271814346313,0.0004756615380756557
5d5307af59b726be0b634149c72befe4840e6e162e5b61c65c185d24c7f055d7,MPT,MPT,other,dolly_15k/classification/591,2.0859500238223916e-10,3.973048260753581e-19,1.0
5d5307af59b726be0b634149c72befe4840e6e162e5b61c65c185d24c7f055d7,Flan-T5,Flan-T5,other,dolly_15k/classification/591,0.004305328708142042,0.9939753413200378,0.0017194050597026944
5d5307af59b726be0b634149c72befe4840e6e162e5b61c65c185d24c7f055d7,ChatGLM,ChatGLM,other,dolly_15k/classification/591,0.9941972494125366,0.005802608095109463,7.576479532644953e-08
35f68149d1ccde3ca266fd6c3ca968a3be9c5f539ae4511f680847a610d0f5b5,ChatGLM,ChatGLM,other,dolly_15k/open_qa/748,0.9999895095825195,2.4807530382269525e-16,1.0531883162911981e-05
35f68149d1ccde3ca266fd6c3ca968a3be9c5f539ae4511f680847a610d0f5b5,MPT,MPT,other,dolly_15k/open_qa/748,7.455969807779184e-06,3.107337825903559e-15,0.9999924898147583
35f68149d1ccde3ca266fd6c3ca968a3be9c5f539ae4511f680847a610d0f5b5,Flan-T5,Flan-T5,other,dolly_15k/open_qa/748,0.0009251825395040214,0.9989161491394043,0.00015873824304435402
f0e2024c99904b50cdc0fd758e2ea62cb47629611b93b151e1806dc350c23e15,MPT,MPT,other,unified_chip2/135496,4.618927675892337e-07,5.200757359491437e-13,0.9999995231628418
f0e2024c99904b50cdc0fd758e2ea62cb47629611b93b151e1806dc350c23e15,Flan-T5,Flan-T5,other,unified_chip2/135496,0.000176619112608023,0.9998175501823425,5.842379323439673e-06
f0e2024c99904b50cdc0fd758e2ea62cb47629611b93b151e1806dc350c23e15,ChatGLM,ChatGLM,other,unified_chip2/135496,1.0,2.279478984805242e-17,1.6372449186327631e-12
e4ce116a577746f3f4e62849abb000f0ff146f3f33315129c60f87c87876d193,MPT,MPT,other,unified_chip2/75407,8.15817384324203e-18,1.596454029425252e-15,1.0
e4ce116a577746f3f4e62849abb000f0ff146f3f33315129c60f87c87876d193,ChatGLM,ChatGLM,other,unified_chip2/75407,1.0,1.0547328374593433e-15,3.1676204770292316e-08
e4ce116a577746f3f4e62849abb000f0ff146f3f33315129c60f87c87876d193,Flan-T5,Flan-T5,other,unified_chip2/75407,0.0009624742669984698,0.999037504196167,1.1708165992274644e-08
12599001323923b13c8d90bad0d2e3469bf4c638ba7b0fbfa517b0e0b965194e,MPT,MPT,other,unified_chip2/77101,6.71736610780016e-10,1.7692758441389128e-18,1.0
12599001323923b13c8d90bad0d2e3469bf4c638ba7b0fbfa517b0e0b965194e,Flan-T5,Flan-T5,other,unified_chip2/77101,0.0005723439389839768,0.9994125366210938,1.5160037037276197e-05
12599001323923b13c8d90bad0d2e3469bf4c638ba7b0fbfa517b0e0b965194e,ChatGLM,ChatGLM,other,unified_chip2/77101,0.9999531507492065,2.300823377307526e-13,4.690217974712141e-05
e07bdc5e21e5bb449c1b70daed9a22d1569ea9e472fe04bb4b1bae1875f06758,ChatGLM,ChatGLM,other,unified_chip2/13149,0.9999990463256836,2.978163234686887e-13,9.27203871015081e-07
e07bdc5e21e5bb449c1b70daed9a22d1569ea9e472fe04bb4b1bae1875f06758,MPT,MPT,other,unified_chip2/13149,9.012477396319607e-12,2.3814526129632523e-14,1.0
e07bdc5e21e5bb449c1b70daed9a22d1569ea9e472fe04bb4b1bae1875f06758,Flan-T5,Flan-T5,other,unified_chip2/13149,5.495961522683501e-05,0.9999450445175171,1.9356476421705793e-09
8b90778f6668f75a6c90b996b5045ee742c758afea2a4e3888ac418d3d109644,ChatGLM,ChatGLM,other,unified_chip2/108246,0.9992197751998901,0.0005256764707155526,0.0002545998722780496
8b90778f6668f75a6c90b996b5045ee742c758afea2a4e3888ac418d3d109644,MPT,MPT,other,unified_chip2/108246,5.575959615908288e-14,2.572544939929717e-17,1.0
8b90778f6668f75a6c90b996b5045ee742c758afea2a4e3888ac418d3d109644,Flan-T5,Flan-T5,other,unified_chip2/108246,1.6835227143019438e-05,0.9999825954437256,5.159647002983547e-07
1b274dcca34185a47039ddd0e72f9750000a5e5f3d3f14b537bbb61d48612dca,ChatGLM,ChatGLM,other,unified_chip2/98629,1.0,3.799987329466091e-14,1.0224684432458275e-09
1b274dcca34185a47039ddd0e72f9750000a5e5f3d3f14b537bbb61d48612dca,MPT,MPT,other,unified_chip2/98629,2.2886625094019282e-17,1.712303126752121e-20,1.0
1b274dcca34185a47039ddd0e72f9750000a5e5f3d3f14b537bbb61d48612dca,Flan-T5,Flan-T5,other,unified_chip2/98629,0.005890129134058952,0.9902604222297668,0.003849497064948082
486aefcd1cac1570d6d34b4f4e82db8d964978e9f12911fe5bf11eedfdf24d4e,ChatGLM,ChatGLM,other,unified_chip2/163348,0.9999896287918091,4.054374258544158e-08,1.042526764649665e-05
486aefcd1cac1570d6d34b4f4e82db8d964978e9f12911fe5bf11eedfdf24d4e,MPT,MPT,other,unified_chip2/163348,2.2596891469106595e-08,1.9829510256030858e-10,1.0
486aefcd1cac1570d6d34b4f4e82db8d964978e9f12911fe5bf11eedfdf24d4e,Flan-T5,Flan-T5,other,unified_chip2/163348,8.991024036397732e-10,1.0,1.945716418522538e-15
c245ce1c3d86679bc4c3478f51461ce5d31be1a1250a2cb0966b2413385ea35f,MPT,MPT,other,unified_chip2/126194,2.6419167689032547e-14,4.637373368191531e-17,1.0
c245ce1c3d86679bc4c3478f51461ce5d31be1a1250a2cb0966b2413385ea35f,ChatGLM,ChatGLM,other,unified_chip2/126194,1.0,1.108057246082322e-14,3.5084764954396164e-12
c245ce1c3d86679bc4c3478f51461ce5d31be1a1250a2cb0966b2413385ea35f,Flan-T5,Flan-T5,other,unified_chip2/126194,0.0017438636859878898,0.9980564117431641,0.0001997078798012808
43436295472326ec91a6a4aede120fef7e0f625cba057f4b31bb6576d0d21dad,MPT,ChatGLM,other,unified_chip2/104545,0.9897719025611877,1.0437052333500674e-09,0.010228061117231846
43436295472326ec91a6a4aede120fef7e0f625cba057f4b31bb6576d0d21dad,Flan-T5,Flan-T5,other,unified_chip2/104545,0.007636493071913719,0.9869011044502258,0.00546238711103797
43436295472326ec91a6a4aede120fef7e0f625cba057f4b31bb6576d0d21dad,ChatGLM,ChatGLM,other,unified_chip2/104545,1.0,4.423274210244431e-17,4.21377668001488e-13
a985bf6e94ac21a378ea2972752affebac01609daf71fcb7fa1b4fc7fe5d1bee,MPT,MPT,other,unified_chip2/2092,5.70563155099027e-14,2.8536823219639117e-16,1.0
a985bf6e94ac21a378ea2972752affebac01609daf71fcb7fa1b4fc7fe5d1bee,Flan-T5,Flan-T5,other,unified_chip2/2092,0.0006174521986395121,0.9993429780006409,3.961185211664997e-05
a985bf6e94ac21a378ea2972752affebac01609daf71fcb7fa1b4fc7fe5d1bee,ChatGLM,ChatGLM,other,unified_chip2/2092,0.854552149772644,0.14544467628002167,3.1176491575024556e-06
fadfe4607d284a1085c2172de3b8ff2d42e4eb47299ab376db20d983ac461014,ChatGLM,ChatGLM,other,dolly_15k/brainstorming/1483,0.9999954700469971,5.989283374807641e-11,4.58720387541689e-06
fadfe4607d284a1085c2172de3b8ff2d42e4eb47299ab376db20d983ac461014,MPT,MPT,other,dolly_15k/brainstorming/1483,3.746245980096319e-09,1.3583255623355443e-20,1.0
fadfe4607d284a1085c2172de3b8ff2d42e4eb47299ab376db20d983ac461014,Flan-T5,Flan-T5,other,dolly_15k/brainstorming/1483,0.002482278971001506,0.986717939376831,0.010799823328852654
1bf8b30363aa9b4214c0c0f791b9a4ec8b15b9df8df01d0f6816b62ff118f95f,ChatGLM,MPT,other,unified_chip2/51710,0.11184106022119522,1.2921327119386206e-08,0.8881589770317078
1bf8b30363aa9b4214c0c0f791b9a4ec8b15b9df8df01d0f6816b62ff118f95f,MPT,MPT,other,unified_chip2/51710,3.5504307827061155e-11,1.522332715615804e-12,1.0
1bf8b30363aa9b4214c0c0f791b9a4ec8b15b9df8df01d0f6816b62ff118f95f,Flan-T5,Flan-T5,other,unified_chip2/51710,0.0012830656487494707,0.998462438583374,0.00025448456290178
9f6a48db15722c8dd58eaecbebb165c6e45d11fd8945c88bd0174585266f44ef,ChatGLM,ChatGLM,other,unified_chip2/107296,0.9790003895759583,2.3057067366494266e-09,0.02099960669875145
9f6a48db15722c8dd58eaecbebb165c6e45d11fd8945c88bd0174585266f44ef,MPT,MPT,other,unified_chip2/107296,5.176626187035132e-15,2.7789848262740717e-14,1.0
9f6a48db15722c8dd58eaecbebb165c6e45d11fd8945c88bd0174585266f44ef,Flan-T5,Flan-T5,other,unified_chip2/107296,7.92293405993405e-07,0.9999991655349731,2.216314953784604e-08
8023791b0bc7b6f66f296b02fc8c7e0bf165c3feae79fe0f415f882f18b6afe4,Flan-T5,Flan-T5,other,dolly_15k/brainstorming/676,0.03642426058650017,0.9634233713150024,0.00015238301421049982
8023791b0bc7b6f66f296b02fc8c7e0bf165c3feae79fe0f415f882f18b6afe4,ChatGLM,ChatGLM,other,dolly_15k/brainstorming/676,0.9928434491157532,6.020790116467722e-11,0.007156494073569775
8023791b0bc7b6f66f296b02fc8c7e0bf165c3feae79fe0f415f882f18b6afe4,MPT,MPT,other,dolly_15k/brainstorming/676,1.4356137389981427e-09,4.930581164111543e-19,1.0
9e3b68d52a801801f2a871dff85b9c9161f7f3b61e9e501170bcafc60fc45614,ChatGLM,ChatGLM,other,unified_chip2/3352,0.9999997615814209,5.578146485571509e-15,2.2960234957736247e-07
9e3b68d52a801801f2a871dff85b9c9161f7f3b61e9e501170bcafc60fc45614,MPT,MPT,other,unified_chip2/3352,2.9652343869202014e-07,4.852537828888481e-15,0.9999997615814209
9e3b68d52a801801f2a871dff85b9c9161f7f3b61e9e501170bcafc60fc45614,Flan-T5,Flan-T5,other,unified_chip2/3352,0.0006063113687559962,0.9993826150894165,1.106457693822449e-05
c109f1c4354276576a94e756e7606cc155e75c07597fc08d8c552b0bdd5096f1,MPT,MPT,other,unified_chip2/102124,7.245451390551147e-14,1.0957156795792953e-15,1.0
c109f1c4354276576a94e756e7606cc155e75c07597fc08d8c552b0bdd5096f1,Flan-T5,Flan-T5,other,unified_chip2/102124,8.19063643575646e-06,0.9999892711639404,2.5417170945729595e-06
c109f1c4354276576a94e756e7606cc155e75c07597fc08d8c552b0bdd5096f1,ChatGLM,ChatGLM,other,unified_chip2/102124,0.9999964237213135,2.208930602451073e-13,3.545862682585721e-06
4da6d729797e0ebfb73323a3ef5086626f5ea58ff62cfb4f2ccdac49444dc8fc,ChatGLM,ChatGLM,other,unified_chip2/16537,0.9997143149375916,2.36508647952563e-13,0.0002857001090887934
4da6d729797e0ebfb73323a3ef5086626f5ea58ff62cfb4f2ccdac49444dc8fc,Flan-T5,Flan-T5,other,unified_chip2/16537,0.00022030729451216757,0.9997779726982117,1.7014807554005529e-06
4da6d729797e0ebfb73323a3ef5086626f5ea58ff62cfb4f2ccdac49444dc8fc,MPT,MPT,other,unified_chip2/16537,8.880167001734662e-08,2.1587949679426456e-15,0.9999998807907104
b8206b31d96d8dd6f8d9d8bedf72db821795f601f88db8f6176a8a6f6958e9e1,Flan-T5,Flan-T5,other,unified_chip2/125769,1.5029099076357966e-09,1.0,4.114459883908239e-10
b8206b31d96d8dd6f8d9d8bedf72db821795f601f88db8f6176a8a6f6958e9e1,ChatGLM,Flan-T5,other,unified_chip2/125769,0.06673183292150497,0.9332450032234192,2.317496000614483e-05
b8206b31d96d8dd6f8d9d8bedf72db821795f601f88db8f6176a8a6f6958e9e1,MPT,Flan-T5,other,unified_chip2/125769,1.4875225133437198e-05,0.9237669706344604,0.07621808350086212
48d5ad095e0fb3731664ad78d1a5c5c6b94c3e85720cf0df04453bb6b7fc2cf3,MPT,MPT,other,unified_chip2/40933,4.486085461441469e-11,6.883046904112384e-16,1.0
48d5ad095e0fb3731664ad78d1a5c5c6b94c3e85720cf0df04453bb6b7fc2cf3,Flan-T5,Flan-T5,other,unified_chip2/40933,4.456520855455892e-06,0.9999942779541016,1.2782802514266223e-06
48d5ad095e0fb3731664ad78d1a5c5c6b94c3e85720cf0df04453bb6b7fc2cf3,ChatGLM,ChatGLM,other,unified_chip2/40933,0.9999953508377075,9.663515820879098e-11,4.618166713044047e-06
27e94cf0f0ddf43444738f57c9db72ce26bafa4f435b11ecbd349170612f02bb,Flan-T5,Flan-T5,other,unified_chip2/169,0.0016171736642718315,0.998356282711029,2.65014296019217e-05
27e94cf0f0ddf43444738f57c9db72ce26bafa4f435b11ecbd349170612f02bb,MPT,MPT,other,unified_chip2/169,3.4999496356658e-11,2.906617063667418e-15,1.0
27e94cf0f0ddf43444738f57c9db72ce26bafa4f435b11ecbd349170612f02bb,ChatGLM,ChatGLM,other,unified_chip2/169,0.9886552095413208,0.010888849385082722,0.0004559888911899179
d50fec40f8f824b5347f2b147345103deacc5bd1dff67894ae3622796cd39153,ChatGLM,ChatGLM,other,unified_chip2/70637,0.9999924898147583,8.397461925824246e-08,7.33528167984332e-06
d50fec40f8f824b5347f2b147345103deacc5bd1dff67894ae3622796cd39153,MPT,MPT,other,unified_chip2/70637,2.5077203768403278e-12,1.3141422527533013e-18,1.0
d50fec40f8f824b5347f2b147345103deacc5bd1dff67894ae3622796cd39153,Flan-T5,Flan-T5,other,unified_chip2/70637,1.4660139768807312e-08,1.0,8.280237389843292e-13
3ebf1a921e68478f070a8694ea6d0c43a1662e604ecd7146e229e9a3f4963872,Flan-T5,Flan-T5,other,unified_chip2/158173,0.0004933291347697377,0.9994595646858215,4.7055684262886643e-05
3ebf1a921e68478f070a8694ea6d0c43a1662e604ecd7146e229e9a3f4963872,ChatGLM,ChatGLM,other,unified_chip2/158173,0.9995361566543579,0.0002421310928184539,0.0002217203873442486
3ebf1a921e68478f070a8694ea6d0c43a1662e604ecd7146e229e9a3f4963872,MPT,MPT,other,unified_chip2/158173,1.5020745064431296e-11,6.456910472876082e-14,1.0
d91e02457f79a973b1194b81f94e79cf4ae43c0e680d9562f55ca48820177f50,ChatGLM,ChatGLM,other,unified_chip2/91161,1.0,4.281942554300094e-15,6.651579287364484e-10
d91e02457f79a973b1194b81f94e79cf4ae43c0e680d9562f55ca48820177f50,MPT,MPT,other,unified_chip2/91161,1.0996288948850186e-11,7.383007665925438e-20,1.0
d91e02457f79a973b1194b81f94e79cf4ae43c0e680d9562f55ca48820177f50,Flan-T5,Flan-T5,other,unified_chip2/91161,0.0022990445140749216,0.9976243376731873,7.663551514269784e-05
fd7029708a05e87b86387d7e1eb6e93e656b2a010d570bebb86977b6221cc844,Flan-T5,Flan-T5,other,dolly_15k/open_qa/1936,3.0681783869113133e-07,0.9999996423721313,6.41386890265494e-08
fd7029708a05e87b86387d7e1eb6e93e656b2a010d570bebb86977b6221cc844,ChatGLM,ChatGLM,other,dolly_15k/open_qa/1936,1.0,1.4763659045291533e-11,1.5734896718910818e-09
fd7029708a05e87b86387d7e1eb6e93e656b2a010d570bebb86977b6221cc844,MPT,MPT,other,dolly_15k/open_qa/1936,1.4825042582433667e-10,1.0224615174436649e-15,1.0
04d5604583107ec276c4ba2f9d61ca27069b391398fadf526d1bfafe0e5284e8,Flan-T5,Flan-T5,other,dolly_15k/brainstorming/151,0.0027197920717298985,0.9972795844078064,6.8689507770614e-07
04d5604583107ec276c4ba2f9d61ca27069b391398fadf526d1bfafe0e5284e8,MPT,MPT,other,dolly_15k/brainstorming/151,0.006137749180197716,7.250040151562942e-11,0.9938622713088989
04d5604583107ec276c4ba2f9d61ca27069b391398fadf526d1bfafe0e5284e8,ChatGLM,Flan-T5,other,dolly_15k/brainstorming/151,0.0015263839159160852,0.9984728693962097,7.087886046974745e-07
e3247bc61d6399bd444766c87ef271a6aed2dbb6bb67333bea6561cab0697833,Flan-T5,Flan-T5,other,unified_chip2/105956,1.7310001965142874e-07,0.9999997615814209,1.0690476948127525e-08
e3247bc61d6399bd444766c87ef271a6aed2dbb6bb67333bea6561cab0697833,MPT,MPT,other,unified_chip2/105956,1.7776530909771252e-16,3.1362512955580846e-15,1.0
e3247bc61d6399bd444766c87ef271a6aed2dbb6bb67333bea6561cab0697833,ChatGLM,ChatGLM,other,unified_chip2/105956,1.0,3.4469035935789146e-15,1.06432406291046e-11
9e83f079e25fb4a7e3e6812e5a8590d409838d753a397891a21a2305e63854e3,MPT,MPT,other,unified_chip2/124772,9.37572934261023e-16,8.06894915467149e-13,1.0
9e83f079e25fb4a7e3e6812e5a8590d409838d753a397891a21a2305e63854e3,ChatGLM,ChatGLM,other,unified_chip2/124772,1.0,1.0197810816820786e-16,1.1273039390857775e-08
9e83f079e25fb4a7e3e6812e5a8590d409838d753a397891a21a2305e63854e3,Flan-T5,Flan-T5,other,unified_chip2/124772,7.5248817665851675e-06,0.9999924898147583,2.9490358072203904e-11
f4f90ec613c2b2db51e59bfe7d4a9372bd6924fb42e8689a5154010a486dc710,MPT,MPT,other,unified_chip2/96631,4.031114922794414e-15,2.6290558017969716e-16,1.0
f4f90ec613c2b2db51e59bfe7d4a9372bd6924fb42e8689a5154010a486dc710,ChatGLM,ChatGLM,other,unified_chip2/96631,0.9999933242797852,7.033172330118964e-13,6.659107384621166e-06
f4f90ec613c2b2db51e59bfe7d4a9372bd6924fb42e8689a5154010a486dc710,Flan-T5,Flan-T5,other,unified_chip2/96631,8.718379262973031e-07,0.9999982118606567,9.738854487295612e-07
be27ce8f472802300146c8746ac17f540b20f9d3e8fa647d1cab4159d8897ae6,ChatGLM,MPT,other,unified_chip2/164965,0.000185529759619385,1.967604681615831e-14,0.9998144507408142
be27ce8f472802300146c8746ac17f540b20f9d3e8fa647d1cab4159d8897ae6,Flan-T5,Flan-T5,other,unified_chip2/164965,1.0936671515082708e-06,0.999998927116394,3.0275444373728533e-09
be27ce8f472802300146c8746ac17f540b20f9d3e8fa647d1cab4159d8897ae6,MPT,MPT,other,unified_chip2/164965,4.923057811022022e-14,1.92097678767444e-19,1.0
b06f1654336f227db47c0b5d0a021812e01696751638f45f7ae8816a8f5e9f20,MPT,MPT,other,unified_chip2/15273,4.519553087334316e-08,5.7070828063388035e-09,1.0
b06f1654336f227db47c0b5d0a021812e01696751638f45f7ae8816a8f5e9f20,Flan-T5,Flan-T5,other,unified_chip2/15273,1.7233224980373052e-07,0.9999995231628418,2.680334603155643e-07
b06f1654336f227db47c0b5d0a021812e01696751638f45f7ae8816a8f5e9f20,ChatGLM,ChatGLM,other,unified_chip2/15273,0.8405439853668213,0.15927563607692719,0.00018031492072623223
3cd8c4f6ba2acc2c72df2e71a54c934d3b9f787ceba926c3a828a936a6186d39,MPT,MPT,other,unified_chip2/117751,1.933525822089832e-12,1.4190228615903414e-14,1.0
3cd8c4f6ba2acc2c72df2e71a54c934d3b9f787ceba926c3a828a936a6186d39,Flan-T5,Flan-T5,other,unified_chip2/117751,0.0009600473567843437,0.9990357160568237,4.210539373161737e-06
3cd8c4f6ba2acc2c72df2e71a54c934d3b9f787ceba926c3a828a936a6186d39,ChatGLM,ChatGLM,other,unified_chip2/117751,1.0,3.832523406173046e-18,6.699724325667789e-13
bd5147f73f009f9c89c95f8c3a75e74ec96231cac4c82669251b542aae72e38b,ChatGLM,ChatGLM,other,unified_chip2/85617,1.0,1.7315110166703808e-18,4.221284346378473e-12
bd5147f73f009f9c89c95f8c3a75e74ec96231cac4c82669251b542aae72e38b,Flan-T5,Flan-T5,other,unified_chip2/85617,0.0006023577880114317,0.9993951320648193,2.535531166358851e-06
bd5147f73f009f9c89c95f8c3a75e74ec96231cac4c82669251b542aae72e38b,MPT,MPT,other,unified_chip2/85617,2.778877822295911e-11,2.1665717263238976e-18,1.0
88d979be1e1ea5a7f0a63d7a8c55cce7246befc682115540961ff30ba9873aed,Flan-T5,Flan-T5,other,unified_chip2/125784,8.19063643575646e-06,0.9999892711639404,2.5417170945729595e-06
88d979be1e1ea5a7f0a63d7a8c55cce7246befc682115540961ff30ba9873aed,ChatGLM,ChatGLM,other,unified_chip2/125784,0.9999998807907104,9.598431383039951e-09,7.060346263187967e-08
88d979be1e1ea5a7f0a63d7a8c55cce7246befc682115540961ff30ba9873aed,MPT,MPT,other,unified_chip2/125784,1.439499019116608e-13,2.3589997282952313e-16,1.0
1a89375abf0e15868abe2c03a8e8eed60d915b3a995bf5de271fb6c01b08afee,ChatGLM,ChatGLM,other,unified_chip2/52833,0.9999160766601562,4.104859085019702e-13,8.394952601520345e-05
1a89375abf0e15868abe2c03a8e8eed60d915b3a995bf5de271fb6c01b08afee,Flan-T5,Flan-T5,other,unified_chip2/52833,0.0003568907850421965,0.9988945126533508,0.0007485784590244293
1a89375abf0e15868abe2c03a8e8eed60d915b3a995bf5de271fb6c01b08afee,MPT,MPT,other,unified_chip2/52833,5.920830181525708e-15,1.9473649563961316e-15,1.0
7ccb494a9a99e9aff76300b85fe359c9f8251b1bd2d38ad086af3baeb9e2bf4c,MPT,MPT,other,unified_chip2/99412,0.0002072410861728713,1.0178390248694047e-11,0.999792754650116
7ccb494a9a99e9aff76300b85fe359c9f8251b1bd2d38ad086af3baeb9e2bf4c,ChatGLM,ChatGLM,other,unified_chip2/99412,1.0,4.429693591101458e-12,1.4728390382301448e-11
7ccb494a9a99e9aff76300b85fe359c9f8251b1bd2d38ad086af3baeb9e2bf4c,Flan-T5,Flan-T5,other,unified_chip2/99412,2.0729534355723445e-07,0.9999997615814209,3.481458676901639e-08
77f9cada07d8db449f4b9d30d11e464342449d2d161c27cae4b2eddd2e4e7ef4,MPT,MPT,other,unified_chip2/31006,8.31036306436772e-09,1.8789401187279536e-13,1.0
77f9cada07d8db449f4b9d30d11e464342449d2d161c27cae4b2eddd2e4e7ef4,Flan-T5,Flan-T5,other,unified_chip2/31006,0.0005098942201584578,0.9994814991950989,8.61299122334458e-06
77f9cada07d8db449f4b9d30d11e464342449d2d161c27cae4b2eddd2e4e7ef4,ChatGLM,ChatGLM,other,unified_chip2/31006,0.9670032262802124,1.1449562720144968e-07,0.03299666941165924
7718a597c8ed0722e12129c25f84f48a0a750c263916bf1e0dacfb3fc722efee,ChatGLM,ChatGLM,other,unified_chip2/150240,0.9997106194496155,0.0002778910275083035,1.1431460734456778e-05
7718a597c8ed0722e12129c25f84f48a0a750c263916bf1e0dacfb3fc722efee,Flan-T5,Flan-T5,other,unified_chip2/150240,0.004583124537020922,0.9934287667274475,0.001988120609894395
7718a597c8ed0722e12129c25f84f48a0a750c263916bf1e0dacfb3fc722efee,MPT,MPT,other,unified_chip2/150240,3.3688203338044787e-09,8.375097558283202e-16,1.0
5245a5e19e2568eaea5429850034851aaea4ce1d0b3e2db80cd31cf157936108,Flan-T5,Flan-T5,other,unified_chip2/159799,0.0001334472472080961,0.9998664855957031,1.2844340702145018e-08
5245a5e19e2568eaea5429850034851aaea4ce1d0b3e2db80cd31cf157936108,MPT,MPT,other,unified_chip2/159799,2.142436644148797e-15,6.212949444982728e-18,1.0
5245a5e19e2568eaea5429850034851aaea4ce1d0b3e2db80cd31cf157936108,ChatGLM,ChatGLM,other,unified_chip2/159799,0.9999059438705444,1.2409041892993966e-12,9.408791811438277e-05
16aa28a8c137517ebabba9694a716b1fdbb101a70c4a9e74635c5ee6b86791f3,MPT,MPT,other,unified_chip2/112394,2.513597316400329e-11,3.840532926402407e-12,1.0
16aa28a8c137517ebabba9694a716b1fdbb101a70c4a9e74635c5ee6b86791f3,ChatGLM,ChatGLM,other,unified_chip2/112394,1.0,7.469307832831673e-13,4.0840317794277325e-09
16aa28a8c137517ebabba9694a716b1fdbb101a70c4a9e74635c5ee6b86791f3,Flan-T5,Flan-T5,other,unified_chip2/112394,1.630456991641438e-09,1.0,7.701662658315955e-13
288282308090ff69c1f69d0856e74413a714b34a4fb41800f02d7bc8f0194d4b,ChatGLM,ChatGLM,other,unified_chip2/75900,1.0,2.928517153458237e-17,3.8463190965565275e-11
288282308090ff69c1f69d0856e74413a714b34a4fb41800f02d7bc8f0194d4b,MPT,MPT,other,unified_chip2/75900,2.1022931659397948e-11,2.5505313477239657e-16,1.0
288282308090ff69c1f69d0856e74413a714b34a4fb41800f02d7bc8f0194d4b,Flan-T5,Flan-T5,other,unified_chip2/75900,4.444410478754435e-06,0.9998689889907837,0.00012653831799980253
4b7f431dea2733d716ca6e98fb89f16b7e53d9634311fcac0263a01e25ad33dd,Flan-T5,Flan-T5,other,unified_chip2/153950,1.320646147995319e-09,1.0,1.8262165868074276e-13
4b7f431dea2733d716ca6e98fb89f16b7e53d9634311fcac0263a01e25ad33dd,MPT,MPT,other,unified_chip2/153950,2.595522362985215e-17,2.2432147250064272e-17,1.0
4b7f431dea2733d716ca6e98fb89f16b7e53d9634311fcac0263a01e25ad33dd,ChatGLM,Flan-T5,other,unified_chip2/153950,0.0012937450082972646,0.9986410737037659,6.520162423839793e-05
a01108de8474b6a0290bb7aceccd9304afe3000b18b59f2529ca1f13b99154ca,ChatGLM,ChatGLM,other,unified_chip2/33936,1.0,7.247137324929362e-14,5.593498997313873e-08
a01108de8474b6a0290bb7aceccd9304afe3000b18b59f2529ca1f13b99154ca,Flan-T5,Flan-T5,other,unified_chip2/33936,9.846218745224178e-05,0.999891996383667,9.538136509945616e-06
a01108de8474b6a0290bb7aceccd9304afe3000b18b59f2529ca1f13b99154ca,MPT,MPT,other,unified_chip2/33936,4.18278996508481e-12,1.32204849467892e-15,1.0
9238080d910b67b8bd76872db49a29aec5b2d2ab242ecce70896517790324dac,MPT,MPT,other,unified_chip2/145597,5.053778881112473e-15,3.6837799042290463e-16,1.0
9238080d910b67b8bd76872db49a29aec5b2d2ab242ecce70896517790324dac,ChatGLM,ChatGLM,other,unified_chip2/145597,1.0,2.0803562627206594e-17,2.3521429248773984e-09
9238080d910b67b8bd76872db49a29aec5b2d2ab242ecce70896517790324dac,Flan-T5,Flan-T5,other,unified_chip2/145597,3.3943277230719104e-05,0.999966025352478,1.8678685265172135e-08
e956c4ccc3a53f09dd0f9e5d1ee7db5e85e747eac79ad70e5ed44e800b9aac90,MPT,MPT,other,unified_chip2/46532,1.3714683035070951e-11,9.100388259921956e-22,1.0
e956c4ccc3a53f09dd0f9e5d1ee7db5e85e747eac79ad70e5ed44e800b9aac90,Flan-T5,Flan-T5,other,unified_chip2/46532,2.24490321443227e-07,0.9999997615814209,4.421085372796618e-11
e956c4ccc3a53f09dd0f9e5d1ee7db5e85e747eac79ad70e5ed44e800b9aac90,ChatGLM,ChatGLM,other,unified_chip2/46532,1.0,1.361141119249603e-14,3.136329737585264e-11
094f8d3f3356f6fd98aab3d6ca8a478d0caf2a543f0c29ec1fccf2bd381dd49b,Flan-T5,Flan-T5,other,unified_chip2/161463,1.9539684540520463e-12,1.0,7.312545965655727e-19
094f8d3f3356f6fd98aab3d6ca8a478d0caf2a543f0c29ec1fccf2bd381dd49b,ChatGLM,Flan-T5,other,unified_chip2/161463,0.010846364311873913,0.9891534447669983,2.0908414910536521e-07
094f8d3f3356f6fd98aab3d6ca8a478d0caf2a543f0c29ec1fccf2bd381dd49b,MPT,MPT,other,unified_chip2/161463,1.1295066614056427e-14,3.044107372256397e-17,1.0
0aa7fcd69f339ea8f8e018fbf4de98467c012acc8fe6377f8bcc912fbc42a5c1,MPT,MPT,other,unified_chip2/64837,1.0847493557694307e-14,1.3692775628927171e-19,1.0
0aa7fcd69f339ea8f8e018fbf4de98467c012acc8fe6377f8bcc912fbc42a5c1,ChatGLM,ChatGLM,other,unified_chip2/64837,0.9974179267883301,0.002427130239084363,0.00015487267228309065
0aa7fcd69f339ea8f8e018fbf4de98467c012acc8fe6377f8bcc912fbc42a5c1,Flan-T5,Flan-T5,other,unified_chip2/64837,0.00035801640478894114,0.9996153116226196,2.659146957739722e-05
21aa4b3434dabe4bf2cb11c916cfe25332e18daede6b387e65d2b0e0cfbfed28,Flan-T5,Flan-T5,other,unified_chip2/49259,0.0011693906271830201,0.9982560276985168,0.0005745305679738522
21aa4b3434dabe4bf2cb11c916cfe25332e18daede6b387e65d2b0e0cfbfed28,MPT,MPT,other,unified_chip2/49259,1.946087842469909e-15,3.443654136965231e-17,1.0
21aa4b3434dabe4bf2cb11c916cfe25332e18daede6b387e65d2b0e0cfbfed28,ChatGLM,ChatGLM,other,unified_chip2/49259,1.0,4.707611470783357e-12,1.421116696542768e-10
6cd0757b10523756e81743a732819723f952684c01fdd5ec6783d3d4f59cec17,Flan-T5,Flan-T5,other,unified_chip2/44461,0.0012163654901087284,0.8825021982192993,0.11628144979476929
6cd0757b10523756e81743a732819723f952684c01fdd5ec6783d3d4f59cec17,ChatGLM,ChatGLM,other,unified_chip2/44461,1.0,5.569727401592275e-15,6.234296932861039e-13
6cd0757b10523756e81743a732819723f952684c01fdd5ec6783d3d4f59cec17,MPT,MPT,other,unified_chip2/44461,1.3796553899325659e-09,2.619215396532245e-16,1.0
9155167b9f7be55ef5e5486afc2540f0bb6836dc97d26e446e9b54d3acfa7676,MPT,MPT,other,unified_chip2/85623,3.9778862333612507e-19,1.5920825625268035e-21,1.0
9155167b9f7be55ef5e5486afc2540f0bb6836dc97d26e446e9b54d3acfa7676,ChatGLM,ChatGLM,other,unified_chip2/85623,1.0,1.1143550895698794e-16,3.7694503768337384e-11
9155167b9f7be55ef5e5486afc2540f0bb6836dc97d26e446e9b54d3acfa7676,Flan-T5,Flan-T5,other,unified_chip2/85623,0.0006063113687559962,0.9993826150894165,1.106457693822449e-05
75d2e6f723a03ee9ac1a037c7920c8c513b811f1a71d63715a8c55255f0f0ee9,Flan-T5,Flan-T5,other,unified_chip2/46834,1.6471546349094979e-09,1.0,1.593817161582578e-10
75d2e6f723a03ee9ac1a037c7920c8c513b811f1a71d63715a8c55255f0f0ee9,ChatGLM,ChatGLM,other,unified_chip2/46834,1.0,4.746694592938638e-09,8.42537239975627e-09
75d2e6f723a03ee9ac1a037c7920c8c513b811f1a71d63715a8c55255f0f0ee9,MPT,MPT,other,unified_chip2/46834,2.3338195265232287e-10,2.2818629193306198e-17,1.0
b0134dbbcc9a8492a77536575e791c00b1e9afe7499dffde8487f29b4dfc89d6,ChatGLM,ChatGLM,other,unified_chip2/6290,1.0,1.290423566681115e-15,1.9429900396938926e-12
b0134dbbcc9a8492a77536575e791c00b1e9afe7499dffde8487f29b4dfc89d6,MPT,MPT,other,unified_chip2/6290,2.085333282734938e-14,2.7875702505834876e-13,1.0
b0134dbbcc9a8492a77536575e791c00b1e9afe7499dffde8487f29b4dfc89d6,Flan-T5,Flan-T5,other,unified_chip2/6290,2.3964874529269764e-08,1.0,1.1856687187616899e-08
db4bc2781e1bb687470758d70812b9a5b30c2cb6f9274ea40397984c405c6f2c,ChatGLM,ChatGLM,other,unified_chip2/116752,1.0,1.9539942332880378e-16,1.4051804424902725e-12
db4bc2781e1bb687470758d70812b9a5b30c2cb6f9274ea40397984c405c6f2c,MPT,MPT,other,unified_chip2/116752,2.457655136822723e-05,2.161447155155441e-13,0.9999754428863525
db4bc2781e1bb687470758d70812b9a5b30c2cb6f9274ea40397984c405c6f2c,Flan-T5,Flan-T5,other,unified_chip2/116752,9.846218745224178e-05,0.999891996383667,9.538136509945616e-06
c6426cfe5db3b4b10a542c197aafaed976da36987196ca9a7112fe556afe0459,ChatGLM,ChatGLM,other,unified_chip2/39286,1.0,1.5841306741305912e-14,2.554094047368949e-09
c6426cfe5db3b4b10a542c197aafaed976da36987196ca9a7112fe556afe0459,MPT,MPT,other,unified_chip2/39286,2.746480560339437e-12,2.3875329678375846e-18,1.0
c6426cfe5db3b4b10a542c197aafaed976da36987196ca9a7112fe556afe0459,Flan-T5,Flan-T5,other,unified_chip2/39286,3.1413549095304916e-07,0.9999996423721313,6.662025930914695e-10
60f072c2fd72f806f000ed1309c79e3bb1557ba4a42ac4591749c1c9a3e53046,Flan-T5,Flan-T5,other,unified_chip2/77299,9.163194772554561e-05,0.9998530149459839,5.530286580324173e-05
60f072c2fd72f806f000ed1309c79e3bb1557ba4a42ac4591749c1c9a3e53046,MPT,MPT,other,unified_chip2/77299,1.0038794145259184e-15,4.137949494365705e-15,1.0
60f072c2fd72f806f000ed1309c79e3bb1557ba4a42ac4591749c1c9a3e53046,ChatGLM,ChatGLM,other,unified_chip2/77299,0.9999980926513672,2.7313359907132906e-12,1.866171146502893e-06
b19546b258d8cd85932b9c461a661a2b0bd5bef6cc13238baa3b6b060bb830b2,ChatGLM,ChatGLM,other,unified_chip2/2684,0.9999990463256836,2.1782877057249456e-18,1.0017274689744227e-06
b19546b258d8cd85932b9c461a661a2b0bd5bef6cc13238baa3b6b060bb830b2,MPT,MPT,other,unified_chip2/2684,0.00035077365464530885,7.016429299255833e-05,0.9995790123939514
b19546b258d8cd85932b9c461a661a2b0bd5bef6cc13238baa3b6b060bb830b2,Flan-T5,Flan-T5,other,unified_chip2/2684,1.6582546891186212e-08,1.0,1.4863428196565387e-11
96d02bba3690d2ebbc6eff6b68be24733c222d81dd48d6f119e58f2905a82cfd,Flan-T5,Flan-T5,other,unified_chip2/4169,2.292294709604903e-08,1.0,7.81659632853593e-12
96d02bba3690d2ebbc6eff6b68be24733c222d81dd48d6f119e58f2905a82cfd,ChatGLM,ChatGLM,other,unified_chip2/4169,1.0,2.0586516432524737e-12,9.731071504148758e-11
96d02bba3690d2ebbc6eff6b68be24733c222d81dd48d6f119e58f2905a82cfd,MPT,MPT,other,unified_chip2/4169,6.394733965119832e-18,2.648267069455564e-19,1.0
af8feb904413d02fe7b53d2057a94b08b1ded6cb3923e8e7ba9ed5f771d7b61c,MPT,MPT,other,unified_chip2/122658,4.452738701300925e-14,1.8262039907078548e-19,1.0
af8feb904413d02fe7b53d2057a94b08b1ded6cb3923e8e7ba9ed5f771d7b61c,ChatGLM,ChatGLM,other,unified_chip2/122658,1.0,1.9486030174712744e-18,3.095249750950657e-13
af8feb904413d02fe7b53d2057a94b08b1ded6cb3923e8e7ba9ed5f771d7b61c,Flan-T5,Flan-T5,other,unified_chip2/122658,7.235722421228274e-08,0.9999998807907104,4.746393278409755e-10
1eb9ff1b710089515bcc0eb665d34f9891cd48e3aff501dc63ecbbeda90559d1,ChatGLM,ChatGLM,other,unified_chip2/49952,1.0,1.4854045160293057e-15,2.8141320385088875e-09
1eb9ff1b710089515bcc0eb665d34f9891cd48e3aff501dc63ecbbeda90559d1,MPT,MPT,other,unified_chip2/49952,3.131323325633595e-13,1.9073033949552166e-16,1.0
1eb9ff1b710089515bcc0eb665d34f9891cd48e3aff501dc63ecbbeda90559d1,Flan-T5,Flan-T5,other,unified_chip2/49952,0.0006063113687559962,0.9993826150894165,1.106457693822449e-05
6a28b4f5c95eeca6d11758b6ca4b9141a65e386b01d85279c12be11b8713f76a,MPT,MPT,other,unified_chip2/59169,1.9288774136955178e-12,1.3727500039473206e-12,1.0
6a28b4f5c95eeca6d11758b6ca4b9141a65e386b01d85279c12be11b8713f76a,Flan-T5,Flan-T5,other,unified_chip2/59169,7.882668029424167e-08,0.9999998807907104,7.793966860791812e-12
6a28b4f5c95eeca6d11758b6ca4b9141a65e386b01d85279c12be11b8713f76a,ChatGLM,ChatGLM,other,unified_chip2/59169,1.0,1.1050197215589641e-11,2.454050851419254e-10
4993cb5679796348cfc4b1b596a0aaeefdfca42c699ff37dccc10fbc3ac3bf1f,Flan-T5,Flan-T5,other,unified_chip2/142680,6.948049247057497e-08,0.9999998807907104,1.0855809762233548e-07
4993cb5679796348cfc4b1b596a0aaeefdfca42c699ff37dccc10fbc3ac3bf1f,ChatGLM,ChatGLM,other,unified_chip2/142680,0.9999998807907104,3.314938878951068e-10,9.659704147679804e-08
4993cb5679796348cfc4b1b596a0aaeefdfca42c699ff37dccc10fbc3ac3bf1f,MPT,MPT,other,unified_chip2/142680,9.335803241583562e-10,1.3035615338899409e-12,1.0
b1cf6b46c3d743508fc1ee9447505d5b25cdfb430ea2babd8e1cc8c97d737416,Flan-T5,Flan-T5,other,unified_chip2/128980,3.092113183811307e-05,0.9999673366546631,1.720438604024821e-06
b1cf6b46c3d743508fc1ee9447505d5b25cdfb430ea2babd8e1cc8c97d737416,MPT,MPT,other,unified_chip2/128980,4.799746537720306e-12,5.310493709238925e-16,1.0
b1cf6b46c3d743508fc1ee9447505d5b25cdfb430ea2babd8e1cc8c97d737416,ChatGLM,ChatGLM,other,unified_chip2/128980,1.0,7.0239753988436075e-15,6.501160720873145e-11
41a028bf607ddc09b49a5b4a9ab99f12da27ba3d3a1cc3c429a30da29bc848a8,ChatGLM,ChatGLM,other,unified_chip2/89539,0.9999984502792358,5.362189767765813e-07,1.1098738923465135e-06
41a028bf607ddc09b49a5b4a9ab99f12da27ba3d3a1cc3c429a30da29bc848a8,MPT,MPT,other,unified_chip2/89539,2.502249785152344e-08,5.270816769153974e-12,1.0
41a028bf607ddc09b49a5b4a9ab99f12da27ba3d3a1cc3c429a30da29bc848a8,Flan-T5,Flan-T5,other,unified_chip2/89539,9.846218745224178e-05,0.999891996383667,9.538136509945616e-06
841f5f6c96f26ee07937085da258be7ae489d048fe17906753e6df87299dd973,Flan-T5,Flan-T5,other,unified_chip2/140570,2.1638279577018693e-06,0.9999978542327881,7.017868230985158e-11
841f5f6c96f26ee07937085da258be7ae489d048fe17906753e6df87299dd973,MPT,MPT,other,unified_chip2/140570,1.8371067305915985e-16,3.1825017197717254e-18,1.0
841f5f6c96f26ee07937085da258be7ae489d048fe17906753e6df87299dd973,ChatGLM,ChatGLM,other,unified_chip2/140570,1.0,4.3958357787143854e-11,8.220891190013901e-10
d769068fb64eb9fdcaf5f44c2b9a3606c20b33d76549b19fb5b45105f4313ae0,ChatGLM,ChatGLM,other,dolly_15k/general_qa/1708,0.9999959468841553,1.1510482844645509e-10,4.102708317077486e-06
d769068fb64eb9fdcaf5f44c2b9a3606c20b33d76549b19fb5b45105f4313ae0,Flan-T5,Flan-T5,other,dolly_15k/general_qa/1708,0.0005174362449906766,0.999479353427887,3.2338778055418516e-06
d769068fb64eb9fdcaf5f44c2b9a3606c20b33d76549b19fb5b45105f4313ae0,MPT,MPT,other,dolly_15k/general_qa/1708,3.662728453868169e-11,8.039671452379315e-16,1.0
b30aed6dfa2423cdffefb2beef74c6147434a1261ff441b331ade522aa2a349c,ChatGLM,ChatGLM,other,dolly_15k/brainstorming/593,1.0,3.104585193818109e-17,2.992465653051113e-08
b30aed6dfa2423cdffefb2beef74c6147434a1261ff441b331ade522aa2a349c,MPT,MPT,other,dolly_15k/brainstorming/593,1.1905821814539586e-11,7.790585532371427e-18,1.0
b30aed6dfa2423cdffefb2beef74c6147434a1261ff441b331ade522aa2a349c,Flan-T5,Flan-T5,other,dolly_15k/brainstorming/593,1.1665263627946842e-05,0.9999372959136963,5.1035960495937616e-05
a0fb237840045d6e874a672d45bc7c243bed27810f73e5fec0db33a18855a63d,Flan-T5,Flan-T5,other,unified_chip2/111987,9.846218745224178e-05,0.999891996383667,9.538136509945616e-06
a0fb237840045d6e874a672d45bc7c243bed27810f73e5fec0db33a18855a63d,MPT,MPT,other,unified_chip2/111987,3.176857106372555e-13,1.873957227187164e-14,1.0
a0fb237840045d6e874a672d45bc7c243bed27810f73e5fec0db33a18855a63d,ChatGLM,ChatGLM,other,unified_chip2/111987,1.0,8.333594862926763e-18,3.0313018761773947e-10
0d06e17779e6d7348b57b57576ff55f0720b87308981346b0489b62bc488cf0c,MPT,MPT,other,unified_chip2/104320,2.0799427650586115e-14,1.4066639097360723e-15,1.0
0d06e17779e6d7348b57b57576ff55f0720b87308981346b0489b62bc488cf0c,Flan-T5,Flan-T5,other,unified_chip2/104320,4.782690211868612e-06,0.999995231628418,1.7523940631924972e-11
0d06e17779e6d7348b57b57576ff55f0720b87308981346b0489b62bc488cf0c,ChatGLM,ChatGLM,other,unified_chip2/104320,0.8237159848213196,1.9889291706931544e-06,0.1762821078300476
8e7012e5efd004f39d8d67a087fda1e5e78640e4ecbb182ff9e2531a3b836f07,Flan-T5,Flan-T5,other,unified_chip2/62251,6.098792582065471e-10,1.0,3.678507151660959e-12
8e7012e5efd004f39d8d67a087fda1e5e78640e4ecbb182ff9e2531a3b836f07,MPT,MPT,other,unified_chip2/62251,1.266576843406142e-09,4.059511109428052e-14,1.0
8e7012e5efd004f39d8d67a087fda1e5e78640e4ecbb182ff9e2531a3b836f07,ChatGLM,ChatGLM,other,unified_chip2/62251,1.0,3.350078569164006e-16,2.945500831089132e-14
1e0b2966d5eb660691f249d9702c7d214e24c839b5dc97647b909e0b4266063d,ChatGLM,ChatGLM,other,unified_chip2/122039,1.0,1.8774262929742913e-15,5.7972911804426985e-08
1e0b2966d5eb660691f249d9702c7d214e24c839b5dc97647b909e0b4266063d,Flan-T5,Flan-T5,other,unified_chip2/122039,3.958698258088589e-08,1.0,1.2814565381047416e-11
1e0b2966d5eb660691f249d9702c7d214e24c839b5dc97647b909e0b4266063d,MPT,MPT,other,unified_chip2/122039,1.493279111475232e-11,2.001925354503127e-18,1.0
6aa824a81f280bdb976dd03a45af717264d0f5363b71de4b2d3e74bf86e41424,MPT,MPT,other,dolly_15k/open_qa/483,1.1992072916286456e-13,2.0754148977062996e-20,1.0
6aa824a81f280bdb976dd03a45af717264d0f5363b71de4b2d3e74bf86e41424,ChatGLM,ChatGLM,other,dolly_15k/open_qa/483,0.999914288520813,5.64321453566663e-07,8.505460573360324e-05
6aa824a81f280bdb976dd03a45af717264d0f5363b71de4b2d3e74bf86e41424,Flan-T5,ChatGLM,other,dolly_15k/open_qa/483,0.6889927387237549,0.30672886967658997,0.004278352949768305
58edd3ab5c78f204d2b2f98d7c9a06730b46b949f65a346c65ccafba6f9caf49,Flan-T5,Flan-T5,other,dolly_15k/open_qa/3277,0.0002876803046092391,0.9995728135108948,0.00013944941747467965
58edd3ab5c78f204d2b2f98d7c9a06730b46b949f65a346c65ccafba6f9caf49,ChatGLM,MPT,other,dolly_15k/open_qa/3277,0.026548922061920166,0.3320421576499939,0.6414089202880859
58edd3ab5c78f204d2b2f98d7c9a06730b46b949f65a346c65ccafba6f9caf49,MPT,MPT,other,dolly_15k/open_qa/3277,3.105784074364237e-08,1.9989552547949874e-12,1.0
efcb0c198a54a9a44169b312042596a8e4c1107442615840134deda7d04c847b,Flan-T5,Flan-T5,other,unified_chip2/121118,9.846218745224178e-05,0.999891996383667,9.538136509945616e-06
efcb0c198a54a9a44169b312042596a8e4c1107442615840134deda7d04c847b,MPT,MPT,other,unified_chip2/121118,1.8321155703659997e-10,8.822536359923182e-18,1.0
efcb0c198a54a9a44169b312042596a8e4c1107442615840134deda7d04c847b,ChatGLM,MPT,other,unified_chip2/121118,0.39324596524238586,1.0083735062227372e-12,0.6067540049552917
c776e6191ff364ef250e14b320819d8d8481c380efd6d14ab6898d2185d6fd41,Flan-T5,ChatGLM,other,unified_chip2/164911,0.9895159006118774,0.010465254075825214,1.8838720279745758e-05
c776e6191ff364ef250e14b320819d8d8481c380efd6d14ab6898d2185d6fd41,MPT,MPT,other,unified_chip2/164911,5.329779315371014e-14,1.934412527267774e-18,1.0
c776e6191ff364ef250e14b320819d8d8481c380efd6d14ab6898d2185d6fd41,ChatGLM,ChatGLM,other,unified_chip2/164911,1.0,9.540470051071139e-15,2.191707970666812e-08
9a2a1158991351bab01ff9f5f83918a28d4ba3a87ce84e7e4d7fd2f92b2a06ee,MPT,MPT,other,unified_chip2/85725,9.092941763810813e-05,3.8739196854715996e-13,0.9999090433120728
9a2a1158991351bab01ff9f5f83918a28d4ba3a87ce84e7e4d7fd2f92b2a06ee,ChatGLM,ChatGLM,other,unified_chip2/85725,0.9992802739143372,0.0007070729043334723,1.2612829777935985e-05
9a2a1158991351bab01ff9f5f83918a28d4ba3a87ce84e7e4d7fd2f92b2a06ee,Flan-T5,Flan-T5,other,unified_chip2/85725,0.004189322702586651,0.9945880174636841,0.0012227067491039634
cc07bd8668a0fae5d64d3f5062c6553d07ad6ec0b16e59ce7fcdac2a891a1d71,ChatGLM,ChatGLM,other,unified_chip2/120146,1.0,3.1639028555277907e-14,1.1542410907269818e-13
cc07bd8668a0fae5d64d3f5062c6553d07ad6ec0b16e59ce7fcdac2a891a1d71,MPT,MPT,other,unified_chip2/120146,8.776507145105239e-20,1.0326390935201872e-19,1.0
cc07bd8668a0fae5d64d3f5062c6553d07ad6ec0b16e59ce7fcdac2a891a1d71,Flan-T5,Flan-T5,other,unified_chip2/120146,9.872906758801037e-08,0.9999996423721313,2.4794294972707576e-07
050cf87cbbaea71dd3675d279dbbf615ed285e661d8f2af32bef2515164eff69,ChatGLM,ChatGLM,other,unified_chip2/119202,0.978205144405365,0.02176828496158123,2.657210461620707e-05
050cf87cbbaea71dd3675d279dbbf615ed285e661d8f2af32bef2515164eff69,Flan-T5,Flan-T5,other,unified_chip2/119202,6.385965889421641e-08,0.9999998807907104,6.6730596742781145e-12
050cf87cbbaea71dd3675d279dbbf615ed285e661d8f2af32bef2515164eff69,MPT,MPT,other,unified_chip2/119202,7.989463447375875e-14,8.985599921641832e-19,1.0
947e504c2eabf22e75304a0eb05bfd442293c1a1023b02e2bbdeec642d17631b,Flan-T5,Flan-T5,other,unified_chip2/14964,3.0841143598081544e-05,0.9999691247940063,6.668067875637007e-09
947e504c2eabf22e75304a0eb05bfd442293c1a1023b02e2bbdeec642d17631b,MPT,MPT,other,unified_chip2/14964,2.167746060877107e-06,0.00016960821812972426,0.9998282194137573
947e504c2eabf22e75304a0eb05bfd442293c1a1023b02e2bbdeec642d17631b,ChatGLM,ChatGLM,other,unified_chip2/14964,1.0,8.254703344479086e-14,1.1225760598865264e-10
9ff6fdf697f31354c9b32e9b0092a1b4cc59289cb9090ac7ff23af2610836a34,ChatGLM,ChatGLM,other,unified_chip2/133383,1.0,1.7483217564645548e-12,1.844628094715972e-08
9ff6fdf697f31354c9b32e9b0092a1b4cc59289cb9090ac7ff23af2610836a34,Flan-T5,Flan-T5,other,unified_chip2/133383,0.000175730005139485,0.9998243451118469,5.22766141486386e-09
9ff6fdf697f31354c9b32e9b0092a1b4cc59289cb9090ac7ff23af2610836a34,MPT,MPT,other,unified_chip2/133383,6.313760295427505e-15,1.8517858009796037e-14,1.0
6e3b429de20c852782f5f53656d037dbc4c06b6f59ceba4f26e78960762d4052,MPT,MPT,other,unified_chip2/15791,3.947751500699148e-11,3.900956367284235e-14,1.0
6e3b429de20c852782f5f53656d037dbc4c06b6f59ceba4f26e78960762d4052,Flan-T5,Flan-T5,other,unified_chip2/15791,4.875806212112366e-07,0.9999995231628418,1.4499917933008533e-09
6e3b429de20c852782f5f53656d037dbc4c06b6f59ceba4f26e78960762d4052,ChatGLM,ChatGLM,other,unified_chip2/15791,0.9999836683273315,3.780327017133961e-14,1.6304120435961522e-05
1707d2fd9c82106e7dd798c828c339292e938d7946f66f81f996d58dc26f8a26,MPT,MPT,other,unified_chip2/145655,2.427361089907265e-11,6.872592338974526e-12,1.0
1707d2fd9c82106e7dd798c828c339292e938d7946f66f81f996d58dc26f8a26,Flan-T5,Flan-T5,other,unified_chip2/145655,6.030269616985606e-10,1.0,1.2930428429369645e-11
1707d2fd9c82106e7dd798c828c339292e938d7946f66f81f996d58dc26f8a26,ChatGLM,ChatGLM,other,unified_chip2/145655,0.9999996423721313,1.0880061296347776e-07,1.9036316700749012e-07
738f1d90843ba0fbe05c6ad288ecb785f38c896cfc823b2f78622f09ce51dca3,Flan-T5,Flan-T5,other,dolly_15k/classification/1880,0.0006063113687559962,0.9993826150894165,1.106457693822449e-05
738f1d90843ba0fbe05c6ad288ecb785f38c896cfc823b2f78622f09ce51dca3,ChatGLM,Flan-T5,other,dolly_15k/classification/1880,0.001241986290551722,0.9987567663192749,1.2818310324291815e-06
738f1d90843ba0fbe05c6ad288ecb785f38c896cfc823b2f78622f09ce51dca3,MPT,MPT,other,dolly_15k/classification/1880,1.2842442387306363e-10,5.369977656751043e-16,1.0
e34330eede3016cb523fe4e75c8db494c415a247aca741db5403645e3bc1ad41,Flan-T5,Flan-T5,other,unified_chip2/26408,0.0001546700659673661,0.9998420476913452,3.2304424166795798e-06
e34330eede3016cb523fe4e75c8db494c415a247aca741db5403645e3bc1ad41,MPT,MPT,other,unified_chip2/26408,3.260927405790426e-05,9.066660183049136e-13,0.9999673366546631
e34330eede3016cb523fe4e75c8db494c415a247aca741db5403645e3bc1ad41,ChatGLM,ChatGLM,other,unified_chip2/26408,0.9986432194709778,3.294855360769233e-11,0.0013568074209615588
6f756d4a67c047c26da7541b56264f114b3df7a6446f12e93cb9fe652879fd62,ChatGLM,ChatGLM,other,unified_chip2/118232,1.0,5.792238404033888e-16,1.373877678290114e-10
6f756d4a67c047c26da7541b56264f114b3df7a6446f12e93cb9fe652879fd62,Flan-T5,Flan-T5,other,unified_chip2/118232,0.00028230727184563875,0.9997144341468811,3.1922620564728277e-06
6f756d4a67c047c26da7541b56264f114b3df7a6446f12e93cb9fe652879fd62,MPT,MPT,other,unified_chip2/118232,3.5224332673756964e-14,9.27908791470422e-13,1.0
39b37bfbf3ce9ea2abdfe508e30630b8df36308f1e343e8d0642858c179d60c6,MPT,MPT,other,unified_chip2/142284,0.000331974180880934,4.578724552284363e-13,0.9996680021286011
39b37bfbf3ce9ea2abdfe508e30630b8df36308f1e343e8d0642858c179d60c6,ChatGLM,ChatGLM,other,unified_chip2/142284,0.9999934434890747,2.055801395783874e-08,6.597010724362917e-06
39b37bfbf3ce9ea2abdfe508e30630b8df36308f1e343e8d0642858c179d60c6,Flan-T5,Flan-T5,other,unified_chip2/142284,7.561526581412181e-05,0.9999223947525024,1.989225893339608e-06
5c0fd662c05d5af5e4a2521abb0a703a6c1082e30ec27341b2733c47a01523c0,ChatGLM,ChatGLM,other,unified_chip2/1535,0.9999998807907104,1.0493355011677915e-14,7.337818885844172e-08
5c0fd662c05d5af5e4a2521abb0a703a6c1082e30ec27341b2733c47a01523c0,MPT,MPT,other,unified_chip2/1535,5.0705797199901426e-11,1.255641912060318e-13,1.0
5c0fd662c05d5af5e4a2521abb0a703a6c1082e30ec27341b2733c47a01523c0,Flan-T5,Flan-T5,other,unified_chip2/1535,0.006149090360850096,0.9923934936523438,0.0014573826920241117
feda85e8075f66060a9f29b291875bbd696e49b4bf47842cad0a3e8657ed853a,Flan-T5,Flan-T5,other,unified_chip2/11787,9.846218745224178e-05,0.999891996383667,9.538136509945616e-06
feda85e8075f66060a9f29b291875bbd696e49b4bf47842cad0a3e8657ed853a,ChatGLM,ChatGLM,other,unified_chip2/11787,1.0,8.899915466632823e-17,8.27591554314333e-12
feda85e8075f66060a9f29b291875bbd696e49b4bf47842cad0a3e8657ed853a,MPT,MPT,other,unified_chip2/11787,5.818959029901816e-12,5.211274916775517e-17,1.0
d9e21cd36dcd1f78fc93283743668439410775cfbdc82369d359cc17018d103c,MPT,MPT,other,unified_chip2/58810,1.151294171584221e-18,2.2502624615066833e-22,1.0
d9e21cd36dcd1f78fc93283743668439410775cfbdc82369d359cc17018d103c,Flan-T5,Flan-T5,other,unified_chip2/58810,9.846218745224178e-05,0.999891996383667,9.538136509945616e-06
d9e21cd36dcd1f78fc93283743668439410775cfbdc82369d359cc17018d103c,ChatGLM,ChatGLM,other,unified_chip2/58810,1.0,2.0436168042035452e-16,8.375774379620893e-11
c687ac8e79486e56439da5e9474d42367c1ecd942c303c4add161a782a79e3f4,Flan-T5,Flan-T5,other,unified_chip2/7636,0.008733461610972881,0.9852492213249207,0.006017330568283796
c687ac8e79486e56439da5e9474d42367c1ecd942c303c4add161a782a79e3f4,ChatGLM,ChatGLM,other,unified_chip2/7636,0.999985933303833,6.031614816492947e-07,1.3419249626167584e-05
c687ac8e79486e56439da5e9474d42367c1ecd942c303c4add161a782a79e3f4,MPT,MPT,other,unified_chip2/7636,1.0238243703497574e-05,3.7585117310112715e-12,0.9999897480010986
dee57805e7adffb1f4484d6525d5499f4ccc053c2f93f76c873c0ba1797fcdd3,MPT,MPT,other,unified_chip2/28082,9.649939267802887e-13,2.5173835736010057e-18,1.0
dee57805e7adffb1f4484d6525d5499f4ccc053c2f93f76c873c0ba1797fcdd3,ChatGLM,ChatGLM,other,unified_chip2/28082,0.9999996423721313,2.1950479979374644e-17,3.7130664054529916e-07
dee57805e7adffb1f4484d6525d5499f4ccc053c2f93f76c873c0ba1797fcdd3,Flan-T5,Flan-T5,other,unified_chip2/28082,1.2477039490477182e-07,0.9999998807907104,1.2011805994305291e-09
88eedd6db5963a7ebc28630500a2952d6709aae910e881df54e2db604207f77f,Flan-T5,Flan-T5,other,unified_chip2/106877,0.027108775451779366,0.9728911519050598,1.2555305772821157e-07
88eedd6db5963a7ebc28630500a2952d6709aae910e881df54e2db604207f77f,ChatGLM,ChatGLM,other,unified_chip2/106877,1.0,3.4598663740454576e-15,1.9913256821268988e-08
88eedd6db5963a7ebc28630500a2952d6709aae910e881df54e2db604207f77f,MPT,MPT,other,unified_chip2/106877,2.3263386009220177e-11,2.7257538854207167e-18,1.0
c4b466687d61431b9280bac9a1577b30c1a40f430851f3804505b1774f989332,Flan-T5,Flan-T5,other,unified_chip2/74298,6.727351314905761e-11,1.0,1.2869351851546584e-12
c4b466687d61431b9280bac9a1577b30c1a40f430851f3804505b1774f989332,ChatGLM,ChatGLM,other,unified_chip2/74298,0.924494206905365,0.0008040524553507566,0.07470174133777618
c4b466687d61431b9280bac9a1577b30c1a40f430851f3804505b1774f989332,MPT,MPT,other,unified_chip2/74298,6.570029853492088e-08,1.4476996914152278e-15,0.9999998807907104
7d68f339be1405e8874fe0500b5facc5fc9e2866c1c9ea40b9fb2bdb9cc6a840,ChatGLM,ChatGLM,other,dolly_15k/open_qa/3451,0.9998949766159058,2.6885127226705663e-05,7.803916378179565e-05
7d68f339be1405e8874fe0500b5facc5fc9e2866c1c9ea40b9fb2bdb9cc6a840,MPT,MPT,other,dolly_15k/open_qa/3451,1.0163654856967796e-12,1.459880981831123e-19,1.0
7d68f339be1405e8874fe0500b5facc5fc9e2866c1c9ea40b9fb2bdb9cc6a840,Flan-T5,Flan-T5,other,dolly_15k/open_qa/3451,0.1833464801311493,0.8159451484680176,0.0007083941018208861
a75f2b30885bcf9215dcb70592a0b332c9578c7910e7d585fe6bb38d020f25b1,Flan-T5,Flan-T5,other,dolly_15k/open_qa/2734,0.0006018311250954866,0.9993377327919006,6.043148096068762e-05
a75f2b30885bcf9215dcb70592a0b332c9578c7910e7d585fe6bb38d020f25b1,MPT,MPT,other,dolly_15k/open_qa/2734,0.001209792448207736,2.2910127028992477e-14,0.9987902045249939
a75f2b30885bcf9215dcb70592a0b332c9578c7910e7d585fe6bb38d020f25b1,ChatGLM,ChatGLM,other,dolly_15k/open_qa/2734,1.0,4.329289949046156e-17,1.5129878686709342e-13
45b838a21b213e94d8dc19b8b5e85a7c871d9fdbc99f753a0423e9c169faeee7,Flan-T5,Flan-T5,other,unified_chip2/128291,1.20570021522326e-07,0.9999998807907104,1.0251153224893894e-11
45b838a21b213e94d8dc19b8b5e85a7c871d9fdbc99f753a0423e9c169faeee7,MPT,MPT,other,unified_chip2/128291,1.3563235257141315e-10,1.52624798814221e-17,1.0
45b838a21b213e94d8dc19b8b5e85a7c871d9fdbc99f753a0423e9c169faeee7,ChatGLM,Flan-T5,other,unified_chip2/128291,0.4390822947025299,0.5608004927635193,0.00011722165072569624
88646de7c15c435f9ed8cff87564a525d5c4f681ccbc5821dccd9f719c8bed73,ChatGLM,ChatGLM,other,unified_chip2/86751,1.0,7.781007283803876e-14,4.2810352596234225e-08
88646de7c15c435f9ed8cff87564a525d5c4f681ccbc5821dccd9f719c8bed73,Flan-T5,Flan-T5,other,unified_chip2/86751,0.002985631348565221,0.9952167272567749,0.0017976544331759214
88646de7c15c435f9ed8cff87564a525d5c4f681ccbc5821dccd9f719c8bed73,MPT,MPT,other,unified_chip2/86751,6.06541162781471e-12,1.5184228386363324e-13,1.0
9624c8877feca3bb7b4c98437e2381046c15182f215bad960dc862e9a990d9b0,ChatGLM,ChatGLM,other,unified_chip2/122257,0.9979288578033447,3.409360215300694e-05,0.0020370243582874537
9624c8877feca3bb7b4c98437e2381046c15182f215bad960dc862e9a990d9b0,Flan-T5,Flan-T5,other,unified_chip2/122257,1.8805533841259603e-07,0.9999997615814209,3.836593620576423e-08
9624c8877feca3bb7b4c98437e2381046c15182f215bad960dc862e9a990d9b0,MPT,MPT,other,unified_chip2/122257,2.4394848878728226e-06,1.2046278112119637e-14,0.999997615814209
30aa1ae01f41c12e6b68ab0754051ae3c693c17a2c2f8ae18a97e6677817e792,MPT,MPT,other,dolly_15k/summarization/610,0.017964644357562065,2.7162063830771244e-12,0.9820353984832764
30aa1ae01f41c12e6b68ab0754051ae3c693c17a2c2f8ae18a97e6677817e792,Flan-T5,Flan-T5,other,dolly_15k/summarization/610,0.0033105972688645124,0.9965488314628601,0.00014062919944990426
30aa1ae01f41c12e6b68ab0754051ae3c693c17a2c2f8ae18a97e6677817e792,ChatGLM,ChatGLM,other,dolly_15k/summarization/610,0.9962016940116882,0.0037977842148393393,4.5938267589917814e-07
890b50e521b0cac7998e5cfca1c2c963e6df6dc9bbf8334f6ebd5bd8bc02a9eb,Flan-T5,Flan-T5,other,unified_chip2/54370,9.846218745224178e-05,0.999891996383667,9.538136509945616e-06
890b50e521b0cac7998e5cfca1c2c963e6df6dc9bbf8334f6ebd5bd8bc02a9eb,ChatGLM,ChatGLM,other,unified_chip2/54370,1.0,4.058947730874174e-13,3.516023305838445e-10
890b50e521b0cac7998e5cfca1c2c963e6df6dc9bbf8334f6ebd5bd8bc02a9eb,MPT,MPT,other,unified_chip2/54370,8.84647448629039e-08,8.569684319673565e-16,0.9999998807907104
0fc0ce408f7314ac76ffe52998dc97bc04b9b4ffc09b08474b0624366ab4a7de,ChatGLM,ChatGLM,other,unified_chip2/165112,1.0,7.967587360381198e-16,2.704822314476135e-13
0fc0ce408f7314ac76ffe52998dc97bc04b9b4ffc09b08474b0624366ab4a7de,Flan-T5,Flan-T5,other,unified_chip2/165112,4.178450762992725e-05,0.9999581575393677,4.753273330493357e-09
0fc0ce408f7314ac76ffe52998dc97bc04b9b4ffc09b08474b0624366ab4a7de,MPT,MPT,other,unified_chip2/165112,1.375608849052412e-09,2.307424686230305e-15,1.0
8c7f5cc27a984569bfa3371f195e298ec66e54f2dce447784702641827b611ca,MPT,MPT,other,dolly_15k/classification/1690,0.00045818276703357697,6.1223954356102615e-16,0.9995418787002563
8c7f5cc27a984569bfa3371f195e298ec66e54f2dce447784702641827b611ca,Flan-T5,Flan-T5,other,dolly_15k/classification/1690,0.0032928059808909893,0.9953000545501709,0.001407091272994876
8c7f5cc27a984569bfa3371f195e298ec66e54f2dce447784702641827b611ca,ChatGLM,ChatGLM,other,dolly_15k/classification/1690,0.9345042109489441,3.39914585367751e-08,0.06549582630395889
73a09b5ad307239987ab6e948ca9e5da8bca1924b162f538472fd067a0a9aa51,ChatGLM,ChatGLM,other,unified_chip2/97648,1.0,2.62403580809551e-16,7.624083113964841e-13
73a09b5ad307239987ab6e948ca9e5da8bca1924b162f538472fd067a0a9aa51,Flan-T5,Flan-T5,other,unified_chip2/97648,3.266201019869186e-06,0.9999967813491821,5.231353683576856e-10
73a09b5ad307239987ab6e948ca9e5da8bca1924b162f538472fd067a0a9aa51,MPT,MPT,other,unified_chip2/97648,1.0000876715375345e-15,2.7519451119511364e-19,1.0
24331bba288d87ef615d264c26e143e08ef319533655c197ff2fb12ef30426d8,Flan-T5,Flan-T5,other,unified_chip2/144985,4.190304281337376e-08,1.0,3.28708504859776e-10
24331bba288d87ef615d264c26e143e08ef319533655c197ff2fb12ef30426d8,MPT,MPT,other,unified_chip2/144985,6.000981203555238e-16,1.238318909219105e-11,1.0
24331bba288d87ef615d264c26e143e08ef319533655c197ff2fb12ef30426d8,ChatGLM,ChatGLM,other,unified_chip2/144985,0.8765338659286499,0.12230809032917023,0.0011580430436879396
e09ca1d952def89fc2d3ffb7bb346d7a30dd9557f5bd74421350860743c9b75e,ChatGLM,ChatGLM,other,unified_chip2/98042,0.9995014667510986,7.521316092606867e-06,0.0004910502466373146
e09ca1d952def89fc2d3ffb7bb346d7a30dd9557f5bd74421350860743c9b75e,MPT,MPT,other,unified_chip2/98042,3.0039145713089965e-05,3.977803304368939e-16,0.9999699592590332
e09ca1d952def89fc2d3ffb7bb346d7a30dd9557f5bd74421350860743c9b75e,Flan-T5,Flan-T5,other,unified_chip2/98042,0.0006063113687559962,0.9993826150894165,1.106457693822449e-05
9abb79053f6c80e214e4f3e281e54f5e0b64791226ce915a153fde07852e40fc,ChatGLM,ChatGLM,other,unified_chip2/35641,1.0,1.489249853703938e-17,1.0810290163032477e-11
9abb79053f6c80e214e4f3e281e54f5e0b64791226ce915a153fde07852e40fc,Flan-T5,Flan-T5,other,unified_chip2/35641,0.015164420939981937,0.9829319715499878,0.0019035523291677237
9abb79053f6c80e214e4f3e281e54f5e0b64791226ce915a153fde07852e40fc,MPT,MPT,other,unified_chip2/35641,1.532093272778659e-13,1.1357164124078944e-12,1.0
604623002732c6ef565e78bec94320d510044ceafcb18b908138c5f43ae17c69,ChatGLM,ChatGLM,other,unified_chip2/82003,1.0,4.592414116665804e-16,8.332616374673307e-09
604623002732c6ef565e78bec94320d510044ceafcb18b908138c5f43ae17c69,MPT,MPT,other,unified_chip2/82003,1.781625798003006e-07,6.094352995346386e-13,0.9999998807907104
604623002732c6ef565e78bec94320d510044ceafcb18b908138c5f43ae17c69,Flan-T5,Flan-T5,other,unified_chip2/82003,0.0005210393574088812,0.999478280544281,7.502568450945546e-07
72ace3b107acb12b8c3bf86a40277bf11a933ae4be323ebd06e28e07166f72ed,ChatGLM,ChatGLM,other,unified_chip2/118436,0.999866247177124,2.6215447590516305e-08,0.00013370643137022853
72ace3b107acb12b8c3bf86a40277bf11a933ae4be323ebd06e28e07166f72ed,MPT,MPT,other,unified_chip2/118436,4.095769540581398e-14,1.7560181489685762e-16,1.0
72ace3b107acb12b8c3bf86a40277bf11a933ae4be323ebd06e28e07166f72ed,Flan-T5,Flan-T5,other,unified_chip2/118436,2.3282834717974765e-06,0.999997615814209,1.600517052224859e-08
27a5961c8b98f9feacddd734bead527dbb4a144c7eb25d906911be3fb806c1b3,MPT,MPT,other,unified_chip2/95836,6.8159779883158415e-15,4.649943468443707e-20,1.0
27a5961c8b98f9feacddd734bead527dbb4a144c7eb25d906911be3fb806c1b3,ChatGLM,ChatGLM,other,unified_chip2/95836,0.9998241066932678,2.4107212226454067e-08,0.00017597296391613781
27a5961c8b98f9feacddd734bead527dbb4a144c7eb25d906911be3fb806c1b3,Flan-T5,Flan-T5,other,unified_chip2/95836,0.0004255188687238842,0.9995738863945007,5.822632260787941e-07
f1ab807ad1155cadbea4195e89eb234ebf0507019e3b4b2ac5d3bee3286acb69,MPT,MPT,other,unified_chip2/91188,1.1112743619192886e-14,1.0734984288892887e-15,1.0
f1ab807ad1155cadbea4195e89eb234ebf0507019e3b4b2ac5d3bee3286acb69,Flan-T5,Flan-T5,other,unified_chip2/91188,3.717860295182618e-07,0.9999996423721313,3.488002997542594e-09
f1ab807ad1155cadbea4195e89eb234ebf0507019e3b4b2ac5d3bee3286acb69,ChatGLM,ChatGLM,other,unified_chip2/91188,1.0,6.018286880761031e-17,4.5265166614960606e-11
014335b25e08e55e5d51814e2ef90dc93302e0a88a79e3e9b043711415ad720b,MPT,MPT,other,unified_chip2/150006,1.2335834631072625e-14,1.7217553777729011e-19,1.0
014335b25e08e55e5d51814e2ef90dc93302e0a88a79e3e9b043711415ad720b,ChatGLM,ChatGLM,other,unified_chip2/150006,1.0,2.5131093156472405e-14,1.2744213236798307e-12
014335b25e08e55e5d51814e2ef90dc93302e0a88a79e3e9b043711415ad720b,Flan-T5,Flan-T5,other,unified_chip2/150006,0.006151343695819378,0.9931349754333496,0.0007136156200431287
618935d29b79fcf796947b4e5c8c453d18c91ee1c9ef333cafa8e4214cd89d0f,ChatGLM,ChatGLM,other,unified_chip2/22725,0.9999575614929199,2.705357019294752e-06,3.974434730480425e-05
618935d29b79fcf796947b4e5c8c453d18c91ee1c9ef333cafa8e4214cd89d0f,MPT,MPT,other,unified_chip2/22725,2.05068362291172e-09,2.7049277192560915e-15,1.0
618935d29b79fcf796947b4e5c8c453d18c91ee1c9ef333cafa8e4214cd89d0f,Flan-T5,Flan-T5,other,unified_chip2/22725,0.00025573853054083884,0.999626874923706,0.00011736456508515403
88ef04ed72a42265a809220bf84cfb854af15ce2836011559c7b0800a34dba7b,ChatGLM,ChatGLM,other,unified_chip2/42634,0.9997389912605286,4.851046322452979e-13,0.00026099715614691377
88ef04ed72a42265a809220bf84cfb854af15ce2836011559c7b0800a34dba7b,Flan-T5,Flan-T5,other,unified_chip2/42634,0.013455865904688835,0.9858309626579285,0.0007132126484066248
88ef04ed72a42265a809220bf84cfb854af15ce2836011559c7b0800a34dba7b,MPT,MPT,other,unified_chip2/42634,3.5575397019570415e-16,5.0648297857943324e-18,1.0
33af2c77aa33e04b6eb8c8fe70296c1450c91f3f0b2456052fde21cebac32dde,MPT,MPT,other,unified_chip2/105489,2.0387340704530743e-09,5.001979733187945e-13,1.0
33af2c77aa33e04b6eb8c8fe70296c1450c91f3f0b2456052fde21cebac32dde,Flan-T5,Flan-T5,other,unified_chip2/105489,8.19063643575646e-06,0.9999892711639404,2.5417170945729595e-06
33af2c77aa33e04b6eb8c8fe70296c1450c91f3f0b2456052fde21cebac32dde,ChatGLM,ChatGLM,other,unified_chip2/105489,1.0,6.523453360036556e-16,3.440807105903332e-08
488b21529d04960a848377b5fab501960039894952615d02a224ea46493f4c2c,ChatGLM,ChatGLM,other,unified_chip2/66801,1.0,6.859288730092116e-19,1.3262258494165413e-15
488b21529d04960a848377b5fab501960039894952615d02a224ea46493f4c2c,Flan-T5,Flan-T5,other,unified_chip2/66801,0.04809270799160004,0.951907217502594,5.013597714764728e-08
488b21529d04960a848377b5fab501960039894952615d02a224ea46493f4c2c,MPT,MPT,other,unified_chip2/66801,3.2546812467337816e-10,9.122247533364328e-15,1.0
777fc410880e2088ca67279e90593c4b03e772d53473dffeb9710d525c7c933d,ChatGLM,ChatGLM,other,unified_chip2/149608,1.0,1.1910096390024827e-14,3.030385897773158e-08
777fc410880e2088ca67279e90593c4b03e772d53473dffeb9710d525c7c933d,Flan-T5,Flan-T5,other,unified_chip2/149608,0.001844247104600072,0.9959676265716553,0.0021881049033254385
777fc410880e2088ca67279e90593c4b03e772d53473dffeb9710d525c7c933d,MPT,MPT,other,unified_chip2/149608,0.00024731914163567126,3.421531113989573e-11,0.9997527003288269
2ac7bf2510f02c3503b92a0f5c099f9c65e8bfe725cbe80767540a66486531ec,Flan-T5,Flan-T5,other,unified_chip2/75476,0.0001132771503762342,0.9998143315315247,7.242674473673105e-05
2ac7bf2510f02c3503b92a0f5c099f9c65e8bfe725cbe80767540a66486531ec,MPT,MPT,other,unified_chip2/75476,1.0407493755693054e-09,4.48240033596717e-18,1.0
2ac7bf2510f02c3503b92a0f5c099f9c65e8bfe725cbe80767540a66486531ec,ChatGLM,ChatGLM,other,unified_chip2/75476,0.9999127388000488,2.368686767656946e-15,8.724287908989936e-05
358146e89fd2153fa2c941c91a58007ba77d208c43d42f229473588fc09a05ca,MPT,MPT,other,unified_chip2/30522,7.75694797283677e-09,2.3603476770060293e-18,1.0
358146e89fd2153fa2c941c91a58007ba77d208c43d42f229473588fc09a05ca,ChatGLM,ChatGLM,other,unified_chip2/30522,1.0,8.358915523221501e-16,5.213701107127655e-13
358146e89fd2153fa2c941c91a58007ba77d208c43d42f229473588fc09a05ca,Flan-T5,Flan-T5,other,unified_chip2/30522,0.003370469668880105,0.9964691400527954,0.00016035231237765402
018ff25dcd0c6524ee95bbea32cd6fe79c4fc13fa5e87d9821c00d8b87b2fe44,MPT,MPT,other,unified_chip2/138087,8.820851687962872e-11,1.4054102120356765e-13,1.0
018ff25dcd0c6524ee95bbea32cd6fe79c4fc13fa5e87d9821c00d8b87b2fe44,Flan-T5,Flan-T5,other,unified_chip2/138087,0.00023431873705703765,0.9997656941413879,4.544635223702187e-10
018ff25dcd0c6524ee95bbea32cd6fe79c4fc13fa5e87d9821c00d8b87b2fe44,ChatGLM,ChatGLM,other,unified_chip2/138087,1.0,8.940783482848863e-17,6.211377441035781e-13
2c8b863a6132113f4da0c7c6a3bf1a1440376d8c2402c5c392add86d8e34e08f,MPT,MPT,other,unified_chip2/59903,1.730600995841769e-09,2.509670023068209e-14,1.0
2c8b863a6132113f4da0c7c6a3bf1a1440376d8c2402c5c392add86d8e34e08f,Flan-T5,Flan-T5,other,unified_chip2/59903,1.5253732499331818e-08,1.0,3.751900456983037e-10
2c8b863a6132113f4da0c7c6a3bf1a1440376d8c2402c5c392add86d8e34e08f,ChatGLM,ChatGLM,other,unified_chip2/59903,1.0,1.4917240619832794e-12,4.281158760832682e-11
b95f0fae410528978683df10737a11737fb9c3d3630681238ddf383e083e2e53,MPT,MPT,other,unified_chip2/130310,9.108582350826275e-15,7.461817634828551e-17,1.0
b95f0fae410528978683df10737a11737fb9c3d3630681238ddf383e083e2e53,ChatGLM,ChatGLM,other,unified_chip2/130310,1.0,5.1385169041887405e-15,6.069293288432642e-14
b95f0fae410528978683df10737a11737fb9c3d3630681238ddf383e083e2e53,Flan-T5,Flan-T5,other,unified_chip2/130310,0.0036320018116384745,0.9963679313659668,3.1401551581211606e-08
37184ec086180bf3d06f24b209850c34f90826d4c367c97e810d10c87b9e765f,Flan-T5,Flan-T5,other,dolly_15k/creative_writing/352,0.006204380188137293,0.9879310131072998,0.005864597391337156
37184ec086180bf3d06f24b209850c34f90826d4c367c97e810d10c87b9e765f,ChatGLM,ChatGLM,other,dolly_15k/creative_writing/352,0.9999736547470093,2.235414910956024e-07,2.6132929633604363e-05
37184ec086180bf3d06f24b209850c34f90826d4c367c97e810d10c87b9e765f,MPT,MPT,other,dolly_15k/creative_writing/352,2.5390716005407876e-12,7.183127871955095e-19,1.0
936dda97becd5eef10fcd1012bd0ae225b73ade6bcce899216bbd5eaa474e3d7,MPT,MPT,other,unified_chip2/121677,6.433163463742675e-13,6.261753810778148e-13,1.0
936dda97becd5eef10fcd1012bd0ae225b73ade6bcce899216bbd5eaa474e3d7,Flan-T5,Flan-T5,other,unified_chip2/121677,4.356202680355636e-06,0.9999955892562866,1.9836555509300524e-08
936dda97becd5eef10fcd1012bd0ae225b73ade6bcce899216bbd5eaa474e3d7,ChatGLM,ChatGLM,other,unified_chip2/121677,1.0,9.182498892726658e-17,4.0555123703711615e-09
c69dacbb0d7112b77aa19cc36c5590f44cde0a1d9fb52985973da952868546e6,ChatGLM,ChatGLM,other,unified_chip2/138946,1.0,8.322190523821494e-18,2.8946284605368966e-11
c69dacbb0d7112b77aa19cc36c5590f44cde0a1d9fb52985973da952868546e6,Flan-T5,Flan-T5,other,unified_chip2/138946,7.406507762652836e-08,0.9999998807907104,1.8009607694047247e-10
c69dacbb0d7112b77aa19cc36c5590f44cde0a1d9fb52985973da952868546e6,MPT,MPT,other,unified_chip2/138946,2.8897886895274023e-16,1.0330965760977173e-18,1.0
52266743c014d6d8eea658973e27944b44c72c01991845a7e8bb65c9431bb99a,MPT,MPT,other,unified_chip2/148428,1.4793613445363007e-06,5.956017901098676e-10,0.9999985694885254
52266743c014d6d8eea658973e27944b44c72c01991845a7e8bb65c9431bb99a,Flan-T5,Flan-T5,other,unified_chip2/148428,9.999467209809154e-08,0.9999998807907104,3.9375746586911564e-12
52266743c014d6d8eea658973e27944b44c72c01991845a7e8bb65c9431bb99a,ChatGLM,ChatGLM,other,unified_chip2/148428,0.9999980926513672,2.950973077009422e-10,1.945528993019252e-06
3cecdc4ce674cd0a7b6314fcc9a2b0f65a820b2a265a505a7ba2261d291d8ce6,MPT,MPT,other,unified_chip2/34888,2.785642282893342e-16,4.549064062303737e-18,1.0
3cecdc4ce674cd0a7b6314fcc9a2b0f65a820b2a265a505a7ba2261d291d8ce6,Flan-T5,Flan-T5,other,unified_chip2/34888,0.00021745973208453506,0.9997822642326355,3.415405558371276e-07
3cecdc4ce674cd0a7b6314fcc9a2b0f65a820b2a265a505a7ba2261d291d8ce6,ChatGLM,ChatGLM,other,unified_chip2/34888,1.0,2.028382670160589e-12,9.879418394476147e-10
cf2026842d569f332e04b5cc9625ebe9fbb2e5494e758693d9f35270f0631897,ChatGLM,Flan-T5,other,dolly_15k/open_qa/2280,1.1577427358133718e-05,0.9999884366989136,7.46536513163143e-12
cf2026842d569f332e04b5cc9625ebe9fbb2e5494e758693d9f35270f0631897,MPT,MPT,other,dolly_15k/open_qa/2280,2.805842882480647e-07,2.8192642498829764e-15,0.9999997615814209
cf2026842d569f332e04b5cc9625ebe9fbb2e5494e758693d9f35270f0631897,Flan-T5,Flan-T5,other,dolly_15k/open_qa/2280,0.0005074396613053977,0.9989970326423645,0.0004954865435138345
b7e8a076ce92eb403df081aea314a2025f163e10b75ebc9c57bcb65905399c1b,ChatGLM,ChatGLM,other,unified_chip2/95917,0.9950647950172424,0.004500159528106451,0.00043506265501491725
b7e8a076ce92eb403df081aea314a2025f163e10b75ebc9c57bcb65905399c1b,MPT,MPT,other,unified_chip2/95917,9.539014848467756e-15,1.0931975962108961e-16,1.0
b7e8a076ce92eb403df081aea314a2025f163e10b75ebc9c57bcb65905399c1b,Flan-T5,Flan-T5,other,unified_chip2/95917,0.00026833004085347056,0.9997316002845764,1.177760289294838e-08
f275f1ccd6b52d54517fe87f7cdc33b2c3c6f581d6661fc37c6da51e5cf1c05b,MPT,MPT,other,unified_chip2/28208,2.7750218789535097e-11,3.696710741048284e-19,1.0
f275f1ccd6b52d54517fe87f7cdc33b2c3c6f581d6661fc37c6da51e5cf1c05b,ChatGLM,ChatGLM,other,unified_chip2/28208,0.9995693564414978,5.4620606533717364e-05,0.0003761033876799047
f275f1ccd6b52d54517fe87f7cdc33b2c3c6f581d6661fc37c6da51e5cf1c05b,Flan-T5,Flan-T5,other,unified_chip2/28208,0.00016383016190957278,0.9998352527618408,9.029889156408899e-07
8e2354b8d279e5ef7c768c4d931355711439919240341c5e8118ec412728ff4c,Flan-T5,Flan-T5,other,unified_chip2/122647,0.013607718050479889,0.9837151169776917,0.002677196403965354
8e2354b8d279e5ef7c768c4d931355711439919240341c5e8118ec412728ff4c,MPT,MPT,other,unified_chip2/122647,1.6023005134074148e-13,1.1815306990509372e-19,1.0
8e2354b8d279e5ef7c768c4d931355711439919240341c5e8118ec412728ff4c,ChatGLM,ChatGLM,other,unified_chip2/122647,0.9939634203910828,0.00046311417827382684,0.005573492497205734
1bb8b9572c0122d5e4d865ad99146facec0dd432decf50f49149817679ed5726,Flan-T5,Flan-T5,other,unified_chip2/84650,0.0006063113687559962,0.9993826150894165,1.106457693822449e-05
1bb8b9572c0122d5e4d865ad99146facec0dd432decf50f49149817679ed5726,MPT,MPT,other,unified_chip2/84650,4.343631303527218e-07,1.9816730179554598e-13,0.9999995231628418
1bb8b9572c0122d5e4d865ad99146facec0dd432decf50f49149817679ed5726,ChatGLM,ChatGLM,other,unified_chip2/84650,1.0,9.92361570695266e-09,5.1915165499849536e-08
27a2d692277b8ebddb20fbb137430bbb40fbb0488bfaf6bfce35cc2705465f36,ChatGLM,ChatGLM,other,unified_chip2/67989,1.0,3.969926384156386e-12,1.3583228986036033e-09
27a2d692277b8ebddb20fbb137430bbb40fbb0488bfaf6bfce35cc2705465f36,MPT,MPT,other,unified_chip2/67989,4.1843674250356677e-13,6.724261853710209e-14,1.0
27a2d692277b8ebddb20fbb137430bbb40fbb0488bfaf6bfce35cc2705465f36,Flan-T5,Flan-T5,other,unified_chip2/67989,2.6012834496214055e-05,0.999971866607666,2.1329433366190642e-06
c3069e4421c09b8f9afcca9c75b2c561f57826054b9cfc2c5c1c365863969d66,ChatGLM,ChatGLM,writing,unified_chip2/116314,0.9977449178695679,0.0022466862574219704,8.46244984131772e-06
c3069e4421c09b8f9afcca9c75b2c561f57826054b9cfc2c5c1c365863969d66,Flan-T5,Flan-T5,writing,unified_chip2/116314,0.00016383016190957278,0.9998352527618408,9.029889156408899e-07
c3069e4421c09b8f9afcca9c75b2c561f57826054b9cfc2c5c1c365863969d66,MPT,MPT,writing,unified_chip2/116314,4.272986451432301e-14,3.3762181263744503e-20,1.0
88cb402dd05a4697d044d59a4e83dd266821bc6907bbacc6d37b52cd37db880a,MPT,MPT,other,unified_chip2/140313,7.878004346963119e-13,9.521980019973015e-19,1.0
88cb402dd05a4697d044d59a4e83dd266821bc6907bbacc6d37b52cd37db880a,Flan-T5,Flan-T5,other,unified_chip2/140313,5.4472629926749505e-06,0.9999935626983643,1.0166373840547749e-06
88cb402dd05a4697d044d59a4e83dd266821bc6907bbacc6d37b52cd37db880a,ChatGLM,ChatGLM,other,unified_chip2/140313,1.0,2.5130756037359397e-14,2.1249453585614475e-11
a27607c2f596ad05b5b961991d8da2eeb6ab402f609a4d7e744255c111f7352f,MPT,MPT,other,unified_chip2/45423,1.7980650302007462e-09,1.8637511672858764e-11,1.0
a27607c2f596ad05b5b961991d8da2eeb6ab402f609a4d7e744255c111f7352f,ChatGLM,ChatGLM,other,unified_chip2/45423,1.0,3.662351324984492e-11,2.08865730266794e-10
a27607c2f596ad05b5b961991d8da2eeb6ab402f609a4d7e744255c111f7352f,Flan-T5,Flan-T5,other,unified_chip2/45423,3.7725163565482944e-05,0.9999622106552124,9.963451930161682e-08
3f738bfb53129ec5c3bbea94a87008152f5a96576586d8e5cadd24f726cab662,ChatGLM,Flan-T5,other,dolly_15k/classification/781,3.478944790913374e-06,0.999996542930603,1.030751595187951e-09
3f738bfb53129ec5c3bbea94a87008152f5a96576586d8e5cadd24f726cab662,Flan-T5,Flan-T5,other,dolly_15k/classification/781,9.011816291604191e-05,0.9993083477020264,0.0006015723920427263
3f738bfb53129ec5c3bbea94a87008152f5a96576586d8e5cadd24f726cab662,MPT,MPT,other,dolly_15k/classification/781,1.7405394459046875e-08,1.2139350939396887e-14,1.0
4bd853655ce31d596123cb33337615f36643a3a872117dbbd3e8cbc6596a2721,MPT,MPT,other,unified_chip2/28807,3.5003038192371605e-06,1.7870867817255248e-13,0.999996542930603
4bd853655ce31d596123cb33337615f36643a3a872117dbbd3e8cbc6596a2721,ChatGLM,ChatGLM,other,unified_chip2/28807,0.9999970197677612,1.692020532573224e-06,1.3500480235961732e-06
4bd853655ce31d596123cb33337615f36643a3a872117dbbd3e8cbc6596a2721,Flan-T5,Flan-T5,other,unified_chip2/28807,0.00016383016190957278,0.9998352527618408,9.029889156408899e-07
7fd315284255533339ab10632f93686f85b1b7bad5b5ca732f87d1be26584806,MPT,MPT,other,unified_chip2/47600,2.6168123667957843e-07,1.0667138179709656e-11,0.9999997615814209
7fd315284255533339ab10632f93686f85b1b7bad5b5ca732f87d1be26584806,Flan-T5,Flan-T5,other,unified_chip2/47600,4.961694344274292e-08,1.0,1.2760628109731442e-09
7fd315284255533339ab10632f93686f85b1b7bad5b5ca732f87d1be26584806,ChatGLM,ChatGLM,other,unified_chip2/47600,1.0,9.21626490402172e-12,1.8589024763926432e-10
2ead06f1111b5d05f2ebdf0cbda101e5419319b6c1cc15f1b4231444a8f2ad92,ChatGLM,ChatGLM,other,unified_chip2/6056,0.9945996999740601,5.017259536543861e-05,0.005350157152861357
2ead06f1111b5d05f2ebdf0cbda101e5419319b6c1cc15f1b4231444a8f2ad92,MPT,MPT,other,unified_chip2/6056,7.193417378389795e-17,1.3571588256971254e-22,1.0
2ead06f1111b5d05f2ebdf0cbda101e5419319b6c1cc15f1b4231444a8f2ad92,Flan-T5,Flan-T5,other,unified_chip2/6056,0.00019567704293876886,0.9997991919517517,5.1060137593594845e-06
a1bee401b8b969c7fe57ee2f4b351d09ebd4452272702a2ec8c6d33a93c83726,ChatGLM,ChatGLM,other,unified_chip2/7092,1.0,8.654406275593614e-17,2.9870265982889777e-11
a1bee401b8b969c7fe57ee2f4b351d09ebd4452272702a2ec8c6d33a93c83726,MPT,MPT,other,unified_chip2/7092,8.176654882688372e-13,1.577120608283291e-15,1.0
a1bee401b8b969c7fe57ee2f4b351d09ebd4452272702a2ec8c6d33a93c83726,Flan-T5,Flan-T5,other,unified_chip2/7092,1.0147030479856767e-05,0.9999873638153076,2.520898760849377e-06
51b4defe4b67aecbf64b838634895a18c407fef120f0a3b85710e71923a4311b,Flan-T5,Flan-T5,other,unified_chip2/78269,0.00024267636763397604,0.9997360110282898,2.1332180040189996e-05
51b4defe4b67aecbf64b838634895a18c407fef120f0a3b85710e71923a4311b,ChatGLM,MPT,other,unified_chip2/78269,0.12127997726202011,0.0008983869338408113,0.8778216242790222
51b4defe4b67aecbf64b838634895a18c407fef120f0a3b85710e71923a4311b,MPT,MPT,other,unified_chip2/78269,1.3497235329396062e-08,5.502772702894714e-18,1.0
4ef4e52026b5438a1916a8b386831db0c2b80bb62fcfeda5c267c5b6cdbe7a1c,Flan-T5,Flan-T5,other,unified_chip2/96615,0.009936564601957798,0.9900630116462708,3.747200878478907e-07
4ef4e52026b5438a1916a8b386831db0c2b80bb62fcfeda5c267c5b6cdbe7a1c,MPT,MPT,other,unified_chip2/96615,2.0817742552026175e-05,2.6605601334789113e-15,0.9999791383743286
4ef4e52026b5438a1916a8b386831db0c2b80bb62fcfeda5c267c5b6cdbe7a1c,ChatGLM,ChatGLM,other,unified_chip2/96615,0.9999895095825195,1.0602489277701e-14,1.0497998118808027e-05
ec54e7b6b251f90ba3b18b77dc61036a787a8af646b2292c087ab8c307edc2dc,ChatGLM,ChatGLM,other,dolly_15k/general_qa/878,1.0,3.9753420119126754e-17,5.967049770960742e-12
ec54e7b6b251f90ba3b18b77dc61036a787a8af646b2292c087ab8c307edc2dc,Flan-T5,Flan-T5,other,dolly_15k/general_qa/878,0.004907017108052969,0.9950466156005859,4.6443328756140545e-05
ec54e7b6b251f90ba3b18b77dc61036a787a8af646b2292c087ab8c307edc2dc,MPT,MPT,other,dolly_15k/general_qa/878,0.296278178691864,2.968024714888884e-10,0.7037218809127808
ecd667d98dc3fd1811044bbba52b45f50119728ea8a9298bf263ce136b1de684,ChatGLM,ChatGLM,other,unified_chip2/156142,0.9999966621398926,5.666444482245968e-16,3.3184078347403556e-06
ecd667d98dc3fd1811044bbba52b45f50119728ea8a9298bf263ce136b1de684,MPT,MPT,other,unified_chip2/156142,5.2362766900238e-12,7.903137020471313e-17,1.0
ecd667d98dc3fd1811044bbba52b45f50119728ea8a9298bf263ce136b1de684,Flan-T5,Flan-T5,other,unified_chip2/156142,0.004338086117058992,0.99349045753479,0.002171438653022051
745988153de679847ff648ac65cd0ff875a9e538e4d480ded0090e69bcc1775f,MPT,MPT,other,unified_chip2/96751,5.636858202429096e-10,3.367176979948705e-12,1.0
745988153de679847ff648ac65cd0ff875a9e538e4d480ded0090e69bcc1775f,Flan-T5,Flan-T5,other,unified_chip2/96751,0.002022016094997525,0.9974967837333679,0.0004812131228391081
745988153de679847ff648ac65cd0ff875a9e538e4d480ded0090e69bcc1775f,ChatGLM,ChatGLM,other,unified_chip2/96751,0.9999996423721313,2.5114446980389893e-11,4.069897272529488e-07
28b3215e714438980e380169c88fbe1360f60619fcdda682b2cc5bb5204c8363,Flan-T5,Flan-T5,other,unified_chip2/6401,9.846218745224178e-05,0.999891996383667,9.538136509945616e-06
28b3215e714438980e380169c88fbe1360f60619fcdda682b2cc5bb5204c8363,MPT,MPT,other,unified_chip2/6401,1.3123244406391548e-17,8.899469119974289e-18,1.0
28b3215e714438980e380169c88fbe1360f60619fcdda682b2cc5bb5204c8363,ChatGLM,ChatGLM,other,unified_chip2/6401,0.9999998807907104,1.3083793597157278e-11,1.75984510519811e-07
59177d170d77c496623de166524cdea1c3d81aedb6955001e09337bd6c5b8c44,MPT,MPT,other,unified_chip2/113799,1.9249391238428636e-14,1.2430176350772893e-20,1.0
59177d170d77c496623de166524cdea1c3d81aedb6955001e09337bd6c5b8c44,ChatGLM,ChatGLM,other,unified_chip2/113799,1.0,5.730924632421641e-14,2.0029188030346035e-10
59177d170d77c496623de166524cdea1c3d81aedb6955001e09337bd6c5b8c44,Flan-T5,Flan-T5,other,unified_chip2/113799,1.6845707051516e-08,0.9999998807907104,9.678515766609053e-08
add4a63667db8e5752068e90fa1f77bfb33705f99ecc7ff380bad45c3625519a,ChatGLM,ChatGLM,other,unified_chip2/40993,1.0,7.54574748259402e-16,9.835496861398951e-10
add4a63667db8e5752068e90fa1f77bfb33705f99ecc7ff380bad45c3625519a,MPT,MPT,other,unified_chip2/40993,3.215736512629519e-07,1.3989255226090755e-15,0.9999996423721313
add4a63667db8e5752068e90fa1f77bfb33705f99ecc7ff380bad45c3625519a,Flan-T5,Flan-T5,other,unified_chip2/40993,0.0008652379037812352,0.9986108541488647,0.0005238632438704371
ad45a2a9841ad2e3d56716f9dc582770b7b250d0b425ab9d56f8a2d798eeaa8d,ChatGLM,ChatGLM,other,unified_chip2/4518,1.0,2.344332294022339e-16,4.150603416519516e-08
ad45a2a9841ad2e3d56716f9dc582770b7b250d0b425ab9d56f8a2d798eeaa8d,MPT,MPT,other,unified_chip2/4518,1.9862402041326277e-05,7.834179946474354e-14,0.999980092048645
ad45a2a9841ad2e3d56716f9dc582770b7b250d0b425ab9d56f8a2d798eeaa8d,Flan-T5,Flan-T5,other,unified_chip2/4518,2.3989125111256726e-05,0.9998959302902222,8.00821217126213e-05
b08a3abffc950e9e237c6242303d476f399c42bee62cad2d3fa9b0710ab944ec,Flan-T5,Flan-T5,other,unified_chip2/43367,0.0035143434070050716,0.9943523406982422,0.002133334521204233
b08a3abffc950e9e237c6242303d476f399c42bee62cad2d3fa9b0710ab944ec,ChatGLM,ChatGLM,other,unified_chip2/43367,1.0,1.7852397077994242e-13,4.434876643699681e-08
b08a3abffc950e9e237c6242303d476f399c42bee62cad2d3fa9b0710ab944ec,MPT,MPT,other,unified_chip2/43367,1.1102638947102506e-10,7.831470931821127e-13,1.0
5b5ee1affc78bc8a30e76c942e9ee3d3d1899a01fae73e9e572ec086ac0770b2,MPT,MPT,other,unified_chip2/146347,7.174143945576361e-08,5.28150856382581e-10,0.9999998807907104
5b5ee1affc78bc8a30e76c942e9ee3d3d1899a01fae73e9e572ec086ac0770b2,ChatGLM,ChatGLM,other,unified_chip2/146347,0.9999984502792358,6.505304384063493e-08,1.466264848204446e-06
5b5ee1affc78bc8a30e76c942e9ee3d3d1899a01fae73e9e572ec086ac0770b2,Flan-T5,Flan-T5,other,unified_chip2/146347,6.83669371115414e-11,1.0,2.9494618553060903e-12
3af21d693386d9143fba9762e0f72e99ea3a274bdd7f61c15934bad71953d36f,MPT,MPT,other,unified_chip2/160170,3.668698528098117e-19,3.93473596896651e-20,1.0
3af21d693386d9143fba9762e0f72e99ea3a274bdd7f61c15934bad71953d36f,Flan-T5,Flan-T5,other,unified_chip2/160170,7.879526719989371e-08,0.9999998807907104,1.530052343504118e-12
3af21d693386d9143fba9762e0f72e99ea3a274bdd7f61c15934bad71953d36f,ChatGLM,ChatGLM,other,unified_chip2/160170,1.0,9.222817821952223e-13,1.8025504644469947e-08
5e59f73aabae8d3cba64129182f5117fb6996a7b214a4e746104bf76c98eb709,MPT,MPT,other,dolly_15k/general_qa/309,1.1218128292966867e-06,2.0735739243282064e-15,0.999998927116394
5e59f73aabae8d3cba64129182f5117fb6996a7b214a4e746104bf76c98eb709,ChatGLM,Flan-T5,other,dolly_15k/general_qa/309,0.06276552379131317,0.9325838088989258,0.00465071015059948
5e59f73aabae8d3cba64129182f5117fb6996a7b214a4e746104bf76c98eb709,Flan-T5,Flan-T5,other,dolly_15k/general_qa/309,9.846218745224178e-05,0.999891996383667,9.538136509945616e-06
33ce4e18f9f28019676b0ae8d6f94b65ec253e43fba095e9a13da6bf0a52104d,ChatGLM,ChatGLM,other,unified_chip2/80013,1.0,9.454294985777878e-12,1.3488794081695232e-08
33ce4e18f9f28019676b0ae8d6f94b65ec253e43fba095e9a13da6bf0a52104d,Flan-T5,Flan-T5,other,unified_chip2/80013,5.27486443413494e-10,1.0,3.249080449130304e-10
33ce4e18f9f28019676b0ae8d6f94b65ec253e43fba095e9a13da6bf0a52104d,MPT,MPT,other,unified_chip2/80013,1.001670447975389e-11,1.561420263918034e-13,1.0
c5f9002a53386a21875727d5b0664e4f5bb17701e524bcd469784c3b42010a1d,ChatGLM,ChatGLM,other,unified_chip2/142321,1.0,2.0174372392654013e-15,1.8420387437600994e-10
c5f9002a53386a21875727d5b0664e4f5bb17701e524bcd469784c3b42010a1d,Flan-T5,Flan-T5,other,unified_chip2/142321,0.0003070531820412725,0.9996929168701172,5.016854154327177e-10
c5f9002a53386a21875727d5b0664e4f5bb17701e524bcd469784c3b42010a1d,MPT,MPT,other,unified_chip2/142321,3.014260048777524e-17,1.6946815236794933e-18,1.0
3d2022630a955cfdd8ec52624635e0f4069a3bad21f1bf31fb532f9eafdd3eab,Flan-T5,Flan-T5,other,unified_chip2/124605,0.001334889093413949,0.9981933236122131,0.00047178700333461165
3d2022630a955cfdd8ec52624635e0f4069a3bad21f1bf31fb532f9eafdd3eab,ChatGLM,ChatGLM,other,unified_chip2/124605,0.9898989796638489,3.331938458472905e-08,0.01010100357234478
3d2022630a955cfdd8ec52624635e0f4069a3bad21f1bf31fb532f9eafdd3eab,MPT,MPT,other,unified_chip2/124605,2.034589944438503e-12,3.756323724291022e-11,1.0
b3d7107b7d9755cf51ab568428679d9293f3f91999feba06bbd8daa45f78a76d,ChatGLM,ChatGLM,other,unified_chip2/153,1.0,3.157175381047518e-14,7.773026878188025e-14
b3d7107b7d9755cf51ab568428679d9293f3f91999feba06bbd8daa45f78a76d,MPT,MPT,other,unified_chip2/153,1.0355942479573212e-18,1.4428688441413548e-17,1.0
b3d7107b7d9755cf51ab568428679d9293f3f91999feba06bbd8daa45f78a76d,Flan-T5,Flan-T5,other,unified_chip2/153,1.0653436532948035e-07,0.9999998807907104,4.063371417117878e-09
74eab81a22aed8469c76ed59a3e0b21119947aa20c620e7243cb54669e8d9d74,MPT,MPT,other,unified_chip2/30542,1.3940663402302322e-13,4.977049585985358e-19,1.0
74eab81a22aed8469c76ed59a3e0b21119947aa20c620e7243cb54669e8d9d74,Flan-T5,Flan-T5,other,unified_chip2/30542,2.5663703127065673e-06,0.9999973773956299,3.906756695926106e-09
74eab81a22aed8469c76ed59a3e0b21119947aa20c620e7243cb54669e8d9d74,ChatGLM,ChatGLM,other,unified_chip2/30542,1.0,2.7192761926847833e-16,8.221724640779376e-17
1d3a6ba14f7f637ba5c378d3bd73642f053ccbafe57960b35ae29efc637f3ed6,MPT,MPT,other,unified_chip2/83835,6.932897258056525e-18,1.1303761883716025e-16,1.0
1d3a6ba14f7f637ba5c378d3bd73642f053ccbafe57960b35ae29efc637f3ed6,ChatGLM,ChatGLM,other,unified_chip2/83835,0.9999995231628418,1.610761697634633e-11,4.654941108128696e-07
1d3a6ba14f7f637ba5c378d3bd73642f053ccbafe57960b35ae29efc637f3ed6,Flan-T5,Flan-T5,other,unified_chip2/83835,2.2810861821653816e-07,0.9999997615814209,3.230155254385636e-09
7adf6154a77c4c394a351155f3cc837dacd8bb6ab46d4566a942ff1891c64cfb,MPT,MPT,other,unified_chip2/47795,9.80487121614998e-14,1.9243748304934027e-13,1.0
7adf6154a77c4c394a351155f3cc837dacd8bb6ab46d4566a942ff1891c64cfb,ChatGLM,ChatGLM,other,unified_chip2/47795,1.0,7.988611439024851e-10,9.334788497739055e-10
7adf6154a77c4c394a351155f3cc837dacd8bb6ab46d4566a942ff1891c64cfb,Flan-T5,Flan-T5,other,unified_chip2/47795,3.282746163790762e-08,1.0,3.435941716692023e-15
85ba5dcccbe6371024575a5d5ecfe9881a5e8a283996500aa1a2e77bbea67167,Flan-T5,Flan-T5,other,unified_chip2/82583,0.0070219989866018295,0.9897054433822632,0.0032725597266107798
85ba5dcccbe6371024575a5d5ecfe9881a5e8a283996500aa1a2e77bbea67167,MPT,MPT,other,unified_chip2/82583,1.2746676977815063e-11,4.6254480707364764e-17,1.0
85ba5dcccbe6371024575a5d5ecfe9881a5e8a283996500aa1a2e77bbea67167,ChatGLM,ChatGLM,other,unified_chip2/82583,1.0,3.655666400944921e-18,6.523199203023466e-10
008d4d22b0ab2333800a6efa4e3b4b3ecda3ce35422a1e7807ae49fbb9c99b27,ChatGLM,ChatGLM,other,unified_chip2/127077,1.0,1.4111577371586116e-14,2.2558057852228863e-11
008d4d22b0ab2333800a6efa4e3b4b3ecda3ce35422a1e7807ae49fbb9c99b27,Flan-T5,Flan-T5,other,unified_chip2/127077,0.0035272836685180664,0.9964700937271118,2.6893860649579437e-06
008d4d22b0ab2333800a6efa4e3b4b3ecda3ce35422a1e7807ae49fbb9c99b27,MPT,MPT,other,unified_chip2/127077,9.447579844097317e-14,3.3531728863994443e-16,1.0
a8d42d696aeee3b568dc82b63120691473e18a88701eaae6997c8e887144401c,Flan-T5,Flan-T5,other,unified_chip2/34109,1.1866725202480666e-07,0.9999998807907104,8.951794167044724e-12
a8d42d696aeee3b568dc82b63120691473e18a88701eaae6997c8e887144401c,MPT,MPT,other,unified_chip2/34109,2.1887475352652154e-14,2.1563531667732894e-13,1.0
a8d42d696aeee3b568dc82b63120691473e18a88701eaae6997c8e887144401c,ChatGLM,ChatGLM,other,unified_chip2/34109,0.9607231616973877,0.039248961955308914,2.7811043764813803e-05
ece5a0423e73c58b45383efb894e0c8ee1768af28c4ee8ee1c15a1b9fef2cee2,MPT,MPT,other,unified_chip2/157623,9.65496562907453e-13,6.4007592520992445e-19,1.0
ece5a0423e73c58b45383efb894e0c8ee1768af28c4ee8ee1c15a1b9fef2cee2,ChatGLM,ChatGLM,other,unified_chip2/157623,1.0,9.887305479016305e-16,1.1576513639572402e-14
ece5a0423e73c58b45383efb894e0c8ee1768af28c4ee8ee1c15a1b9fef2cee2,Flan-T5,Flan-T5,other,unified_chip2/157623,0.002610591473057866,0.9970278143882751,0.0003616600588429719
65152cf2b4671c946327c35955b823388ce591941a0d53b4986737c615318c49,Flan-T5,Flan-T5,other,unified_chip2/156072,8.19063643575646e-06,0.9999892711639404,2.5417170945729595e-06
65152cf2b4671c946327c35955b823388ce591941a0d53b4986737c615318c49,MPT,MPT,other,unified_chip2/156072,1.0151020728963674e-20,5.933072367737528e-19,1.0
65152cf2b4671c946327c35955b823388ce591941a0d53b4986737c615318c49,ChatGLM,ChatGLM,other,unified_chip2/156072,0.9999949932098389,1.2286159589702805e-10,4.98161625728244e-06
b872e1f187c52da91a3df9caaf9bcfd1f3ca4ded8f511663afa0fd2d16e9693b,MPT,MPT,other,unified_chip2/88163,9.735724697940411e-16,7.23389628884569e-17,1.0
b872e1f187c52da91a3df9caaf9bcfd1f3ca4ded8f511663afa0fd2d16e9693b,Flan-T5,ChatGLM,other,unified_chip2/88163,0.6956427097320557,0.30435070395469666,6.607308932871092e-06
b872e1f187c52da91a3df9caaf9bcfd1f3ca4ded8f511663afa0fd2d16e9693b,ChatGLM,ChatGLM,other,unified_chip2/88163,1.0,3.6520477736238545e-15,8.407665674781128e-09
4031dea3903f5848b67bd626ea33c4257aa2de2617f8bb42bf292c348bea7425,ChatGLM,ChatGLM,other,unified_chip2/45410,0.982080340385437,0.017869897186756134,4.9800120905274525e-05
4031dea3903f5848b67bd626ea33c4257aa2de2617f8bb42bf292c348bea7425,Flan-T5,Flan-T5,other,unified_chip2/45410,0.00017621253209654242,0.9998227953910828,1.0688625025068177e-06
4031dea3903f5848b67bd626ea33c4257aa2de2617f8bb42bf292c348bea7425,MPT,MPT,other,unified_chip2/45410,1.498700286323238e-15,1.566928880594054e-19,1.0
4e4ba63a959dcaf4c87ae74ef338e6e54a504899a73ede3415506e04ee61e97e,Flan-T5,Flan-T5,other,unified_chip2/28171,2.945419907973701e-08,1.0,4.3700565388604673e-10
4e4ba63a959dcaf4c87ae74ef338e6e54a504899a73ede3415506e04ee61e97e,ChatGLM,ChatGLM,other,unified_chip2/28171,0.9999986886978149,2.7820942842234422e-14,1.3089090771245537e-06
4e4ba63a959dcaf4c87ae74ef338e6e54a504899a73ede3415506e04ee61e97e,MPT,MPT,other,unified_chip2/28171,5.182984033277882e-13,2.7904875925930447e-19,1.0
ab03f01f596fbe1c781d173ac78e189e1ff060260ebe11630a69c8c25b10884e,MPT,MPT,other,unified_chip2/120331,1.1296844536212713e-12,5.351468464841209e-17,1.0
ab03f01f596fbe1c781d173ac78e189e1ff060260ebe11630a69c8c25b10884e,ChatGLM,ChatGLM,other,unified_chip2/120331,0.9901801347732544,0.009587202221155167,0.00023261788010131568
ab03f01f596fbe1c781d173ac78e189e1ff060260ebe11630a69c8c25b10884e,Flan-T5,Flan-T5,other,unified_chip2/120331,0.0013432545820251107,0.9986244440078735,3.2314830605173483e-05
551cc4368fd05ebe56c9263b72aad99c2e17d3b4eaf928a80331d21b321a56c8,MPT,MPT,other,unified_chip2/161145,2.7355567810971593e-10,7.744331246878687e-18,1.0
551cc4368fd05ebe56c9263b72aad99c2e17d3b4eaf928a80331d21b321a56c8,Flan-T5,Flan-T5,other,unified_chip2/161145,0.0007235763478092849,0.9990589022636414,0.00021755830675829202
551cc4368fd05ebe56c9263b72aad99c2e17d3b4eaf928a80331d21b321a56c8,ChatGLM,ChatGLM,other,unified_chip2/161145,0.999995231628418,1.1240178709667759e-12,4.73515046905959e-06
4c62ee7d013422973bf947086d679312cdabd096440aa1104e4944b13b9b2842,MPT,MPT,other,unified_chip2/26966,1.0385199068708908e-14,2.890170352729986e-19,1.0
4c62ee7d013422973bf947086d679312cdabd096440aa1104e4944b13b9b2842,Flan-T5,Flan-T5,other,unified_chip2/26966,4.1288433294539573e-07,0.9999996423721313,2.4772348061752325e-10
4c62ee7d013422973bf947086d679312cdabd096440aa1104e4944b13b9b2842,ChatGLM,ChatGLM,other,unified_chip2/26966,1.0,1.381230524920285e-12,1.7588919903888112e-11
b4879dad85b9d5898c47ab666a8f0f9d6eca2b67c0c6557808756b6e462fd3ea,ChatGLM,ChatGLM,other,unified_chip2/56589,1.0,3.5526129315106144e-18,9.891610100454251e-15
b4879dad85b9d5898c47ab666a8f0f9d6eca2b67c0c6557808756b6e462fd3ea,Flan-T5,Flan-T5,other,unified_chip2/56589,0.048087358474731445,0.9408365488052368,0.011076036840677261
b4879dad85b9d5898c47ab666a8f0f9d6eca2b67c0c6557808756b6e462fd3ea,MPT,MPT,other,unified_chip2/56589,1.0334992269403928e-17,8.036264130000087e-17,1.0
aca0875cb7106b922b0d04e9880bcc583c2d89f85a33f393b0409bd88716a34c,MPT,MPT,other,unified_chip2/108669,8.168440424928536e-13,1.3141405823778596e-13,1.0
aca0875cb7106b922b0d04e9880bcc583c2d89f85a33f393b0409bd88716a34c,ChatGLM,ChatGLM,other,unified_chip2/108669,1.0,1.5479250832747746e-17,4.699311162426056e-09
aca0875cb7106b922b0d04e9880bcc583c2d89f85a33f393b0409bd88716a34c,Flan-T5,Flan-T5,other,unified_chip2/108669,1.6303540633089142e-06,0.9999983310699463,6.3734919564240045e-09
ff8d9f372aec99f1454dc08366e79f379fe370dd704de3deeaeba69ce4dbffda,ChatGLM,ChatGLM,other,unified_chip2/85119,0.9784706830978394,0.021455412730574608,7.396287401206791e-05
ff8d9f372aec99f1454dc08366e79f379fe370dd704de3deeaeba69ce4dbffda,MPT,MPT,other,unified_chip2/85119,2.0387137811272993e-10,7.303044209953577e-14,1.0
ff8d9f372aec99f1454dc08366e79f379fe370dd704de3deeaeba69ce4dbffda,Flan-T5,Flan-T5,other,unified_chip2/85119,4.091284154128516e-06,0.9999959468841553,1.8567946069580898e-09
d949886859f5118fd5cb0a26c226317f3eddca72a7d088e2cda637538b9065e8,ChatGLM,Flan-T5,other,unified_chip2/53504,0.04066286236047745,0.9593295454978943,7.513389846280916e-06
d949886859f5118fd5cb0a26c226317f3eddca72a7d088e2cda637538b9065e8,Flan-T5,Flan-T5,other,unified_chip2/53504,1.5340787058448768e-06,0.9999984502792358,5.295413885164635e-09
d949886859f5118fd5cb0a26c226317f3eddca72a7d088e2cda637538b9065e8,MPT,MPT,other,unified_chip2/53504,1.2693504225835549e-17,2.8487399777745017e-19,1.0
b46f234b1404b34b70d60bc57370054c4a5dc7abfaa98bc2976ad865970608e6,ChatGLM,ChatGLM,other,unified_chip2/119392,0.9945307374000549,0.005344031378626823,0.00012524655903689563
b46f234b1404b34b70d60bc57370054c4a5dc7abfaa98bc2976ad865970608e6,MPT,MPT,other,unified_chip2/119392,2.753722810666659e-06,3.150542673968637e-11,0.9999972581863403
b46f234b1404b34b70d60bc57370054c4a5dc7abfaa98bc2976ad865970608e6,Flan-T5,Flan-T5,other,unified_chip2/119392,0.0005331079009920359,0.9994669556617737,4.78279416071814e-10
8fef10db121a38f348071149dd606a58810daabccdf2d2b6cf089a1b1f2b5711,Flan-T5,Flan-T5,other,unified_chip2/46649,0.00020759231119882315,0.9997923970222473,6.490530068958833e-08
8fef10db121a38f348071149dd606a58810daabccdf2d2b6cf089a1b1f2b5711,MPT,MPT,other,unified_chip2/46649,1.895032752941006e-08,1.1424461376918771e-10,1.0
8fef10db121a38f348071149dd606a58810daabccdf2d2b6cf089a1b1f2b5711,ChatGLM,ChatGLM,other,unified_chip2/46649,0.9990236759185791,2.633205502602931e-12,0.0009762829286046326
31b3ca04516efa04ed8899b3795090dfeefcf98e5e01c667f817ee752e9a4f8f,ChatGLM,ChatGLM,other,unified_chip2/19648,1.0,2.4611486893616474e-13,8.380843241617697e-10
31b3ca04516efa04ed8899b3795090dfeefcf98e5e01c667f817ee752e9a4f8f,MPT,MPT,other,unified_chip2/19648,5.302244062477257e-06,3.603215642522528e-11,0.9999947547912598
31b3ca04516efa04ed8899b3795090dfeefcf98e5e01c667f817ee752e9a4f8f,Flan-T5,Flan-T5,other,unified_chip2/19648,2.0117369103900273e-07,0.9999997615814209,1.0301804548307203e-10
732aab300f58ed2fe4b7730da4adf5ef3a089ca1c551955f6afd78df269480c9,ChatGLM,ChatGLM,other,unified_chip2/25830,0.9999994039535522,9.541078644243741e-16,6.29225098691677e-07
732aab300f58ed2fe4b7730da4adf5ef3a089ca1c551955f6afd78df269480c9,MPT,MPT,other,unified_chip2/25830,1.906606001966793e-07,9.524353978700205e-16,0.9999997615814209
732aab300f58ed2fe4b7730da4adf5ef3a089ca1c551955f6afd78df269480c9,Flan-T5,Flan-T5,other,unified_chip2/25830,0.0020987768657505512,0.9978925585746765,8.674987839185633e-06
ebae5153ce3c0bfbb4a552b5f5b41f4098903597aadb3c2b8da017cf6282a5c9,MPT,MPT,other,unified_chip2/7381,1.805887661632255e-09,2.900030205126719e-13,1.0
ebae5153ce3c0bfbb4a552b5f5b41f4098903597aadb3c2b8da017cf6282a5c9,Flan-T5,Flan-T5,other,unified_chip2/7381,1.8784448911901563e-06,0.9999979734420776,9.017806945621487e-08
ebae5153ce3c0bfbb4a552b5f5b41f4098903597aadb3c2b8da017cf6282a5c9,ChatGLM,ChatGLM,other,unified_chip2/7381,1.0,2.9202054663279853e-10,4.6484087690146225e-09
fbe873a9fe014a23c17337d58bb9b38efd8d50a47ab81ee91ee759205bf9e511,Flan-T5,Flan-T5,other,unified_chip2/158852,0.012404386885464191,0.9770218729972839,0.010573740117251873
fbe873a9fe014a23c17337d58bb9b38efd8d50a47ab81ee91ee759205bf9e511,MPT,MPT,other,unified_chip2/158852,2.2336696048341764e-08,9.082850790931296e-12,1.0
fbe873a9fe014a23c17337d58bb9b38efd8d50a47ab81ee91ee759205bf9e511,ChatGLM,ChatGLM,other,unified_chip2/158852,0.9999998807907104,6.94339131004397e-14,8.389535821606842e-08
d0d774f606a3cc197e41f14f0ae86550c4de0f8811bd7edf88bd78c4aa4e1685,MPT,MPT,other,unified_chip2/79213,1.1920273795817948e-11,3.0625719228829324e-15,1.0
d0d774f606a3cc197e41f14f0ae86550c4de0f8811bd7edf88bd78c4aa4e1685,ChatGLM,ChatGLM,other,unified_chip2/79213,1.0,2.0384671954359994e-19,2.5614895056068232e-17
d0d774f606a3cc197e41f14f0ae86550c4de0f8811bd7edf88bd78c4aa4e1685,Flan-T5,Flan-T5,other,unified_chip2/79213,5.462381214016432e-09,1.0,1.3274350152067682e-12
4dda5af1946413e89f22a62962e20e2ab8b5a73ac3da40ace9edd504e6dc4c65,MPT,MPT,other,unified_chip2/48955,3.012174114736671e-13,1.123156201290193e-14,1.0
4dda5af1946413e89f22a62962e20e2ab8b5a73ac3da40ace9edd504e6dc4c65,ChatGLM,ChatGLM,other,unified_chip2/48955,0.9999572038650513,1.7222614587808494e-06,4.115071351407096e-05
4dda5af1946413e89f22a62962e20e2ab8b5a73ac3da40ace9edd504e6dc4c65,Flan-T5,Flan-T5,other,unified_chip2/48955,0.005195066332817078,0.994761049747467,4.3872976675629616e-05
99623e31453c8e980d219df1e696743101a65ed6a6e55a13528b02db392aed89,ChatGLM,ChatGLM,other,unified_chip2/162257,1.0,6.170628668000474e-16,2.524690309244071e-12
99623e31453c8e980d219df1e696743101a65ed6a6e55a13528b02db392aed89,Flan-T5,Flan-T5,other,unified_chip2/162257,7.976640181706074e-11,1.0,5.482836962222848e-10
99623e31453c8e980d219df1e696743101a65ed6a6e55a13528b02db392aed89,MPT,MPT,other,unified_chip2/162257,9.522408903062107e-13,1.0555988015929687e-14,1.0
c093a8ae24a07880723205bbc7ecf93793dbacadfbff8b7d29bd0e3467940e4f,MPT,MPT,other,unified_chip2/1107,1.806834265538626e-10,2.0899469101052078e-19,1.0
c093a8ae24a07880723205bbc7ecf93793dbacadfbff8b7d29bd0e3467940e4f,ChatGLM,ChatGLM,other,unified_chip2/1107,1.0,1.3204054625194834e-15,5.400250385756422e-11
c093a8ae24a07880723205bbc7ecf93793dbacadfbff8b7d29bd0e3467940e4f,Flan-T5,Flan-T5,other,unified_chip2/1107,0.0019459044560790062,0.9978725910186768,0.0001814721035771072
6a5e57f039f077589bccc8bb0c22c042001fb4cc76cd568779e2d2e033c5bde6,MPT,MPT,other,unified_chip2/55375,7.571154120311618e-11,6.0426407801073e-12,1.0
6a5e57f039f077589bccc8bb0c22c042001fb4cc76cd568779e2d2e033c5bde6,ChatGLM,MPT,other,unified_chip2/55375,0.36398789286613464,3.761236087029829e-07,0.6360117197036743
6a5e57f039f077589bccc8bb0c22c042001fb4cc76cd568779e2d2e033c5bde6,Flan-T5,Flan-T5,other,unified_chip2/55375,8.19063643575646e-06,0.9999892711639404,2.5417170945729595e-06
d22eecc95ad47742203c7d7fb3a58e1660e6576667ebc4675628354e12834c1b,Flan-T5,Flan-T5,other,unified_chip2/118389,1.5562418909098596e-08,1.0,5.095083466244432e-09
d22eecc95ad47742203c7d7fb3a58e1660e6576667ebc4675628354e12834c1b,MPT,MPT,other,unified_chip2/118389,0.41228440403938293,1.8405887658445863e-07,0.5877153873443604
d22eecc95ad47742203c7d7fb3a58e1660e6576667ebc4675628354e12834c1b,ChatGLM,ChatGLM,other,unified_chip2/118389,0.9964620471000671,8.83101256476948e-06,0.0035291428212076426
0373571149e6f508ac547271f667cd6896018fdd9011cd0aa541e3539f98d228,ChatGLM,ChatGLM,other,unified_chip2/80156,1.0,6.6755831243413884e-15,2.6699792599060856e-08
0373571149e6f508ac547271f667cd6896018fdd9011cd0aa541e3539f98d228,Flan-T5,Flan-T5,other,unified_chip2/80156,0.013610425405204296,0.9860972762107849,0.0002923295251093805
0373571149e6f508ac547271f667cd6896018fdd9011cd0aa541e3539f98d228,MPT,MPT,other,unified_chip2/80156,2.2800955775892362e-05,4.2366063435217427e-10,0.9999772310256958
1c33b32be4f54df1f0b4259c4812ddcf97ec9cb3d14eba4cbefb0132f05f6988,MPT,MPT,other,unified_chip2/93156,3.420127792086447e-10,5.256046249277335e-13,1.0
1c33b32be4f54df1f0b4259c4812ddcf97ec9cb3d14eba4cbefb0132f05f6988,ChatGLM,ChatGLM,other,unified_chip2/93156,0.9999710321426392,9.127634257311001e-07,2.8047163141309284e-05
1c33b32be4f54df1f0b4259c4812ddcf97ec9cb3d14eba4cbefb0132f05f6988,Flan-T5,Flan-T5,other,unified_chip2/93156,0.000862377230077982,0.9991315007209778,6.171878339955583e-06
4d66695422a818896a3544244ece780c234622524080773964c31e1f85671139,Flan-T5,Flan-T5,other,unified_chip2/32949,3.5890222989110043e-06,0.9999964237213135,1.0451747974038472e-11
4d66695422a818896a3544244ece780c234622524080773964c31e1f85671139,MPT,MPT,other,unified_chip2/32949,3.089110894488508e-16,9.499662687046334e-20,1.0
4d66695422a818896a3544244ece780c234622524080773964c31e1f85671139,ChatGLM,ChatGLM,other,unified_chip2/32949,0.9999955892562866,9.682521522336174e-07,3.490143853923655e-06
6b70c67603f15e8d1808aea08b1d88449de5edcb78cd1965d7e04c7d9c345e90,ChatGLM,ChatGLM,other,unified_chip2/134188,1.0,1.5332697126039358e-15,4.989290230961174e-12
6b70c67603f15e8d1808aea08b1d88449de5edcb78cd1965d7e04c7d9c345e90,MPT,MPT,other,unified_chip2/134188,1.8384045438854697e-15,1.6439653846036114e-17,1.0
6b70c67603f15e8d1808aea08b1d88449de5edcb78cd1965d7e04c7d9c345e90,Flan-T5,Flan-T5,other,unified_chip2/134188,0.0005364333628676832,0.999390721321106,7.282740989467129e-05
606a15c32152eab9187a2d25f2d4ca1b9046f26be7228e35b788cf834a50420b,ChatGLM,ChatGLM,other,unified_chip2/90646,1.0,4.971592650668928e-16,3.826386776872859e-11
606a15c32152eab9187a2d25f2d4ca1b9046f26be7228e35b788cf834a50420b,Flan-T5,Flan-T5,other,unified_chip2/90646,0.005079362075775862,0.9882633090019226,0.0066573224030435085
606a15c32152eab9187a2d25f2d4ca1b9046f26be7228e35b788cf834a50420b,MPT,MPT,other,unified_chip2/90646,0.018820397555828094,3.666913300781616e-11,0.9811796545982361
7cc44cca50c688eb6b8256b9ab46b149754d285f0da56694e8d834af82218822,MPT,MPT,other,unified_chip2/91445,6.882545206497725e-13,4.236669377805736e-18,1.0
7cc44cca50c688eb6b8256b9ab46b149754d285f0da56694e8d834af82218822,ChatGLM,ChatGLM,other,unified_chip2/91445,0.9992753863334656,0.00043133008875884116,0.00029333774000406265
7cc44cca50c688eb6b8256b9ab46b149754d285f0da56694e8d834af82218822,Flan-T5,Flan-T5,other,unified_chip2/91445,0.0004889413248747587,0.999320387840271,0.00019073169096373022
adc393ed57b51f9b56ae2ca5ff1bb6c983de67404d4eba324a8768935e9252bd,MPT,MPT,other,unified_chip2/86884,4.379069016565107e-17,5.562057730013124e-17,1.0
adc393ed57b51f9b56ae2ca5ff1bb6c983de67404d4eba324a8768935e9252bd,ChatGLM,ChatGLM,other,unified_chip2/86884,1.0,1.9060750648328e-15,1.970818256855078e-13
adc393ed57b51f9b56ae2ca5ff1bb6c983de67404d4eba324a8768935e9252bd,Flan-T5,Flan-T5,other,unified_chip2/86884,9.846228203969076e-05,0.999891996383667,9.538146514387336e-06
