prompt_id,true_family,predicted_family,domain,source_id,probability_ChatGLM,probability_Flan-T5,probability_MPT
de71fd0a5f6b39eb3b7ff7874d6b91a189420d179729b4a4cc3e2fb8f280cf63,ChatGLM,ChatGLM,other,unified_chip2/6240,0.9997768998146057,0.0002023898414336145,2.0735156795126386e-05
de71fd0a5f6b39eb3b7ff7874d6b91a189420d179729b4a4cc3e2fb8f280cf63,MPT,MPT,other,unified_chip2/6240,0.007634887471795082,0.0007217379752546549,0.9916433691978455
de71fd0a5f6b39eb3b7ff7874d6b91a189420d179729b4a4cc3e2fb8f280cf63,Flan-T5,Flan-T5,other,unified_chip2/6240,0.06934070587158203,0.9303249716758728,0.00033428403548896313
119a7732c40a971593fa6fed285066d7f288a9537f0921a065aaef6ec6503834,Flan-T5,Flan-T5,other,unified_chip2/70455,0.0017552452627569437,0.9980872273445129,0.0001575419446453452
119a7732c40a971593fa6fed285066d7f288a9537f0921a065aaef6ec6503834,ChatGLM,ChatGLM,other,unified_chip2/70455,0.9998462200164795,0.0001347098732367158,1.9113724192720838e-05
119a7732c40a971593fa6fed285066d7f288a9537f0921a065aaef6ec6503834,MPT,MPT,other,unified_chip2/70455,0.007376243360340595,0.010277628898620605,0.98234623670578
a505502b3daf55bacffa153a213cb3f82264769bf8c0e832bc588039be40aa20,ChatGLM,ChatGLM,other,unified_chip2/106486,0.9997972846031189,7.075810572132468e-05,0.00013195685460232198
a505502b3daf55bacffa153a213cb3f82264769bf8c0e832bc588039be40aa20,MPT,MPT,other,unified_chip2/106486,6.032505916664377e-05,1.8730992451310158e-05,0.9999209642410278
a505502b3daf55bacffa153a213cb3f82264769bf8c0e832bc588039be40aa20,Flan-T5,Flan-T5,other,unified_chip2/106486,0.0017552452627569437,0.9980872273445129,0.0001575419446453452
7627d062cc95e0b59eefa6d974c8ca54a4ef44304701d0a8c23b52ff48dd4f38,MPT,MPT,other,unified_chip2/129819,0.00490847323089838,0.008110366761684418,0.986981213092804
7627d062cc95e0b59eefa6d974c8ca54a4ef44304701d0a8c23b52ff48dd4f38,Flan-T5,Flan-T5,other,unified_chip2/129819,0.008825450204312801,0.9911584258079529,1.607620833965484e-05
7627d062cc95e0b59eefa6d974c8ca54a4ef44304701d0a8c23b52ff48dd4f38,ChatGLM,ChatGLM,other,unified_chip2/129819,0.999580442905426,1.0344235306547489e-05,0.00040916321449913085
3b104125619d5b06377fb3349a612d6d1bf67eef874d3f79058583e295e09f76,ChatGLM,ChatGLM,other,unified_chip2/166022,0.9994615912437439,0.0004863104841206223,5.202379179536365e-05
3b104125619d5b06377fb3349a612d6d1bf67eef874d3f79058583e295e09f76,Flan-T5,Flan-T5,other,unified_chip2/166022,0.0017552452627569437,0.9980872273445129,0.0001575419446453452
3b104125619d5b06377fb3349a612d6d1bf67eef874d3f79058583e295e09f76,MPT,MPT,other,unified_chip2/166022,0.00014890481543261558,1.3170141755836084e-05,0.9998379945755005
c32c88fc5cbec063c82cbe5d10330b4ef0ac1cc544af89c5c0a840d912717e28,Flan-T5,Flan-T5,other,unified_chip2/146435,0.0062644281424582005,0.993695080280304,4.0462484321324155e-05
c32c88fc5cbec063c82cbe5d10330b4ef0ac1cc544af89c5c0a840d912717e28,MPT,MPT,other,unified_chip2/146435,0.0003470679512247443,8.979821473076299e-07,0.9996520280838013
c32c88fc5cbec063c82cbe5d10330b4ef0ac1cc544af89c5c0a840d912717e28,ChatGLM,ChatGLM,other,unified_chip2/146435,0.9925639033317566,0.007351693231612444,8.453853661194444e-05
d78d95ecd220f09ec2438f8a3d2b56d1b7385ebf50dd9d0183c6c70ddb71773d,Flan-T5,Flan-T5,other,unified_chip2/21263,0.0031771711073815823,0.9967396855354309,8.319085463881493e-05
d78d95ecd220f09ec2438f8a3d2b56d1b7385ebf50dd9d0183c6c70ddb71773d,ChatGLM,ChatGLM,other,unified_chip2/21263,0.999990701675415,4.707406787929358e-06,4.6753057176829316e-06
d78d95ecd220f09ec2438f8a3d2b56d1b7385ebf50dd9d0183c6c70ddb71773d,MPT,MPT,other,unified_chip2/21263,0.001460361061617732,0.0002298525650985539,0.998309850692749
c49778ba5499d248545f9f2ecfa92a338ce2df8f1ed63c93eb1a7dd91b83cf11,Flan-T5,Flan-T5,other,unified_chip2/10082,0.053110867738723755,0.9455045461654663,0.0013846163637936115
c49778ba5499d248545f9f2ecfa92a338ce2df8f1ed63c93eb1a7dd91b83cf11,ChatGLM,ChatGLM,other,unified_chip2/10082,0.995465874671936,7.854247087379918e-05,0.00445548165589571
c49778ba5499d248545f9f2ecfa92a338ce2df8f1ed63c93eb1a7dd91b83cf11,MPT,MPT,other,unified_chip2/10082,0.0001668952318141237,4.042802902404219e-05,0.999792754650116
98ef277e5a193d2bad8a4683e4803e2e236888da3ac0f71a76a3b445ffbe4109,ChatGLM,ChatGLM,other,unified_chip2/108852,0.9945185780525208,0.0015385705046355724,0.003942795097827911
98ef277e5a193d2bad8a4683e4803e2e236888da3ac0f71a76a3b445ffbe4109,Flan-T5,Flan-T5,other,unified_chip2/108852,0.006901975721120834,0.9899629950523376,0.003134961472824216
98ef277e5a193d2bad8a4683e4803e2e236888da3ac0f71a76a3b445ffbe4109,MPT,MPT,other,unified_chip2/108852,7.468098192475736e-05,3.4350796340731904e-06,0.9999217987060547
c97a509d7330528fb08066bac29cfbcbce487cca3548c031f69ca68fe64fe4e3,ChatGLM,ChatGLM,other,unified_chip2/98777,0.9941167831420898,0.005741732195019722,0.00014144291344564408
c97a509d7330528fb08066bac29cfbcbce487cca3548c031f69ca68fe64fe4e3,MPT,MPT,other,unified_chip2/98777,9.221603977493942e-05,1.2983720807824284e-05,0.9998947381973267
c97a509d7330528fb08066bac29cfbcbce487cca3548c031f69ca68fe64fe4e3,Flan-T5,Flan-T5,other,unified_chip2/98777,0.008134803734719753,0.9915594458580017,0.00030571347451768816
f0502e9712d94dd8d28b94d3cff8e0941c36de199e3d75a77d7187833e1e551f,Flan-T5,Flan-T5,other,unified_chip2/95152,0.0011570150963962078,0.9976077079772949,0.001235279138199985
f0502e9712d94dd8d28b94d3cff8e0941c36de199e3d75a77d7187833e1e551f,ChatGLM,ChatGLM,other,unified_chip2/95152,0.9995757937431335,0.00035339200985617936,7.078029011609033e-05
f0502e9712d94dd8d28b94d3cff8e0941c36de199e3d75a77d7187833e1e551f,MPT,MPT,other,unified_chip2/95152,4.554425322567113e-05,1.0737302545749117e-05,0.999943733215332
3270dd64376d357c2458ded7ef3ffcb78f7f8345dbdadae6aac267a7e5e8d0c7,ChatGLM,ChatGLM,other,dolly_15k/general_qa/1255,0.999729335308075,0.00025205727433785796,1.8616679881233722e-05
3270dd64376d357c2458ded7ef3ffcb78f7f8345dbdadae6aac267a7e5e8d0c7,Flan-T5,Flan-T5,other,dolly_15k/general_qa/1255,0.00032450322760269046,0.9990862607955933,0.0005892579210922122
3270dd64376d357c2458ded7ef3ffcb78f7f8345dbdadae6aac267a7e5e8d0c7,MPT,MPT,other,dolly_15k/general_qa/1255,0.00020194750686641783,3.309635303594405e-06,0.9997947812080383
496f64e1c0af0ac068bee472f00aab9a3552b88d1d3458cb7b1d89162774cbb6,Flan-T5,Flan-T5,other,unified_chip2/141205,0.011667841114103794,0.9843785166740417,0.003953665494918823
496f64e1c0af0ac068bee472f00aab9a3552b88d1d3458cb7b1d89162774cbb6,ChatGLM,ChatGLM,other,unified_chip2/141205,0.9998701810836792,2.7054857127950527e-05,0.00010276256944052875
496f64e1c0af0ac068bee472f00aab9a3552b88d1d3458cb7b1d89162774cbb6,MPT,MPT,other,unified_chip2/141205,0.0016800339799374342,0.0008263138588517904,0.9974936246871948
37c17ca56051e0a973fec08774bc3ebf9076690a800f31b28073d38cd4915ddc,Flan-T5,Flan-T5,other,unified_chip2/142829,0.11451689898967743,0.8853548765182495,0.000128257175674662
37c17ca56051e0a973fec08774bc3ebf9076690a800f31b28073d38cd4915ddc,MPT,MPT,other,unified_chip2/142829,5.562991646002047e-05,7.526935951318592e-05,0.9998691082000732
37c17ca56051e0a973fec08774bc3ebf9076690a800f31b28073d38cd4915ddc,ChatGLM,ChatGLM,other,unified_chip2/142829,0.9995112419128418,0.0004597098159138113,2.904014581872616e-05
88302fc3700f5eb466afd8aa3e57285c94314ed033a987686793da82ec266cbf,MPT,MPT,other,unified_chip2/17471,3.38121535605751e-05,0.000275307334959507,0.9996908903121948
88302fc3700f5eb466afd8aa3e57285c94314ed033a987686793da82ec266cbf,ChatGLM,ChatGLM,other,unified_chip2/17471,0.9999698400497437,2.452682201692369e-05,5.619502644549357e-06
88302fc3700f5eb466afd8aa3e57285c94314ed033a987686793da82ec266cbf,Flan-T5,Flan-T5,other,unified_chip2/17471,0.012584159150719643,0.9816426634788513,0.005773206707090139
e5469360b92a09c665be949c1330d4c273340fd92eaae2dd1f1020f88bc7ee09,MPT,MPT,other,unified_chip2/45889,2.782454430416692e-05,0.00011958750837948173,0.9998526573181152
e5469360b92a09c665be949c1330d4c273340fd92eaae2dd1f1020f88bc7ee09,ChatGLM,ChatGLM,other,unified_chip2/45889,0.999320387840271,0.0006236784975044429,5.593615060206503e-05
e5469360b92a09c665be949c1330d4c273340fd92eaae2dd1f1020f88bc7ee09,Flan-T5,ChatGLM,other,unified_chip2/45889,0.8088818788528442,0.19101709127426147,0.00010104785178555176
878e6e40114a902d011ded52aec36a95d1069fd1dd80f38dcb41450b9e25d146,Flan-T5,Flan-T5,other,unified_chip2/5018,0.0030261629726737738,0.9936435222625732,0.003330289153382182
878e6e40114a902d011ded52aec36a95d1069fd1dd80f38dcb41450b9e25d146,MPT,MPT,other,unified_chip2/5018,0.0002399664226686582,8.801760850474238e-05,0.9996719360351562
878e6e40114a902d011ded52aec36a95d1069fd1dd80f38dcb41450b9e25d146,ChatGLM,ChatGLM,other,unified_chip2/5018,0.9968275427818298,0.00305173359811306,0.00012075424456270412
0572a1b7045318e1311cfadca60f715c1d682e74f9ef31158cea81ca34452876,MPT,MPT,other,unified_chip2/94785,0.0002916493685916066,6.671077244391199e-06,0.9997016787528992
0572a1b7045318e1311cfadca60f715c1d682e74f9ef31158cea81ca34452876,Flan-T5,Flan-T5,other,unified_chip2/94785,0.0011607464402914047,0.9974971413612366,0.0013420928735285997
0572a1b7045318e1311cfadca60f715c1d682e74f9ef31158cea81ca34452876,ChatGLM,ChatGLM,other,unified_chip2/94785,0.999596893787384,2.2653268388239667e-05,0.00038048281567171216
24d1c0c222f886b22d5eaa78f004e14ae70e36348b6429753c0b0961f9ab2adf,ChatGLM,ChatGLM,other,unified_chip2/67074,0.9997547268867493,9.948896331479773e-05,0.00014571960491593927
24d1c0c222f886b22d5eaa78f004e14ae70e36348b6429753c0b0961f9ab2adf,Flan-T5,Flan-T5,other,unified_chip2/67074,0.0017552452627569437,0.9980872273445129,0.0001575419446453452
24d1c0c222f886b22d5eaa78f004e14ae70e36348b6429753c0b0961f9ab2adf,MPT,MPT,other,unified_chip2/67074,0.0018714993493631482,3.639082933659665e-05,0.9980921149253845
caaf1301983f405807414a51a3fde67b1d328f49e2eb369f5359905572a9c845,Flan-T5,Flan-T5,other,dolly_15k/classification/675,0.4197884798049927,0.5702779293060303,0.00993358064442873
caaf1301983f405807414a51a3fde67b1d328f49e2eb369f5359905572a9c845,MPT,MPT,other,dolly_15k/classification/675,0.0007808055961504579,0.0002073978102998808,0.9990118741989136
caaf1301983f405807414a51a3fde67b1d328f49e2eb369f5359905572a9c845,ChatGLM,Flan-T5,other,dolly_15k/classification/675,0.19140097498893738,0.8084719777107239,0.00012704233813565224
9033ef5d6ddc44a8748c9affbd30b9cdcec66a363fea4bc2fccc43de6941e51e,ChatGLM,ChatGLM,other,unified_chip2/161617,0.9914529323577881,0.00025470979744568467,0.008292301557958126
9033ef5d6ddc44a8748c9affbd30b9cdcec66a363fea4bc2fccc43de6941e51e,Flan-T5,Flan-T5,other,unified_chip2/161617,0.0013344223843887448,0.9981299042701721,0.0005356278852559626
9033ef5d6ddc44a8748c9affbd30b9cdcec66a363fea4bc2fccc43de6941e51e,MPT,MPT,other,unified_chip2/161617,0.1333073377609253,0.002488833386451006,0.864203929901123
946e13a56d775a9ce26dc2576cc5f1b51c4fd2f67f33747f9cffb4262ec4daad,MPT,ChatGLM,other,unified_chip2/119818,0.5971977114677429,0.01991255208849907,0.3828897476196289
946e13a56d775a9ce26dc2576cc5f1b51c4fd2f67f33747f9cffb4262ec4daad,Flan-T5,Flan-T5,other,unified_chip2/119818,0.0036728361155837774,0.9957597851753235,0.0005673377891071141
946e13a56d775a9ce26dc2576cc5f1b51c4fd2f67f33747f9cffb4262ec4daad,ChatGLM,ChatGLM,other,unified_chip2/119818,0.9982900023460388,0.001687738811597228,2.2243737475946546e-05
fa82a895daef2b658f43cd0ce148bae2754b360fcc7cfb7b62749883f68e3c76,MPT,MPT,other,unified_chip2/149113,0.00030383089324459434,1.0000954716815613e-05,0.9996861219406128
fa82a895daef2b658f43cd0ce148bae2754b360fcc7cfb7b62749883f68e3c76,Flan-T5,Flan-T5,other,unified_chip2/149113,0.06263695657253265,0.934136152267456,0.0032268872018903494
fa82a895daef2b658f43cd0ce148bae2754b360fcc7cfb7b62749883f68e3c76,ChatGLM,ChatGLM,other,unified_chip2/149113,0.992448091506958,0.00028578098863363266,0.007266034837812185
ebf338c4411ed1edc862b5ef075269f73c12d5ef39c40f422d43dcc13ae0d1ce,ChatGLM,ChatGLM,other,unified_chip2/153673,0.9999727010726929,9.113414307648782e-06,1.8236087271361612e-05
ebf338c4411ed1edc862b5ef075269f73c12d5ef39c40f422d43dcc13ae0d1ce,Flan-T5,Flan-T5,other,unified_chip2/153673,0.007806976325809956,0.9921293258666992,6.36788026895374e-05
ebf338c4411ed1edc862b5ef075269f73c12d5ef39c40f422d43dcc13ae0d1ce,MPT,MPT,other,unified_chip2/153673,0.0008712300332263112,5.034040441387333e-05,0.9990783929824829
4322766cf07a090b1de13182c13f573cd5409e563f7a8b4b06e6dd7092042a6b,ChatGLM,ChatGLM,other,unified_chip2/103652,0.999884843826294,2.8807831768062897e-05,8.635078847873956e-05
4322766cf07a090b1de13182c13f573cd5409e563f7a8b4b06e6dd7092042a6b,MPT,MPT,other,unified_chip2/103652,0.0001519534271210432,1.3640378710988443e-05,0.999834418296814
4322766cf07a090b1de13182c13f573cd5409e563f7a8b4b06e6dd7092042a6b,Flan-T5,Flan-T5,other,unified_chip2/103652,0.0017552452627569437,0.9980872273445129,0.0001575419446453452
b1b537f3f47e930df7d6d160f5d2f908a9c5ce2bf832be3deaf580591223c3b9,MPT,MPT,other,unified_chip2/67607,0.000989322317764163,9.529043745715171e-05,0.998915433883667
b1b537f3f47e930df7d6d160f5d2f908a9c5ce2bf832be3deaf580591223c3b9,Flan-T5,Flan-T5,other,unified_chip2/67607,0.002592936158180237,0.9973481893539429,5.8915022236760706e-05
b1b537f3f47e930df7d6d160f5d2f908a9c5ce2bf832be3deaf580591223c3b9,ChatGLM,ChatGLM,other,unified_chip2/67607,0.9999642372131348,3.268486398155801e-05,3.0781416171521414e-06
681a00175f21f81ab9858ca149266f6ef4e775b46f665ec90e2b0714b5a2681a,ChatGLM,ChatGLM,other,unified_chip2/157075,0.9998051524162292,3.960334288422018e-05,0.00015534997510258108
681a00175f21f81ab9858ca149266f6ef4e775b46f665ec90e2b0714b5a2681a,Flan-T5,Flan-T5,other,unified_chip2/157075,0.47738274931907654,0.5224410891532898,0.00017612773808650672
681a00175f21f81ab9858ca149266f6ef4e775b46f665ec90e2b0714b5a2681a,MPT,MPT,other,unified_chip2/157075,0.04579579830169678,0.005155280232429504,0.9490489959716797
82167033cb98cb7242f366f342193fd52c2c55e4419888d6eb75fbea80cc0670,ChatGLM,ChatGLM,other,unified_chip2/133993,0.9970548152923584,0.0027332864701747894,0.00021186927915550768
82167033cb98cb7242f366f342193fd52c2c55e4419888d6eb75fbea80cc0670,MPT,MPT,other,unified_chip2/133993,8.591714140493423e-05,5.487740054377355e-06,0.9999085664749146
82167033cb98cb7242f366f342193fd52c2c55e4419888d6eb75fbea80cc0670,Flan-T5,Flan-T5,other,unified_chip2/133993,0.00024372278130613267,0.9993058443069458,0.00045041917474009097
cd87a0296094846e936ac9c74aec9a142f313442f330a8e1d070fd4a3a13767c,Flan-T5,Flan-T5,other,unified_chip2/22363,0.007604015991091728,0.989425778388977,0.0029701702296733856
cd87a0296094846e936ac9c74aec9a142f313442f330a8e1d070fd4a3a13767c,ChatGLM,ChatGLM,other,unified_chip2/22363,0.9998586177825928,0.00010884374933084473,3.2551299227634445e-05
cd87a0296094846e936ac9c74aec9a142f313442f330a8e1d070fd4a3a13767c,MPT,MPT,other,unified_chip2/22363,3.489252048893832e-05,5.317513114277972e-06,0.9999597072601318
4ad89f8e8b281a358acb5679d22000a7bde996fd02bc0a8fdb28e859492287ca,ChatGLM,ChatGLM,other,unified_chip2/53103,0.9987812638282776,8.306257768708747e-06,0.0012103765038773417
4ad89f8e8b281a358acb5679d22000a7bde996fd02bc0a8fdb28e859492287ca,MPT,MPT,other,unified_chip2/53103,6.0656151617877185e-05,1.7994882000493817e-05,0.9999213218688965
4ad89f8e8b281a358acb5679d22000a7bde996fd02bc0a8fdb28e859492287ca,Flan-T5,Flan-T5,other,unified_chip2/53103,0.002981974044814706,0.9970024228096008,1.5578569218632765e-05
49344883ac53e12efdddb0ea0e7e342d4c53d6bba34025766d524ca44078460b,MPT,MPT,other,unified_chip2/21907,0.0002365993132116273,6.612026481889188e-05,0.9996973276138306
49344883ac53e12efdddb0ea0e7e342d4c53d6bba34025766d524ca44078460b,Flan-T5,Flan-T5,other,unified_chip2/21907,0.0029882111120969057,0.9935506582260132,0.0034610526636242867
49344883ac53e12efdddb0ea0e7e342d4c53d6bba34025766d524ca44078460b,ChatGLM,ChatGLM,other,unified_chip2/21907,0.999784529209137,0.00018965410708915442,2.5848052246146835e-05
c1565fed29a88986fd61f62c96a509ebfaecaba6f63288bf835dfc8748623dd3,Flan-T5,Flan-T5,other,unified_chip2/122889,0.0040248301811516285,0.9949862957000732,0.000988905318081379
c1565fed29a88986fd61f62c96a509ebfaecaba6f63288bf835dfc8748623dd3,MPT,MPT,other,unified_chip2/122889,0.00012397271348163486,4.674061528930906e-06,0.9998713731765747
c1565fed29a88986fd61f62c96a509ebfaecaba6f63288bf835dfc8748623dd3,ChatGLM,ChatGLM,other,unified_chip2/122889,0.9996016621589661,0.00039070495404303074,7.612704848725116e-06
3dd529baa7bbf3cf25c857a0ab82913a6398f91f87f6f22590c298ec42435b4c,Flan-T5,Flan-T5,other,unified_chip2/20435,0.00025254086358472705,0.9996892213821411,5.8206838730257004e-05
3dd529baa7bbf3cf25c857a0ab82913a6398f91f87f6f22590c298ec42435b4c,ChatGLM,ChatGLM,other,unified_chip2/20435,0.9996198415756226,2.393543218204286e-05,0.0003562206693459302
3dd529baa7bbf3cf25c857a0ab82913a6398f91f87f6f22590c298ec42435b4c,MPT,MPT,other,unified_chip2/20435,2.5237064619432203e-05,1.1485716640891042e-05,0.9999632835388184
3811571ebb3779418737813db78ac62fd0be32a9f97cac795290f0aa4b45f31c,MPT,ChatGLM,other,unified_chip2/27319,0.773078978061676,0.02568749524652958,0.20123350620269775
3811571ebb3779418737813db78ac62fd0be32a9f97cac795290f0aa4b45f31c,ChatGLM,ChatGLM,other,unified_chip2/27319,0.9993534684181213,0.00013805011985823512,0.0005084993899799883
3811571ebb3779418737813db78ac62fd0be32a9f97cac795290f0aa4b45f31c,Flan-T5,Flan-T5,other,unified_chip2/27319,0.0037902011536061764,0.995866060256958,0.00034378268173895776
518ce74607c53362ace5edfaf4e85dfc32878db4fdbb06cc7762fa8ee04b38ea,MPT,MPT,other,unified_chip2/3394,0.0567815899848938,0.00817183405160904,0.9350466132164001
518ce74607c53362ace5edfaf4e85dfc32878db4fdbb06cc7762fa8ee04b38ea,ChatGLM,ChatGLM,other,unified_chip2/3394,0.9956170320510864,0.004305414855480194,7.756268314551562e-05
518ce74607c53362ace5edfaf4e85dfc32878db4fdbb06cc7762fa8ee04b38ea,Flan-T5,Flan-T5,other,unified_chip2/3394,0.052558768540620804,0.9373077154159546,0.01013344619423151
2782bb32abff116b95196f8a8cddbe648ab3a871ef3bdfc81cee346d3a884a5e,MPT,MPT,other,dolly_15k/general_qa/1296,0.0016760434955358505,5.6727210903773084e-05,0.9982671737670898
2782bb32abff116b95196f8a8cddbe648ab3a871ef3bdfc81cee346d3a884a5e,Flan-T5,Flan-T5,other,dolly_15k/general_qa/1296,0.032863128930330276,0.9569986462593079,0.010138223879039288
2782bb32abff116b95196f8a8cddbe648ab3a871ef3bdfc81cee346d3a884a5e,ChatGLM,ChatGLM,other,dolly_15k/general_qa/1296,0.9985195994377136,0.001435782527551055,4.469153282116167e-05
7f2e5d5a3f4dcb8a18fadcec95104a21f1dbbb3605e55b712fdc3ac37667b857,ChatGLM,ChatGLM,other,unified_chip2/43941,0.9998936653137207,9.709719597594813e-05,9.132234481512569e-06
7f2e5d5a3f4dcb8a18fadcec95104a21f1dbbb3605e55b712fdc3ac37667b857,MPT,MPT,other,unified_chip2/43941,9.704883996164426e-05,2.972815309476573e-05,0.9998732805252075
7f2e5d5a3f4dcb8a18fadcec95104a21f1dbbb3605e55b712fdc3ac37667b857,Flan-T5,Flan-T5,other,unified_chip2/43941,0.0005323361838236451,0.999126136302948,0.0003415477694943547
502779f55d5640e1047d6ae5d8e059b15dea897e5eb0f98a963e41cba0906094,Flan-T5,Flan-T5,other,unified_chip2/161576,0.00037959255860187113,0.9994091987609863,0.00021118261793162674
502779f55d5640e1047d6ae5d8e059b15dea897e5eb0f98a963e41cba0906094,MPT,MPT,other,unified_chip2/161576,4.380206883070059e-05,3.920552899217e-06,0.9999523162841797
502779f55d5640e1047d6ae5d8e059b15dea897e5eb0f98a963e41cba0906094,ChatGLM,ChatGLM,other,unified_chip2/161576,0.9993703961372375,2.274263351864647e-05,0.0006069018272683024
7467e9205f345938f1cb405550a1b5ea361cdf44edfa81548e0c705c0d0d94a5,MPT,MPT,other,unified_chip2/126149,0.000667225627694279,9.839114500209689e-05,0.9992344379425049
7467e9205f345938f1cb405550a1b5ea361cdf44edfa81548e0c705c0d0d94a5,ChatGLM,ChatGLM,other,unified_chip2/126149,0.999735414981842,0.0001833920832723379,8.116589742712677e-05
7467e9205f345938f1cb405550a1b5ea361cdf44edfa81548e0c705c0d0d94a5,Flan-T5,Flan-T5,other,unified_chip2/126149,0.0013978468487039208,0.9985394477844238,6.273126200539991e-05
e42230b6b7b4e400baf04d6542f60249a19faa33966a16555d79339ad0ff58aa,ChatGLM,ChatGLM,other,unified_chip2/76688,0.9966562986373901,0.0001592627668287605,0.0031845145858824253
e42230b6b7b4e400baf04d6542f60249a19faa33966a16555d79339ad0ff58aa,MPT,MPT,other,unified_chip2/76688,0.00022057865862734616,4.2542695155134425e-05,0.9997368454933167
e42230b6b7b4e400baf04d6542f60249a19faa33966a16555d79339ad0ff58aa,Flan-T5,Flan-T5,other,unified_chip2/76688,0.02060420624911785,0.9793410897254944,5.4648287914460525e-05
aa723e210c2e1f287db713845565bf45693d363d59c94d8858bc223410e90915,MPT,MPT,other,dolly_15k/open_qa/636,0.06700880825519562,0.0013452029088512063,0.9316460490226746
aa723e210c2e1f287db713845565bf45693d363d59c94d8858bc223410e90915,ChatGLM,ChatGLM,other,dolly_15k/open_qa/636,0.9994356036186218,0.0005436124629341066,2.0750429030158557e-05
aa723e210c2e1f287db713845565bf45693d363d59c94d8858bc223410e90915,Flan-T5,Flan-T5,other,dolly_15k/open_qa/636,0.006380423437803984,0.9914184808731079,0.0022010288666933775
487a80cb398ab9de9de1f095b88fec0b2b857c1ba0e7b3efa1b6f347ad74b7ea,Flan-T5,Flan-T5,other,dolly_15k/classification/1806,0.32841235399246216,0.6666132807731628,0.004974375944584608
487a80cb398ab9de9de1f095b88fec0b2b857c1ba0e7b3efa1b6f347ad74b7ea,MPT,MPT,other,dolly_15k/classification/1806,0.03251311555504799,3.188374830642715e-05,0.9674550294876099
487a80cb398ab9de9de1f095b88fec0b2b857c1ba0e7b3efa1b6f347ad74b7ea,ChatGLM,ChatGLM,other,dolly_15k/classification/1806,0.8547833561897278,0.02108265645802021,0.12413403391838074
9e17c61b8de6738f945b25bb1d28a50a5d9b0236274e5f9ee49e002ff590630c,Flan-T5,Flan-T5,other,unified_chip2/24431,0.030972108244895935,0.9687276482582092,0.00030026742024347186
9e17c61b8de6738f945b25bb1d28a50a5d9b0236274e5f9ee49e002ff590630c,MPT,MPT,other,unified_chip2/24431,1.9026179870706983e-05,1.2257286471140105e-05,0.9999686479568481
9e17c61b8de6738f945b25bb1d28a50a5d9b0236274e5f9ee49e002ff590630c,ChatGLM,ChatGLM,other,unified_chip2/24431,0.9999078512191772,6.4579489844618365e-06,8.566672477172688e-05
13e69f7877d6ae84b071c951c54ffeb7a8905396f8a366f336776627819d6315,Flan-T5,Flan-T5,other,unified_chip2/132602,0.004931266885250807,0.994200587272644,0.0008682291372679174
13e69f7877d6ae84b071c951c54ffeb7a8905396f8a366f336776627819d6315,MPT,MPT,other,unified_chip2/132602,0.047835156321525574,0.012037371285259724,0.9401273727416992
13e69f7877d6ae84b071c951c54ffeb7a8905396f8a366f336776627819d6315,ChatGLM,ChatGLM,other,unified_chip2/132602,0.9998688697814941,8.02807480795309e-05,5.0726586778182536e-05
b8aa23fbe5fe2d35025c5f864581ed665f0aa0655f79cbaef96001b04131e6cf,ChatGLM,Flan-T5,other,dolly_15k/open_qa/1666,0.044544484466314316,0.9079296588897705,0.04752587899565697
b8aa23fbe5fe2d35025c5f864581ed665f0aa0655f79cbaef96001b04131e6cf,MPT,MPT,other,dolly_15k/open_qa/1666,0.00938352569937706,2.4005421437323093e-06,0.9906140565872192
b8aa23fbe5fe2d35025c5f864581ed665f0aa0655f79cbaef96001b04131e6cf,Flan-T5,Flan-T5,other,dolly_15k/open_qa/1666,0.04623051732778549,0.9435046315193176,0.010264867916703224
ce83c99ec3323f5cf98d897b925a68568ad42f1fbb6e5208cc50a82d62059cd6,MPT,MPT,other,dolly_15k/open_qa/536,0.23169100284576416,0.0006605956004932523,0.7676483392715454
ce83c99ec3323f5cf98d897b925a68568ad42f1fbb6e5208cc50a82d62059cd6,ChatGLM,ChatGLM,other,dolly_15k/open_qa/536,0.9662722945213318,0.03369935229420662,2.8343050871626474e-05
ce83c99ec3323f5cf98d897b925a68568ad42f1fbb6e5208cc50a82d62059cd6,Flan-T5,Flan-T5,other,dolly_15k/open_qa/536,0.022059107199311256,0.9775285124778748,0.0004124504921492189
82ae4af7bbb43e7502d6f7ff0657c5fd3fdd13f4cacd96beed6a92a00d8a4a5b,MPT,MPT,other,unified_chip2/25874,2.72488559858175e-05,7.481214561266825e-05,0.999897837638855
82ae4af7bbb43e7502d6f7ff0657c5fd3fdd13f4cacd96beed6a92a00d8a4a5b,Flan-T5,Flan-T5,other,unified_chip2/25874,0.0014403536915779114,0.998465895652771,9.378715913044289e-05
82ae4af7bbb43e7502d6f7ff0657c5fd3fdd13f4cacd96beed6a92a00d8a4a5b,ChatGLM,ChatGLM,other,unified_chip2/25874,0.9998952150344849,1.4057994121685624e-05,9.072356624528766e-05
47ca573859b949e240860d0c7bd091cc6788e760047fc39b29899f4b8ac230c8,MPT,MPT,other,unified_chip2/28567,1.550735396449454e-05,1.3414648492471315e-05,0.9999710321426392
47ca573859b949e240860d0c7bd091cc6788e760047fc39b29899f4b8ac230c8,Flan-T5,Flan-T5,other,unified_chip2/28567,0.0005608717910945415,0.9991053938865662,0.0003336546942591667
47ca573859b949e240860d0c7bd091cc6788e760047fc39b29899f4b8ac230c8,ChatGLM,ChatGLM,other,unified_chip2/28567,0.9998959302902222,6.258728535613045e-05,4.15316317230463e-05
4fcb054d5e2a90ae58dce73b22988e87296ec4ae265f900dfc838101902363bb,Flan-T5,Flan-T5,other,unified_chip2/109743,0.0008710958063602448,0.9990102052688599,0.00011870985326822847
4fcb054d5e2a90ae58dce73b22988e87296ec4ae265f900dfc838101902363bb,MPT,MPT,other,unified_chip2/109743,0.00020841580408159643,1.9754113964154385e-05,0.999771773815155
4fcb054d5e2a90ae58dce73b22988e87296ec4ae265f900dfc838101902363bb,ChatGLM,ChatGLM,other,unified_chip2/109743,0.9997497200965881,8.483149940730073e-06,0.00024177139857783914
49a8be5996bb938bb3032f8d328889aab6424026ae7ff4f259f91e9b330f5b4d,MPT,MPT,other,unified_chip2/30417,3.0139506634441204e-05,3.893039490776573e-07,0.999969482421875
49a8be5996bb938bb3032f8d328889aab6424026ae7ff4f259f91e9b330f5b4d,ChatGLM,ChatGLM,other,unified_chip2/30417,0.9999582767486572,3.4314605727558956e-05,7.425811872963095e-06
49a8be5996bb938bb3032f8d328889aab6424026ae7ff4f259f91e9b330f5b4d,Flan-T5,Flan-T5,other,unified_chip2/30417,0.019604958593845367,0.9803155064582825,7.950959115987644e-05
2db30f90e378d5a54df37fd5ea4464e2c0c68fad9c1680aeed04160905307f54,ChatGLM,ChatGLM,other,unified_chip2/162364,0.9908148646354675,0.009093496948480606,9.168031101580709e-05
2db30f90e378d5a54df37fd5ea4464e2c0c68fad9c1680aeed04160905307f54,MPT,MPT,other,unified_chip2/162364,0.00027989415684714913,0.0004914626479148865,0.9992285966873169
2db30f90e378d5a54df37fd5ea4464e2c0c68fad9c1680aeed04160905307f54,Flan-T5,Flan-T5,other,unified_chip2/162364,0.07256866991519928,0.9273859858512878,4.533497485681437e-05
aeb81f48b34547fd7d2880cf1aacf228cbfefbb904cf95a99366b831879a733d,ChatGLM,ChatGLM,other,unified_chip2/163305,0.9995218515396118,1.206306023959769e-05,0.00046611097059212625
aeb81f48b34547fd7d2880cf1aacf228cbfefbb904cf95a99366b831879a733d,MPT,MPT,other,unified_chip2/163305,9.179687913274392e-05,2.0134784790570848e-06,0.9999061822891235
aeb81f48b34547fd7d2880cf1aacf228cbfefbb904cf95a99366b831879a733d,Flan-T5,Flan-T5,other,unified_chip2/163305,0.08256702870130539,0.917319118976593,0.00011385590914869681
5d656830f071d85a60fcf75c0bf3ac3d15ba6ded2a606e4c8b2ffa68f61f3057,Flan-T5,Flan-T5,other,unified_chip2/108361,0.005265400744974613,0.9942135214805603,0.0005210195668041706
5d656830f071d85a60fcf75c0bf3ac3d15ba6ded2a606e4c8b2ffa68f61f3057,ChatGLM,ChatGLM,other,unified_chip2/108361,0.9999814033508301,1.4899015695846174e-05,3.660867832877557e-06
5d656830f071d85a60fcf75c0bf3ac3d15ba6ded2a606e4c8b2ffa68f61f3057,MPT,MPT,other,unified_chip2/108361,9.569141548126936e-05,4.839046710003458e-07,0.9999037981033325
250efffc6fd8489663812848012c838cd9e2eb514eecc411ca8588ec7ff1263a,ChatGLM,ChatGLM,other,unified_chip2/164952,0.9998524188995361,0.00014279181777965277,4.753439498017542e-06
250efffc6fd8489663812848012c838cd9e2eb514eecc411ca8588ec7ff1263a,Flan-T5,Flan-T5,other,unified_chip2/164952,0.0055725532583892345,0.9909675717353821,0.003459911560639739
250efffc6fd8489663812848012c838cd9e2eb514eecc411ca8588ec7ff1263a,MPT,MPT,other,unified_chip2/164952,0.012766261585056782,0.0002597009006422013,0.9869740009307861
ea6e088b8ed0d5017df058135d761c769bb332502ceecab9e0cf36a05f47b2a2,Flan-T5,Flan-T5,other,unified_chip2/14100,0.009683714248239994,0.9891381859779358,0.0011780594941228628
ea6e088b8ed0d5017df058135d761c769bb332502ceecab9e0cf36a05f47b2a2,ChatGLM,ChatGLM,other,unified_chip2/14100,0.9997588992118835,0.0001172089105239138,0.00012397780665196478
ea6e088b8ed0d5017df058135d761c769bb332502ceecab9e0cf36a05f47b2a2,MPT,MPT,other,unified_chip2/14100,3.371954517206177e-05,3.97266740037594e-05,0.9999265670776367
e8dbe219ea33b6dac8ae41c0730a8baa8e4d96ba064a7e9a9e545058250617fe,ChatGLM,ChatGLM,other,unified_chip2/128721,0.998464822769165,0.00012042967136949301,0.0014147392939776182
e8dbe219ea33b6dac8ae41c0730a8baa8e4d96ba064a7e9a9e545058250617fe,MPT,MPT,other,unified_chip2/128721,0.2355857491493225,0.11696687340736389,0.647447407245636
e8dbe219ea33b6dac8ae41c0730a8baa8e4d96ba064a7e9a9e545058250617fe,Flan-T5,Flan-T5,other,unified_chip2/128721,0.003378181951120496,0.9954515099525452,0.001170295407064259
d6c37de12b971989ebab7d582aea15e19aa1d3efa1e37635d0313fccb8645f70,MPT,MPT,other,unified_chip2/31220,0.002460178919136524,0.005836945958435535,0.9917028546333313
d6c37de12b971989ebab7d582aea15e19aa1d3efa1e37635d0313fccb8645f70,Flan-T5,Flan-T5,other,unified_chip2/31220,0.026379091665148735,0.9733529686927795,0.0002679112076293677
d6c37de12b971989ebab7d582aea15e19aa1d3efa1e37635d0313fccb8645f70,ChatGLM,ChatGLM,other,unified_chip2/31220,0.9989556074142456,0.00010463544458616525,0.0009396736277267337
659e375e8552af661bd1691998823dc28cec0ec454b759163f104826d1c6fe79,Flan-T5,Flan-T5,other,unified_chip2/81366,0.16353897750377655,0.8362118601799011,0.0002492156927473843
659e375e8552af661bd1691998823dc28cec0ec454b759163f104826d1c6fe79,ChatGLM,ChatGLM,other,unified_chip2/81366,0.9999743700027466,1.037051151797641e-05,1.527584026916884e-05
659e375e8552af661bd1691998823dc28cec0ec454b759163f104826d1c6fe79,MPT,MPT,other,unified_chip2/81366,0.0008373615564778447,0.00028825868503190577,0.9988743662834167
03d72ab391c710f2f920602eb54dc3cb2e61f0f51b23e50d0fa50b1f243674fb,ChatGLM,ChatGLM,other,unified_chip2/80094,0.9998666048049927,0.00012660004722420126,6.809779279137729e-06
03d72ab391c710f2f920602eb54dc3cb2e61f0f51b23e50d0fa50b1f243674fb,MPT,MPT,other,unified_chip2/80094,0.00011339120828779414,5.606674449154525e-07,0.9998860359191895
03d72ab391c710f2f920602eb54dc3cb2e61f0f51b23e50d0fa50b1f243674fb,Flan-T5,Flan-T5,other,unified_chip2/80094,0.003761418629437685,0.9946547746658325,0.0015837696846574545
d728f2f2c4bcc14c5c896e66e1ec1f856338c09065dbd2a1cab1134e54308195,ChatGLM,ChatGLM,other,dolly_15k/classification/1963,0.9491329789161682,0.014409390278160572,0.0364576019346714
d728f2f2c4bcc14c5c896e66e1ec1f856338c09065dbd2a1cab1134e54308195,Flan-T5,Flan-T5,other,dolly_15k/classification/1963,0.016612760722637177,0.9523467421531677,0.03104046918451786
d728f2f2c4bcc14c5c896e66e1ec1f856338c09065dbd2a1cab1134e54308195,MPT,MPT,other,dolly_15k/classification/1963,6.082968684495427e-05,2.7818590751849115e-05,0.9999114274978638
e419fbb7462f6e4eb587e6c7a2f4dac3c912fc515e711ecac36e118b5333e8b2,MPT,MPT,other,unified_chip2/28680,3.920062226825394e-05,0.00013411094550974667,0.9998267292976379
e419fbb7462f6e4eb587e6c7a2f4dac3c912fc515e711ecac36e118b5333e8b2,Flan-T5,Flan-T5,other,unified_chip2/28680,0.006824546027928591,0.9913420081138611,0.0018334456253796816
e419fbb7462f6e4eb587e6c7a2f4dac3c912fc515e711ecac36e118b5333e8b2,ChatGLM,ChatGLM,other,unified_chip2/28680,0.9999769926071167,5.881922334083356e-06,1.7129446860053577e-05
7ba366df2dd9171d2c780322148fa8f5d3e4956870b34e278ce6532f850da2cc,Flan-T5,Flan-T5,other,unified_chip2/49984,0.00636195857077837,0.993306577205658,0.0003314986824989319
7ba366df2dd9171d2c780322148fa8f5d3e4956870b34e278ce6532f850da2cc,ChatGLM,ChatGLM,other,unified_chip2/49984,0.9988318085670471,0.0011437931098043919,2.441750439174939e-05
7ba366df2dd9171d2c780322148fa8f5d3e4956870b34e278ce6532f850da2cc,MPT,MPT,other,unified_chip2/49984,3.49143665516749e-05,2.080971626128303e-06,0.9999630451202393
151b1830a7b82ee79e05adb1077ffa8800d3d6218ef564207e51a56d6edefc4b,MPT,MPT,other,unified_chip2/88973,0.00022492937569040805,8.785696991253644e-06,0.9997662901878357
151b1830a7b82ee79e05adb1077ffa8800d3d6218ef564207e51a56d6edefc4b,Flan-T5,Flan-T5,other,unified_chip2/88973,0.003464375389739871,0.9963523149490356,0.0001832790585467592
151b1830a7b82ee79e05adb1077ffa8800d3d6218ef564207e51a56d6edefc4b,ChatGLM,ChatGLM,other,unified_chip2/88973,0.9995526671409607,0.00012936146231368184,0.000317932921461761
6d2bc670ae7610fc9c814ee333a7c4c1c1cb16f8806883e1c252ff809dd25f20,ChatGLM,ChatGLM,other,unified_chip2/80979,0.9996293783187866,1.3372434750635875e-06,0.00036924838786944747
6d2bc670ae7610fc9c814ee333a7c4c1c1cb16f8806883e1c252ff809dd25f20,Flan-T5,Flan-T5,other,unified_chip2/80979,0.03388238325715065,0.9659753441810608,0.0001422672939952463
6d2bc670ae7610fc9c814ee333a7c4c1c1cb16f8806883e1c252ff809dd25f20,MPT,MPT,other,unified_chip2/80979,2.3625707399332896e-05,5.682311893906444e-06,0.9999706745147705
45e662369a18dff77cd3e13f789584546c27f445b2557903a767948de3549565,ChatGLM,ChatGLM,other,unified_chip2/141280,0.9998995065689087,6.166955427033827e-05,3.8881109503563493e-05
45e662369a18dff77cd3e13f789584546c27f445b2557903a767948de3549565,Flan-T5,Flan-T5,other,unified_chip2/141280,0.0017552452627569437,0.9980872273445129,0.0001575419446453452
45e662369a18dff77cd3e13f789584546c27f445b2557903a767948de3549565,MPT,MPT,other,unified_chip2/141280,0.0025352216325700283,0.0010507680708542466,0.9964140057563782
be85cb8fe4bfe5d43e81b3c036e75a28bbf23251b2bdefeae8b9e9d602bbdccc,Flan-T5,Flan-T5,other,unified_chip2/137147,0.011146778240799904,0.9554916620254517,0.03336162120103836
be85cb8fe4bfe5d43e81b3c036e75a28bbf23251b2bdefeae8b9e9d602bbdccc,ChatGLM,ChatGLM,other,unified_chip2/137147,0.9977622032165527,0.0016858285525813699,0.0005520661943592131
be85cb8fe4bfe5d43e81b3c036e75a28bbf23251b2bdefeae8b9e9d602bbdccc,MPT,MPT,other,unified_chip2/137147,8.570342470193282e-05,0.00011215933045605198,0.9998021721839905
8f20fd4220696c25282497d5345bf29f4ff7da1a6a09390ad047f88819263282,Flan-T5,Flan-T5,other,unified_chip2/123512,0.0017552452627569437,0.9980872273445129,0.0001575419446453452
8f20fd4220696c25282497d5345bf29f4ff7da1a6a09390ad047f88819263282,MPT,MPT,other,unified_chip2/123512,3.707793075591326e-05,1.1273370546405204e-05,0.9999516010284424
8f20fd4220696c25282497d5345bf29f4ff7da1a6a09390ad047f88819263282,ChatGLM,ChatGLM,other,unified_chip2/123512,0.9998006224632263,0.00017945577565114945,1.9958952179877087e-05
95f629d93d966df3657bfb008f90f0bfc5d9be244f7ea13a984e4dd0c3448f72,ChatGLM,ChatGLM,other,unified_chip2/122335,0.9969172477722168,0.002088022418320179,0.000994714442640543
95f629d93d966df3657bfb008f90f0bfc5d9be244f7ea13a984e4dd0c3448f72,MPT,ChatGLM,other,unified_chip2/122335,0.9981060028076172,0.0004179292300250381,0.001476134406402707
95f629d93d966df3657bfb008f90f0bfc5d9be244f7ea13a984e4dd0c3448f72,Flan-T5,Flan-T5,other,unified_chip2/122335,0.031523868441581726,0.964431643486023,0.004044499713927507
4c2702ff9bbb7b94bd31cf5cf12a18929296aca12cc6177d16ec83ed284c7969,MPT,MPT,other,dolly_15k/brainstorming/771,8.173763490049168e-05,0.00011968132457695901,0.999798595905304
4c2702ff9bbb7b94bd31cf5cf12a18929296aca12cc6177d16ec83ed284c7969,Flan-T5,ChatGLM,other,dolly_15k/brainstorming/771,0.9422306418418884,0.053095508366823196,0.004673815332353115
4c2702ff9bbb7b94bd31cf5cf12a18929296aca12cc6177d16ec83ed284c7969,ChatGLM,ChatGLM,other,dolly_15k/brainstorming/771,0.9998612403869629,3.516867081998498e-06,0.0001352039398625493
00aeb1e935c0deffa0c2af2d7f0d0070e67ed6fb326e12aca4e940b7ae750d6e,MPT,MPT,other,unified_chip2/107492,0.007147718220949173,0.00031986244721338153,0.9925324320793152
00aeb1e935c0deffa0c2af2d7f0d0070e67ed6fb326e12aca4e940b7ae750d6e,Flan-T5,Flan-T5,other,unified_chip2/107492,0.002971478272229433,0.9969745874404907,5.393559695221484e-05
00aeb1e935c0deffa0c2af2d7f0d0070e67ed6fb326e12aca4e940b7ae750d6e,ChatGLM,ChatGLM,other,unified_chip2/107492,0.9999746084213257,1.5721810996183194e-05,9.605885679775383e-06
254f8fe12ee9be2f34e762465bc9e6f63aef3b70af0959c7860d8f25bc868b6e,Flan-T5,Flan-T5,other,unified_chip2/36746,0.0027033546939492226,0.9939204454421997,0.003376173786818981
254f8fe12ee9be2f34e762465bc9e6f63aef3b70af0959c7860d8f25bc868b6e,ChatGLM,ChatGLM,other,unified_chip2/36746,0.9989238381385803,0.0009316078503616154,0.00014459804515354335
254f8fe12ee9be2f34e762465bc9e6f63aef3b70af0959c7860d8f25bc868b6e,MPT,MPT,other,unified_chip2/36746,0.00021535968699026853,1.4454682968789712e-05,0.9997702240943909
76421afe6da19e5875edd1186c4ff97ce350fdcf698bf2861876e236a6f866e4,MPT,MPT,other,unified_chip2/119386,7.117992208804935e-05,6.196365120558767e-06,0.9999226331710815
76421afe6da19e5875edd1186c4ff97ce350fdcf698bf2861876e236a6f866e4,Flan-T5,Flan-T5,other,unified_chip2/119386,0.0017552452627569437,0.9980872273445129,0.0001575419446453452
76421afe6da19e5875edd1186c4ff97ce350fdcf698bf2861876e236a6f866e4,ChatGLM,ChatGLM,other,unified_chip2/119386,0.9998738765716553,7.864199869800359e-05,4.746907143271528e-05
b35a714b1f07190db880ea6578473382a1decea99f2a70e0113a0abae757a1bd,MPT,MPT,other,unified_chip2/101229,2.977817530336324e-05,7.435979114234215e-06,0.9999628067016602
b35a714b1f07190db880ea6578473382a1decea99f2a70e0113a0abae757a1bd,Flan-T5,Flan-T5,other,unified_chip2/101229,0.01776047796010971,0.977238655090332,0.0050007994286715984
b35a714b1f07190db880ea6578473382a1decea99f2a70e0113a0abae757a1bd,ChatGLM,ChatGLM,other,unified_chip2/101229,0.9998403787612915,1.4698640370625071e-05,0.00014496831863652915
9edb58efbd78dbb2328531ea7d1f3b7613d2bc36bc7f77ba52babf72b53a8a09,MPT,MPT,other,unified_chip2/106835,0.0002009014569921419,0.0002384376130066812,0.9995606541633606
9edb58efbd78dbb2328531ea7d1f3b7613d2bc36bc7f77ba52babf72b53a8a09,ChatGLM,ChatGLM,other,unified_chip2/106835,0.9997977614402771,2.1597450540866703e-05,0.00018071480735670775
9edb58efbd78dbb2328531ea7d1f3b7613d2bc36bc7f77ba52babf72b53a8a09,Flan-T5,Flan-T5,other,unified_chip2/106835,0.00504514342173934,0.9945782423019409,0.0003766181180253625
016aad85c0305dc821b1097989f1d707664e9b8c9b3a6b231e572964efa73ffa,MPT,MPT,other,unified_chip2/159311,0.0012581179616972804,1.201947725348873e-05,0.9987298846244812
016aad85c0305dc821b1097989f1d707664e9b8c9b3a6b231e572964efa73ffa,Flan-T5,Flan-T5,other,unified_chip2/159311,0.0008221504976972938,0.9987348914146423,0.0004430057015269995
016aad85c0305dc821b1097989f1d707664e9b8c9b3a6b231e572964efa73ffa,ChatGLM,ChatGLM,other,unified_chip2/159311,0.9989724159240723,0.0010175422066822648,1.0016524356615264e-05
57b42007579594b5b9e38133429d6b3537c18b371e04a0878b9252f0692e5491,Flan-T5,Flan-T5,other,unified_chip2/158124,0.06102650612592697,0.916934072971344,0.022039441391825676
57b42007579594b5b9e38133429d6b3537c18b371e04a0878b9252f0692e5491,ChatGLM,ChatGLM,other,unified_chip2/158124,0.9918091893196106,0.00012317967775743455,0.008067612536251545
57b42007579594b5b9e38133429d6b3537c18b371e04a0878b9252f0692e5491,MPT,MPT,other,unified_chip2/158124,0.0007900297059677541,0.0002849085722118616,0.9989250302314758
406865fe17b5d3cc3e442ca607455d82a2c366e7be808a764ae728c0e25c6424,ChatGLM,ChatGLM,other,unified_chip2/120109,0.9914628863334656,0.00847798865288496,5.908337334403768e-05
406865fe17b5d3cc3e442ca607455d82a2c366e7be808a764ae728c0e25c6424,Flan-T5,Flan-T5,other,unified_chip2/120109,0.0765177384018898,0.473205029964447,0.45027726888656616
406865fe17b5d3cc3e442ca607455d82a2c366e7be808a764ae728c0e25c6424,MPT,MPT,other,unified_chip2/120109,0.0010170622263103724,0.00012836582027375698,0.9988545179367065
4030daf5b0088286ca7e11f950574083ece827796a2d95ec1c02a48a1d9f99b0,MPT,MPT,other,unified_chip2/31310,0.0017167646437883377,0.0013901941711083055,0.996893048286438
4030daf5b0088286ca7e11f950574083ece827796a2d95ec1c02a48a1d9f99b0,ChatGLM,ChatGLM,other,unified_chip2/31310,0.9964501857757568,0.0014444309053942561,0.002105375751852989
4030daf5b0088286ca7e11f950574083ece827796a2d95ec1c02a48a1d9f99b0,Flan-T5,Flan-T5,other,unified_chip2/31310,0.007199852727353573,0.9927197694778442,8.04066876298748e-05
a7dd5383c22558911110d6b5ff1a87b232a62fccfc50646f72449536af5fb1aa,ChatGLM,ChatGLM,other,unified_chip2/127894,0.999670147895813,0.0001076467233360745,0.00022223833366297185
a7dd5383c22558911110d6b5ff1a87b232a62fccfc50646f72449536af5fb1aa,Flan-T5,Flan-T5,other,unified_chip2/127894,0.054616451263427734,0.9453279972076416,5.559909550356679e-05
a7dd5383c22558911110d6b5ff1a87b232a62fccfc50646f72449536af5fb1aa,MPT,MPT,other,unified_chip2/127894,3.0650953704025596e-05,6.298983862507157e-06,0.9999630451202393
6222b06f5c15e0e4b6d59bc77e5ab4cc37ea055fe5d582141d2cc62cf5750207,MPT,MPT,other,unified_chip2/9347,0.00037039141170680523,4.0371880459133536e-05,0.9995892643928528
6222b06f5c15e0e4b6d59bc77e5ab4cc37ea055fe5d582141d2cc62cf5750207,Flan-T5,Flan-T5,other,unified_chip2/9347,0.009266518987715244,0.9884985089302063,0.0022350039798766375
6222b06f5c15e0e4b6d59bc77e5ab4cc37ea055fe5d582141d2cc62cf5750207,ChatGLM,ChatGLM,other,unified_chip2/9347,0.9973869919776917,0.0009205396636389196,0.0016925325617194176
8c5c4965ef1bbd34cd5ce77de5081ff0878765315fdcca53dfb0164de8e26808,ChatGLM,ChatGLM,other,unified_chip2/64185,0.9971786737442017,4.1644649172667414e-05,0.00277970009483397
8c5c4965ef1bbd34cd5ce77de5081ff0878765315fdcca53dfb0164de8e26808,Flan-T5,Flan-T5,other,unified_chip2/64185,0.07351004332304001,0.9264538884162903,3.614514207583852e-05
8c5c4965ef1bbd34cd5ce77de5081ff0878765315fdcca53dfb0164de8e26808,MPT,MPT,other,unified_chip2/64185,0.003886459395289421,0.0012894609244540334,0.9948240518569946
fb9bb753990fb03e812393dab6c5a2fe78490d9383e94755db4f68a872425629,ChatGLM,ChatGLM,other,unified_chip2/115657,0.9996527433395386,0.00010356962593505159,0.00024365258286707103
fb9bb753990fb03e812393dab6c5a2fe78490d9383e94755db4f68a872425629,MPT,MPT,other,unified_chip2/115657,0.005682427901774645,4.215908484184183e-05,0.9942753911018372
fb9bb753990fb03e812393dab6c5a2fe78490d9383e94755db4f68a872425629,Flan-T5,Flan-T5,other,unified_chip2/115657,0.009683714248239994,0.9891381859779358,0.0011780594941228628
f65392587a90e7eeae996b8e7e5328c244f509fd24ad907eb02ba28aafa4ec59,MPT,MPT,other,unified_chip2/35296,0.0002542631409596652,2.8096052119508386e-05,0.9997175335884094
f65392587a90e7eeae996b8e7e5328c244f509fd24ad907eb02ba28aafa4ec59,Flan-T5,Flan-T5,other,unified_chip2/35296,0.017597299069166183,0.9821938276290894,0.0002088730689138174
f65392587a90e7eeae996b8e7e5328c244f509fd24ad907eb02ba28aafa4ec59,ChatGLM,ChatGLM,other,unified_chip2/35296,0.9999728202819824,2.2292264475254342e-05,4.898683982901275e-06
4b8ed0b0526a34669a751711150a29caba2b7852a255a119640a7cccd73a538d,MPT,MPT,other,dolly_15k/classification/894,0.002281780121847987,0.0007567356806248426,0.9969615340232849
4b8ed0b0526a34669a751711150a29caba2b7852a255a119640a7cccd73a538d,ChatGLM,ChatGLM,other,dolly_15k/classification/894,0.7248779535293579,0.27479228377342224,0.0003297175280749798
4b8ed0b0526a34669a751711150a29caba2b7852a255a119640a7cccd73a538d,Flan-T5,Flan-T5,other,dolly_15k/classification/894,0.035867560654878616,0.9585704207420349,0.005561979487538338
4da943d20bb7237a4b289b7df555dd08a1fc56a6fe930acb16a2f9c4a27721e8,MPT,MPT,other,unified_chip2/164270,8.96811434358824e-06,9.755357268659282e-07,0.9999901056289673
4da943d20bb7237a4b289b7df555dd08a1fc56a6fe930acb16a2f9c4a27721e8,ChatGLM,ChatGLM,other,unified_chip2/164270,0.999953031539917,3.876182745443657e-05,8.206829988921527e-06
4da943d20bb7237a4b289b7df555dd08a1fc56a6fe930acb16a2f9c4a27721e8,Flan-T5,Flan-T5,other,unified_chip2/164270,0.0017552452627569437,0.9980872273445129,0.0001575419446453452
02917eb7775ff68d9e50673c85bf386d4447dd2f486d4fed430bca503590d289,ChatGLM,ChatGLM,other,unified_chip2/77787,0.999715268611908,0.00012256244372110814,0.00016216396761592478
02917eb7775ff68d9e50673c85bf386d4447dd2f486d4fed430bca503590d289,Flan-T5,Flan-T5,other,unified_chip2/77787,0.002230919199064374,0.9917697906494141,0.005999311339110136
02917eb7775ff68d9e50673c85bf386d4447dd2f486d4fed430bca503590d289,MPT,MPT,other,unified_chip2/77787,3.668001590995118e-05,0.0002175501431338489,0.999745786190033
dd329f6af2e7f0c0d1cc44127acfb5c5bc99398e5a6989c844e70a48075a9268,MPT,MPT,other,unified_chip2/62094,9.844615851761773e-05,7.407384600810474e-06,0.9998941421508789
dd329f6af2e7f0c0d1cc44127acfb5c5bc99398e5a6989c844e70a48075a9268,Flan-T5,Flan-T5,other,unified_chip2/62094,0.02649105340242386,0.9612494707107544,0.01225950662046671
dd329f6af2e7f0c0d1cc44127acfb5c5bc99398e5a6989c844e70a48075a9268,ChatGLM,ChatGLM,other,unified_chip2/62094,0.9993602633476257,0.000617381592746824,2.238516026409343e-05
884932247f7f200c2774dcec71c5c8fa5ef576a0351deec6c1e97be0aafed71c,ChatGLM,ChatGLM,other,unified_chip2/113625,0.9998062252998352,1.8355527572566643e-05,0.0001754676050040871
884932247f7f200c2774dcec71c5c8fa5ef576a0351deec6c1e97be0aafed71c,Flan-T5,Flan-T5,other,unified_chip2/113625,0.0012013822561129928,0.9974148273468018,0.0013837666483595967
884932247f7f200c2774dcec71c5c8fa5ef576a0351deec6c1e97be0aafed71c,MPT,MPT,other,unified_chip2/113625,0.000262818590272218,4.5847259571019094e-06,0.9997326731681824
5625e62bdfaa03b27a962cc8a7e37688f156a354a60df976d2b79f8796d495c1,MPT,MPT,other,unified_chip2/155030,3.382951035746373e-05,3.362014695085236e-06,0.9999628067016602
5625e62bdfaa03b27a962cc8a7e37688f156a354a60df976d2b79f8796d495c1,Flan-T5,Flan-T5,other,unified_chip2/155030,0.0009415480308234692,0.998563826084137,0.0004945976543240249
5625e62bdfaa03b27a962cc8a7e37688f156a354a60df976d2b79f8796d495c1,ChatGLM,ChatGLM,other,unified_chip2/155030,0.9998607635498047,1.44100467878161e-05,0.00012483024329412729
761aafdb12ee146933782f7cf64c9bcc09ff73c646579c12d3088036f8574221,Flan-T5,Flan-T5,other,dolly_15k/open_qa/238,0.13412566483020782,0.7568610906600952,0.10901325941085815
761aafdb12ee146933782f7cf64c9bcc09ff73c646579c12d3088036f8574221,ChatGLM,ChatGLM,other,dolly_15k/open_qa/238,0.7481308579444885,0.2510138154029846,0.0008553831139579415
761aafdb12ee146933782f7cf64c9bcc09ff73c646579c12d3088036f8574221,MPT,MPT,other,dolly_15k/open_qa/238,0.06293031573295593,0.00014089184696786106,0.9369288682937622
a972e9bd3ade28e9a3fa4a925e28ef7ee7774454d12ea89fb97832cb1803771f,Flan-T5,Flan-T5,other,unified_chip2/77357,0.0017552452627569437,0.9980872273445129,0.0001575419446453452
a972e9bd3ade28e9a3fa4a925e28ef7ee7774454d12ea89fb97832cb1803771f,ChatGLM,ChatGLM,other,unified_chip2/77357,0.9918813109397888,0.007686191704124212,0.00043256173375993967
a972e9bd3ade28e9a3fa4a925e28ef7ee7774454d12ea89fb97832cb1803771f,MPT,MPT,other,unified_chip2/77357,3.4025848435703665e-05,4.029150659334846e-06,0.9999619722366333
02156a1f552b9d4aaafde583cb17838e63d4c4a52dfb7e9d4f5c870f0aa7c4c1,MPT,MPT,other,unified_chip2/55520,1.0543271855567582e-05,3.608784481912153e-06,0.999985933303833
02156a1f552b9d4aaafde583cb17838e63d4c4a52dfb7e9d4f5c870f0aa7c4c1,ChatGLM,ChatGLM,other,unified_chip2/55520,0.9998148083686829,4.100774458493106e-05,0.00014418052160181105
02156a1f552b9d4aaafde583cb17838e63d4c4a52dfb7e9d4f5c870f0aa7c4c1,Flan-T5,Flan-T5,other,unified_chip2/55520,0.03434355556964874,0.9655451774597168,0.00011129221820738167
5a97925c8be339a62e70d53610474fef52e1330a961bfff4ab6b4bf414e8f5d2,MPT,MPT,other,unified_chip2/122554,1.8993006960954517e-05,7.509627266699681e-06,0.9999735355377197
5a97925c8be339a62e70d53610474fef52e1330a961bfff4ab6b4bf414e8f5d2,Flan-T5,Flan-T5,other,unified_chip2/122554,0.0002902116975747049,0.999572217464447,0.0001376094442093745
5a97925c8be339a62e70d53610474fef52e1330a961bfff4ab6b4bf414e8f5d2,ChatGLM,ChatGLM,other,unified_chip2/122554,0.9999030828475952,2.4013765141717158e-05,7.291152724064887e-05
d74d509065044002a283e9d52ba7c2e404d4dd662dd12ed6d0e17bcc0906a6f8,ChatGLM,ChatGLM,other,unified_chip2/126545,0.9873991012573242,0.00018898102280218154,0.012411846779286861
d74d509065044002a283e9d52ba7c2e404d4dd662dd12ed6d0e17bcc0906a6f8,Flan-T5,Flan-T5,other,unified_chip2/126545,0.00568366190418601,0.9924907088279724,0.001825658488087356
d74d509065044002a283e9d52ba7c2e404d4dd662dd12ed6d0e17bcc0906a6f8,MPT,MPT,other,unified_chip2/126545,2.2521096980199218e-05,4.831616479350487e-06,0.9999725818634033
646c398a65a14b43927327315fb87e752f684b86ff8413ee36aad0ff5c1d54ef,ChatGLM,ChatGLM,other,unified_chip2/133901,0.9318143129348755,0.061153117567300797,0.007032569032162428
646c398a65a14b43927327315fb87e752f684b86ff8413ee36aad0ff5c1d54ef,MPT,MPT,other,unified_chip2/133901,0.04701286926865578,0.002373158000409603,0.9506139159202576
646c398a65a14b43927327315fb87e752f684b86ff8413ee36aad0ff5c1d54ef,Flan-T5,Flan-T5,other,unified_chip2/133901,0.015387970954179764,0.9832651615142822,0.001346805365756154
2dcebdbbce283a9442afd3088c0d946f1745191762e3f8a2622e7b044306213c,Flan-T5,Flan-T5,other,unified_chip2/32125,0.0002724511723499745,0.9995915293693542,0.00013602494436781853
2dcebdbbce283a9442afd3088c0d946f1745191762e3f8a2622e7b044306213c,ChatGLM,ChatGLM,other,unified_chip2/32125,0.9991425275802612,0.000634131021797657,0.00022333131346385926
2dcebdbbce283a9442afd3088c0d946f1745191762e3f8a2622e7b044306213c,MPT,MPT,other,unified_chip2/32125,0.0001246295141754672,2.0465922716539353e-05,0.9998548030853271
72ccb751cd1b62182ab5bf0e5c62a4b61ccd5be17f38cca569cb6cc9ddc9f003,Flan-T5,Flan-T5,other,unified_chip2/29296,0.023977942764759064,0.9753902554512024,0.0006317852530628443
72ccb751cd1b62182ab5bf0e5c62a4b61ccd5be17f38cca569cb6cc9ddc9f003,MPT,MPT,other,unified_chip2/29296,0.0009034318500198424,4.707856351160444e-05,0.9990494847297668
72ccb751cd1b62182ab5bf0e5c62a4b61ccd5be17f38cca569cb6cc9ddc9f003,ChatGLM,ChatGLM,other,unified_chip2/29296,0.9998314380645752,0.00012029081699438393,4.82788345834706e-05
fd1af6c12b8942483cb3a869783bab8a0fbab249fce1b46d0ee497cd85fbab9b,Flan-T5,Flan-T5,other,unified_chip2/31238,0.0017462540417909622,0.9881199598312378,0.010133725591003895
fd1af6c12b8942483cb3a869783bab8a0fbab249fce1b46d0ee497cd85fbab9b,MPT,MPT,other,unified_chip2/31238,0.019613100215792656,0.005762749817222357,0.9746242165565491
fd1af6c12b8942483cb3a869783bab8a0fbab249fce1b46d0ee497cd85fbab9b,ChatGLM,ChatGLM,other,unified_chip2/31238,0.9964644908905029,7.14893803888117e-06,0.0035284077748656273
82931784f1dc119219d90502f3a9e05cca0e615bdf427cbd5b1517e8805e51b6,ChatGLM,ChatGLM,other,unified_chip2/14915,0.9999697208404541,2.493697320460342e-05,5.306082130118739e-06
82931784f1dc119219d90502f3a9e05cca0e615bdf427cbd5b1517e8805e51b6,Flan-T5,Flan-T5,other,unified_chip2/14915,0.015696631744503975,0.9772953987121582,0.007008010055869818
82931784f1dc119219d90502f3a9e05cca0e615bdf427cbd5b1517e8805e51b6,MPT,MPT,other,unified_chip2/14915,0.00023629427596461028,1.5604839063598774e-05,0.9997480511665344
7bbaae1d94722f56a8b6bf80c75e4d3a987aefde193b876b262739ebddf54085,MPT,MPT,other,unified_chip2/20160,0.0002443587582092732,1.1821910447906703e-05,0.9997438788414001
7bbaae1d94722f56a8b6bf80c75e4d3a987aefde193b876b262739ebddf54085,Flan-T5,Flan-T5,other,unified_chip2/20160,0.0208860132843256,0.9706900119781494,0.00842393096536398
7bbaae1d94722f56a8b6bf80c75e4d3a987aefde193b876b262739ebddf54085,ChatGLM,ChatGLM,other,unified_chip2/20160,0.9930262565612793,0.0030925872270017862,0.0038811732083559036
01839a1777e2100e418c7d73424d6603d2602d14db486658f923d637aceff727,MPT,MPT,other,unified_chip2/23574,3.334130087750964e-05,7.334715519391466e-06,0.9999592304229736
01839a1777e2100e418c7d73424d6603d2602d14db486658f923d637aceff727,ChatGLM,ChatGLM,other,unified_chip2/23574,0.9693957567214966,0.0036365671548992395,0.026967642828822136
01839a1777e2100e418c7d73424d6603d2602d14db486658f923d637aceff727,Flan-T5,Flan-T5,other,unified_chip2/23574,0.015990206971764565,0.9839296340942383,8.015509956749156e-05
06371291c46028064dea59eecc576ad06b03e86526f85b363462b1c35fea7fff,ChatGLM,ChatGLM,other,unified_chip2/113310,0.9988698363304138,0.0010832163970917463,4.695066309068352e-05
06371291c46028064dea59eecc576ad06b03e86526f85b363462b1c35fea7fff,MPT,MPT,other,unified_chip2/113310,0.0001480203354731202,1.7778564142645337e-05,0.9998341798782349
06371291c46028064dea59eecc576ad06b03e86526f85b363462b1c35fea7fff,Flan-T5,Flan-T5,other,unified_chip2/113310,0.01690109260380268,0.9830170273780823,8.185840852092952e-05
1d0aaa84946a1418f245107a1af4e197db135b8ee9b3f8f68a11a021a7106f55,Flan-T5,Flan-T5,other,unified_chip2/38067,0.11061504483222961,0.8878642320632935,0.0015207394026219845
1d0aaa84946a1418f245107a1af4e197db135b8ee9b3f8f68a11a021a7106f55,ChatGLM,ChatGLM,other,unified_chip2/38067,0.999254047870636,0.0006196735776029527,0.00012623851944226772
1d0aaa84946a1418f245107a1af4e197db135b8ee9b3f8f68a11a021a7106f55,MPT,MPT,other,unified_chip2/38067,0.0009261531522497535,0.00013021114864386618,0.9989437460899353
53e012efcc006b90ce3a3c9891549be4194299ddf66964e561bc696a21c9f920,Flan-T5,Flan-T5,other,unified_chip2/38526,0.0041258856654167175,0.9958440661430359,3.0033635994186625e-05
53e012efcc006b90ce3a3c9891549be4194299ddf66964e561bc696a21c9f920,ChatGLM,ChatGLM,other,unified_chip2/38526,0.9999297857284546,3.381806891411543e-05,3.640502109192312e-05
53e012efcc006b90ce3a3c9891549be4194299ddf66964e561bc696a21c9f920,MPT,MPT,other,unified_chip2/38526,0.004839083645492792,2.237784065073356e-05,0.9951385259628296
18c80690a2c8ceada9956fd9044d153ef0c2a512aff887b0731c871ca76e9fc8,ChatGLM,ChatGLM,other,unified_chip2/115862,0.9992734789848328,4.471162901609205e-05,0.0006819025729782879
18c80690a2c8ceada9956fd9044d153ef0c2a512aff887b0731c871ca76e9fc8,MPT,MPT,other,unified_chip2/115862,0.00016735593089833856,5.65574191568885e-05,0.9997760653495789
18c80690a2c8ceada9956fd9044d153ef0c2a512aff887b0731c871ca76e9fc8,Flan-T5,Flan-T5,other,unified_chip2/115862,0.009932887740433216,0.9899733066558838,9.376498928759247e-05
5c3e0449f8ed2cf133af8e014041dff4fec3b8083634549c75fc4f24ffbef871,Flan-T5,Flan-T5,other,unified_chip2/56423,0.016111399978399277,0.9838431477546692,4.547923163045198e-05
5c3e0449f8ed2cf133af8e014041dff4fec3b8083634549c75fc4f24ffbef871,ChatGLM,ChatGLM,other,unified_chip2/56423,0.9999637603759766,3.174072116962634e-05,4.574083959596464e-06
5c3e0449f8ed2cf133af8e014041dff4fec3b8083634549c75fc4f24ffbef871,MPT,MPT,other,unified_chip2/56423,8.065561996772885e-05,3.231682785553858e-05,0.9998869895935059
b3ddfaa010924a470f23abb8d64f243205ed7a7f3e69a5de37f67cec9910f3f4,MPT,ChatGLM,other,unified_chip2/55245,0.8683953881263733,0.0012765205465257168,0.13032807409763336
b3ddfaa010924a470f23abb8d64f243205ed7a7f3e69a5de37f67cec9910f3f4,ChatGLM,ChatGLM,other,unified_chip2/55245,0.9979458451271057,0.001891059335321188,0.00016314469394274056
b3ddfaa010924a470f23abb8d64f243205ed7a7f3e69a5de37f67cec9910f3f4,Flan-T5,Flan-T5,other,unified_chip2/55245,0.008476126939058304,0.9815433621406555,0.009980582632124424
5ff444e1d242f0b7dfd80bd2f3798749b60e2e48b9ca650962aa163b4a5c242e,Flan-T5,Flan-T5,other,unified_chip2/7871,0.00028023627237416804,0.9996384382247925,8.128505578497425e-05
5ff444e1d242f0b7dfd80bd2f3798749b60e2e48b9ca650962aa163b4a5c242e,MPT,MPT,other,unified_chip2/7871,6.543682684423402e-05,5.4776555771240965e-05,0.9998797178268433
5ff444e1d242f0b7dfd80bd2f3798749b60e2e48b9ca650962aa163b4a5c242e,ChatGLM,ChatGLM,other,unified_chip2/7871,0.9997943043708801,0.0001866237580543384,1.9027582311537117e-05
7bae29794313b9cff076b066048c4d105ab16ed857f4e08830c1d2e65eef4d01,MPT,MPT,other,dolly_15k/classification/10,0.01618976891040802,3.0971816613600822e-06,0.9838072061538696
7bae29794313b9cff076b066048c4d105ab16ed857f4e08830c1d2e65eef4d01,Flan-T5,Flan-T5,other,dolly_15k/classification/10,0.17869101464748383,0.7587339282035828,0.0625750869512558
7bae29794313b9cff076b066048c4d105ab16ed857f4e08830c1d2e65eef4d01,ChatGLM,Flan-T5,other,dolly_15k/classification/10,0.20997121930122375,0.789445161819458,0.0005836575874127448
e9d18a578a7bc5d683022c802047cf571b859557f9aa4e48174469662aaa194d,MPT,MPT,other,unified_chip2/31569,0.04651171714067459,0.00025241676485165954,0.9532358646392822
e9d18a578a7bc5d683022c802047cf571b859557f9aa4e48174469662aaa194d,ChatGLM,ChatGLM,other,unified_chip2/31569,0.9933049082756042,0.0006859638961032033,0.006009142380207777
e9d18a578a7bc5d683022c802047cf571b859557f9aa4e48174469662aaa194d,Flan-T5,Flan-T5,other,unified_chip2/31569,0.028537258505821228,0.9700229167938232,0.0014398591592907906
7e60dcec9f5442a8da983a5b5ef270e98c16a56aa91d14890eb3850a7b1f3ee0,ChatGLM,ChatGLM,other,unified_chip2/101465,0.9991596937179565,4.380225800559856e-05,0.0007964828982949257
7e60dcec9f5442a8da983a5b5ef270e98c16a56aa91d14890eb3850a7b1f3ee0,MPT,MPT,other,unified_chip2/101465,0.0008509311592206359,0.00042029726319015026,0.9987288117408752
7e60dcec9f5442a8da983a5b5ef270e98c16a56aa91d14890eb3850a7b1f3ee0,Flan-T5,Flan-T5,other,unified_chip2/101465,0.005723246373236179,0.9942600727081299,1.664931551204063e-05
722e8ee10eacc52bbd3605df2df6c272fa51820e04ff41fcc531bc1987aca651,ChatGLM,ChatGLM,other,unified_chip2/26170,0.9999237060546875,6.591228157049045e-05,1.0401968211226631e-05
722e8ee10eacc52bbd3605df2df6c272fa51820e04ff41fcc531bc1987aca651,MPT,MPT,other,unified_chip2/26170,0.00021095032570883632,0.00010726266918936744,0.999681830406189
722e8ee10eacc52bbd3605df2df6c272fa51820e04ff41fcc531bc1987aca651,Flan-T5,Flan-T5,other,unified_chip2/26170,0.0008388234418816864,0.9955781102180481,0.0035829939879477024
b0d93b1482bacfd40f2e98acd0973a265ddb92d4b7baac49371cfc0be933d5ca,ChatGLM,ChatGLM,other,unified_chip2/92048,0.9992468357086182,0.0007301632431335747,2.2940366761758924e-05
b0d93b1482bacfd40f2e98acd0973a265ddb92d4b7baac49371cfc0be933d5ca,Flan-T5,Flan-T5,other,unified_chip2/92048,0.08869946748018265,0.9107942581176758,0.0005063037388026714
b0d93b1482bacfd40f2e98acd0973a265ddb92d4b7baac49371cfc0be933d5ca,MPT,MPT,other,unified_chip2/92048,0.00011354650632711127,4.043329681735486e-06,0.9998823404312134
597f7d708ef7c3486d4f4a0e1730a5d1935dd21ddd2cfea261cb4893843b0aa8,MPT,MPT,other,unified_chip2/160029,0.00014301153714768589,4.990124944015406e-05,0.9998070597648621
597f7d708ef7c3486d4f4a0e1730a5d1935dd21ddd2cfea261cb4893843b0aa8,ChatGLM,ChatGLM,other,unified_chip2/160029,0.9992642998695374,0.00010004389332607388,0.000635663338471204
597f7d708ef7c3486d4f4a0e1730a5d1935dd21ddd2cfea261cb4893843b0aa8,Flan-T5,Flan-T5,other,unified_chip2/160029,0.0017552452627569437,0.9980872273445129,0.0001575419446453452
575ef6b13a59686b0dae598246d56cfc77024b0f9e9e16928d7148503f4b134e,MPT,MPT,other,unified_chip2/133354,4.750849257106893e-05,9.592861260898644e-07,0.9999514818191528
575ef6b13a59686b0dae598246d56cfc77024b0f9e9e16928d7148503f4b134e,Flan-T5,Flan-T5,other,unified_chip2/133354,0.004255236592143774,0.9950966238975525,0.0006481488235294819
575ef6b13a59686b0dae598246d56cfc77024b0f9e9e16928d7148503f4b134e,ChatGLM,ChatGLM,other,unified_chip2/133354,0.999836802482605,1.982613503059838e-05,0.00014339164772536606
00c54af0e7748e3b86db0485609c50f49376f6d5c7e008c425c25dc33626d21f,ChatGLM,ChatGLM,other,unified_chip2/54666,0.9979925155639648,0.0019892870914191008,1.8193797586718574e-05
00c54af0e7748e3b86db0485609c50f49376f6d5c7e008c425c25dc33626d21f,Flan-T5,Flan-T5,other,unified_chip2/54666,0.01887737773358822,0.9810309410095215,9.165034862235188e-05
00c54af0e7748e3b86db0485609c50f49376f6d5c7e008c425c25dc33626d21f,MPT,MPT,other,unified_chip2/54666,0.0016639040550217032,3.910982559318654e-05,0.9982969164848328
c1f0a90ccacba5914de35bbe78a526c206887e20705a654221fb1834ce601e45,Flan-T5,Flan-T5,other,unified_chip2/36130,0.029983362182974815,0.9699192047119141,9.740301175042987e-05
c1f0a90ccacba5914de35bbe78a526c206887e20705a654221fb1834ce601e45,MPT,MPT,other,unified_chip2/36130,4.953392635798082e-05,9.071646672964562e-06,0.999941349029541
c1f0a90ccacba5914de35bbe78a526c206887e20705a654221fb1834ce601e45,ChatGLM,ChatGLM,other,unified_chip2/36130,0.9993146657943726,0.0005878889933228493,9.749857417773455e-05
60b6d93b51016f55cac4de44377e948027ffed3e1a897c5489a39d05cf874409,ChatGLM,ChatGLM,other,unified_chip2/131429,0.9992002844810486,0.00010798902803799137,0.000691730179823935
60b6d93b51016f55cac4de44377e948027ffed3e1a897c5489a39d05cf874409,MPT,MPT,other,unified_chip2/131429,2.047992529696785e-05,5.341758424037835e-06,0.9999741315841675
60b6d93b51016f55cac4de44377e948027ffed3e1a897c5489a39d05cf874409,Flan-T5,Flan-T5,other,unified_chip2/131429,0.004435129929333925,0.9945023059844971,0.00106258993037045
529ce4ff7a89342a2159485cd1e99003a8e6a78b6feaab0d5869363013f8244a,ChatGLM,ChatGLM,other,unified_chip2/3181,0.9929429888725281,0.0006856574327684939,0.006371237337589264
529ce4ff7a89342a2159485cd1e99003a8e6a78b6feaab0d5869363013f8244a,MPT,MPT,other,unified_chip2/3181,0.03612428158521652,7.270033529493958e-05,0.9638029932975769
529ce4ff7a89342a2159485cd1e99003a8e6a78b6feaab0d5869363013f8244a,Flan-T5,Flan-T5,other,unified_chip2/3181,0.014182476326823235,0.9752174615859985,0.010600068606436253
ce7bafc332a222e278e6e5a5f6af84872b7badc5f01ee5c722075527232ec98a,MPT,MPT,other,unified_chip2/84799,4.315931073506363e-05,1.4937951164029073e-05,0.9999419450759888
ce7bafc332a222e278e6e5a5f6af84872b7badc5f01ee5c722075527232ec98a,Flan-T5,Flan-T5,other,unified_chip2/84799,0.0019548297859728336,0.9975323677062988,0.000512750877533108
ce7bafc332a222e278e6e5a5f6af84872b7badc5f01ee5c722075527232ec98a,ChatGLM,MPT,other,unified_chip2/84799,0.48076045513153076,0.009413658641278744,0.5098259449005127
ab7ef2dbccc41a75af01b9ced16f1b7403fca32b792150495d2994208656b929,MPT,MPT,other,unified_chip2/69412,1.481141589465551e-05,1.2923225085614831e-06,0.9999839067459106
ab7ef2dbccc41a75af01b9ced16f1b7403fca32b792150495d2994208656b929,Flan-T5,Flan-T5,other,unified_chip2/69412,0.008487777784466743,0.9910767078399658,0.0004355421697255224
ab7ef2dbccc41a75af01b9ced16f1b7403fca32b792150495d2994208656b929,ChatGLM,ChatGLM,other,unified_chip2/69412,0.9989144802093506,3.587223181966692e-05,0.0010497019393369555
840e0da4deac1dcffff35e784368e9c8a6a256a12b4b01d7c4c8e5cc33fa1255,MPT,MPT,other,dolly_15k/general_qa/280,3.4680568205658346e-05,3.397566615603864e-06,0.9999618530273438
840e0da4deac1dcffff35e784368e9c8a6a256a12b4b01d7c4c8e5cc33fa1255,Flan-T5,Flan-T5,other,dolly_15k/general_qa/280,0.021093206480145454,0.9223641753196716,0.05654265731573105
840e0da4deac1dcffff35e784368e9c8a6a256a12b4b01d7c4c8e5cc33fa1255,ChatGLM,ChatGLM,other,dolly_15k/general_qa/280,0.9995065927505493,8.706891094334424e-05,0.00040634768083691597
9e915e7f0d59db59e488de0042df5bbf5ea6e8c095a2af3cc0d0d4703c13904f,ChatGLM,ChatGLM,other,unified_chip2/127049,0.9999133348464966,2.244298593723215e-05,6.42463201074861e-05
9e915e7f0d59db59e488de0042df5bbf5ea6e8c095a2af3cc0d0d4703c13904f,MPT,MPT,other,unified_chip2/127049,0.0018772170878946781,0.00015709607396274805,0.9979656934738159
9e915e7f0d59db59e488de0042df5bbf5ea6e8c095a2af3cc0d0d4703c13904f,Flan-T5,Flan-T5,other,unified_chip2/127049,0.04482608661055565,0.9550679326057434,0.00010594709601718932
02822ae41d8a2650988cf6c10f526ec45e1a02d1c818a42d1d41118f45ff8ec7,Flan-T5,Flan-T5,other,unified_chip2/94300,0.009683714248239994,0.9891381859779358,0.0011780594941228628
02822ae41d8a2650988cf6c10f526ec45e1a02d1c818a42d1d41118f45ff8ec7,MPT,MPT,other,unified_chip2/94300,0.0001290011714445427,4.705641549662687e-05,0.9998239874839783
02822ae41d8a2650988cf6c10f526ec45e1a02d1c818a42d1d41118f45ff8ec7,ChatGLM,ChatGLM,other,unified_chip2/94300,0.9997889399528503,0.00020154286175966263,9.577742275723722e-06
bc2270ca1135aa19537bb028a4315c70172ae1435095a40515f147ee1cff9be6,Flan-T5,Flan-T5,other,unified_chip2/100785,0.004611646756529808,0.9951879978179932,0.00020028046856168658
bc2270ca1135aa19537bb028a4315c70172ae1435095a40515f147ee1cff9be6,MPT,MPT,other,unified_chip2/100785,0.014602151699364185,0.007760434411466122,0.9776374101638794
bc2270ca1135aa19537bb028a4315c70172ae1435095a40515f147ee1cff9be6,ChatGLM,ChatGLM,other,unified_chip2/100785,0.9979293346405029,0.00203852541744709,3.2140927942236885e-05
5bf683997d1f0c50f7cb4e856211df04452f8bd277b784012b6a5ec3582c605e,Flan-T5,Flan-T5,other,unified_chip2/144765,0.0017552452627569437,0.9980872273445129,0.0001575419446453452
5bf683997d1f0c50f7cb4e856211df04452f8bd277b784012b6a5ec3582c605e,ChatGLM,ChatGLM,other,unified_chip2/144765,0.9999828338623047,8.57846225699177e-06,8.636102393211331e-06
5bf683997d1f0c50f7cb4e856211df04452f8bd277b784012b6a5ec3582c605e,MPT,MPT,other,unified_chip2/144765,0.0022166017442941666,0.01166403479874134,0.9861193895339966
bf8130ae76fb998e95a1ed564c736947cb0e5807f0a2a6ca66b5ed9da0ce56a5,MPT,MPT,other,unified_chip2/60696,4.058943522977643e-05,1.0288025805493817e-05,0.9999490976333618
bf8130ae76fb998e95a1ed564c736947cb0e5807f0a2a6ca66b5ed9da0ce56a5,ChatGLM,ChatGLM,other,unified_chip2/60696,0.9993045330047607,0.0006517790025100112,4.373563569970429e-05
bf8130ae76fb998e95a1ed564c736947cb0e5807f0a2a6ca66b5ed9da0ce56a5,Flan-T5,Flan-T5,other,unified_chip2/60696,0.0028621149249374866,0.9933559894561768,0.0037818774580955505
977c4a6c130d22323a3766b67eb714f84a23a5a06f0e45453ec91d31b7e8f502,ChatGLM,ChatGLM,other,unified_chip2/69424,0.9999617338180542,7.253140211105347e-06,3.096002546953969e-05
977c4a6c130d22323a3766b67eb714f84a23a5a06f0e45453ec91d31b7e8f502,Flan-T5,Flan-T5,other,unified_chip2/69424,0.00836767815053463,0.991583526134491,4.884364898316562e-05
977c4a6c130d22323a3766b67eb714f84a23a5a06f0e45453ec91d31b7e8f502,MPT,MPT,other,unified_chip2/69424,0.2963573932647705,0.0070412131026387215,0.6966013312339783
041aee325a2813a4fa9dd2e13e97041e1bb8118320894a15414196ba9bd35fb8,Flan-T5,Flan-T5,other,unified_chip2/152072,0.0004705249739345163,0.9994103908538818,0.00011911344336112961
041aee325a2813a4fa9dd2e13e97041e1bb8118320894a15414196ba9bd35fb8,MPT,MPT,other,unified_chip2/152072,0.07913893461227417,0.004592516925185919,0.916268527507782
041aee325a2813a4fa9dd2e13e97041e1bb8118320894a15414196ba9bd35fb8,ChatGLM,ChatGLM,other,unified_chip2/152072,0.9995161294937134,0.0004275007522664964,5.635682464344427e-05
1cd761b6f245d77da10fe923983fa7ed2788059971b369dcc27fb65c14d472e1,MPT,MPT,other,unified_chip2/116408,0.00452819187194109,0.012814035639166832,0.9826577305793762
1cd761b6f245d77da10fe923983fa7ed2788059971b369dcc27fb65c14d472e1,Flan-T5,Flan-T5,other,unified_chip2/116408,0.02127785235643387,0.9786836504936218,3.846248728223145e-05
1cd761b6f245d77da10fe923983fa7ed2788059971b369dcc27fb65c14d472e1,ChatGLM,Flan-T5,other,unified_chip2/116408,0.1471991091966629,0.8527000546455383,0.00010083142115036026
69a563149e541453a48135ad1d4bf0d2a7f7042c905968b26e6f3666c2c9dabe,MPT,MPT,other,unified_chip2/19237,1.948103090398945e-05,2.4465896331093973e-06,0.9999780654907227
69a563149e541453a48135ad1d4bf0d2a7f7042c905968b26e6f3666c2c9dabe,ChatGLM,ChatGLM,other,unified_chip2/19237,0.9999533891677856,4.1648487240308896e-05,5.055986093793763e-06
69a563149e541453a48135ad1d4bf0d2a7f7042c905968b26e6f3666c2c9dabe,Flan-T5,Flan-T5,other,unified_chip2/19237,0.3796122670173645,0.6202971935272217,9.055600094143301e-05
0e70696dff2bfab2cb67ae7ef425e19ea625bafe388944a4e54075938a111159,Flan-T5,Flan-T5,other,unified_chip2/158399,0.002010971773415804,0.9965311884880066,0.0014578897971659899
0e70696dff2bfab2cb67ae7ef425e19ea625bafe388944a4e54075938a111159,ChatGLM,ChatGLM,other,unified_chip2/158399,0.9913812279701233,0.0077468943782150745,0.0008717795717529953
0e70696dff2bfab2cb67ae7ef425e19ea625bafe388944a4e54075938a111159,MPT,MPT,other,unified_chip2/158399,0.012691550888121128,0.0005014182534068823,0.9868070483207703
d76c58c94dbec21b865d01768a53791d556094e8a993546885853fc61920de46,Flan-T5,Flan-T5,other,dolly_15k/open_qa/2650,0.01580527052283287,0.9813618063926697,0.0028329305350780487
d76c58c94dbec21b865d01768a53791d556094e8a993546885853fc61920de46,ChatGLM,ChatGLM,other,dolly_15k/open_qa/2650,0.8252849578857422,8.952685311669484e-05,0.17462553083896637
d76c58c94dbec21b865d01768a53791d556094e8a993546885853fc61920de46,MPT,ChatGLM,other,dolly_15k/open_qa/2650,0.9582816958427429,0.0035873004235327244,0.038130953907966614
b1a0917a953c8dba6b7a862926fb7c3aff6f54391861625bcf556080e7765e66,Flan-T5,Flan-T5,other,unified_chip2/89672,0.17615343630313873,0.8237645626068115,8.19529959699139e-05
b1a0917a953c8dba6b7a862926fb7c3aff6f54391861625bcf556080e7765e66,MPT,MPT,other,unified_chip2/89672,0.005568059626966715,0.0005277726450003684,0.993904173374176
b1a0917a953c8dba6b7a862926fb7c3aff6f54391861625bcf556080e7765e66,ChatGLM,ChatGLM,other,unified_chip2/89672,0.9952893257141113,0.004648962989449501,6.171315908432007e-05
330cd834291b102137d24aade6ae4647c4ef721916896f3387e84f3ce3e6fbb5,ChatGLM,ChatGLM,other,dolly_15k/closed_qa/735,0.9761097431182861,0.023630062118172646,0.00026015244657173753
330cd834291b102137d24aade6ae4647c4ef721916896f3387e84f3ce3e6fbb5,Flan-T5,ChatGLM,other,dolly_15k/closed_qa/735,0.997498095035553,0.0024760900996625423,2.5781957447179593e-05
330cd834291b102137d24aade6ae4647c4ef721916896f3387e84f3ce3e6fbb5,MPT,ChatGLM,other,dolly_15k/closed_qa/735,0.874461829662323,0.004629168193787336,0.12090902030467987
9255b92918090cda57ebf22e75e4b6c45bfe294da904bb934e1b22dd1a182f6a,ChatGLM,ChatGLM,other,unified_chip2/153934,0.9842016100883484,0.013070866465568542,0.0027275425381958485
9255b92918090cda57ebf22e75e4b6c45bfe294da904bb934e1b22dd1a182f6a,Flan-T5,Flan-T5,other,unified_chip2/153934,0.19752748310565948,0.8023266196250916,0.00014586564793717116
9255b92918090cda57ebf22e75e4b6c45bfe294da904bb934e1b22dd1a182f6a,MPT,MPT,other,unified_chip2/153934,3.63027211278677e-05,3.0721930670551956e-05,0.9999328851699829
86d79739272d74b9af6d06bd168a054a5cb749d9a9ae78a7f051e435a711823f,MPT,MPT,other,unified_chip2/40387,0.0021797206718474627,0.004146278370171785,0.9936740398406982
86d79739272d74b9af6d06bd168a054a5cb749d9a9ae78a7f051e435a711823f,Flan-T5,Flan-T5,other,unified_chip2/40387,0.006837903987616301,0.9931308627128601,3.126371666439809e-05
86d79739272d74b9af6d06bd168a054a5cb749d9a9ae78a7f051e435a711823f,ChatGLM,ChatGLM,other,unified_chip2/40387,0.999518632888794,0.0004560669476632029,2.5315446691820398e-05
6dc3ded33447ef286e27f6bd5ba6fa5cd69c10131724d65df044a53f26dff4b6,ChatGLM,ChatGLM,other,unified_chip2/120908,0.9994975328445435,0.0004715232935268432,3.0962655728217214e-05
6dc3ded33447ef286e27f6bd5ba6fa5cd69c10131724d65df044a53f26dff4b6,MPT,MPT,other,unified_chip2/120908,0.00021012515935581177,0.0008758280309848487,0.9989140033721924
6dc3ded33447ef286e27f6bd5ba6fa5cd69c10131724d65df044a53f26dff4b6,Flan-T5,Flan-T5,other,unified_chip2/120908,0.001885373261757195,0.9970458149909973,0.0010688757756724954
8dc67776ec4913e85d00574a6df8c2c0a83204301f211482e808600d6e62afb9,MPT,MPT,other,unified_chip2/157406,0.00014075652870815247,0.001639244263060391,0.9982200264930725
8dc67776ec4913e85d00574a6df8c2c0a83204301f211482e808600d6e62afb9,ChatGLM,ChatGLM,other,unified_chip2/157406,0.9959783554077148,0.0004516305052675307,0.0035700208973139524
8dc67776ec4913e85d00574a6df8c2c0a83204301f211482e808600d6e62afb9,Flan-T5,Flan-T5,other,unified_chip2/157406,0.006028086878359318,0.9909391403198242,0.0030327257700264454
8b190f79ffe9943b7a0eede1d5e3666cd0c31c1771a60b7768d71d89f5e07292,ChatGLM,Flan-T5,other,unified_chip2/81542,0.15702718496322632,0.8415695428848267,0.0014032513136044145
8b190f79ffe9943b7a0eede1d5e3666cd0c31c1771a60b7768d71d89f5e07292,MPT,MPT,other,unified_chip2/81542,0.00013013690477237105,5.569645054492867e-06,0.9998642206192017
8b190f79ffe9943b7a0eede1d5e3666cd0c31c1771a60b7768d71d89f5e07292,Flan-T5,Flan-T5,other,unified_chip2/81542,0.009768417105078697,0.9901796579360962,5.192998651182279e-05
7ee5ed0d735effc7db2f3e340c10062893d13e53e9502cba254d000aafe389fd,Flan-T5,Flan-T5,other,unified_chip2/118349,0.003801274113357067,0.9956575632095337,0.0005411672173067927
7ee5ed0d735effc7db2f3e340c10062893d13e53e9502cba254d000aafe389fd,ChatGLM,ChatGLM,other,unified_chip2/118349,0.9998506307601929,7.307051419047639e-05,7.631987682543695e-05
7ee5ed0d735effc7db2f3e340c10062893d13e53e9502cba254d000aafe389fd,MPT,MPT,other,unified_chip2/118349,0.00011402893142076209,7.764340807625558e-06,0.9998781681060791
e63668a6094ac96d91a3e41905d201ac7828da1661c91e9d2ec1967be0533465,MPT,MPT,other,unified_chip2/83118,0.007271138485521078,0.0011792225996032357,0.9915496110916138
e63668a6094ac96d91a3e41905d201ac7828da1661c91e9d2ec1967be0533465,Flan-T5,Flan-T5,other,unified_chip2/83118,0.38107600808143616,0.613247275352478,0.0056767635978758335
e63668a6094ac96d91a3e41905d201ac7828da1661c91e9d2ec1967be0533465,ChatGLM,ChatGLM,other,unified_chip2/83118,0.9991994500160217,0.0007788302609696984,2.165460682590492e-05
d0a35f6c27da11ccf8d50b74c0c0680bc4188bf7a23ca69e5ba3a0c255fcb39f,MPT,MPT,other,unified_chip2/34137,0.0009554215357638896,2.9929848096799105e-05,0.9990146160125732
d0a35f6c27da11ccf8d50b74c0c0680bc4188bf7a23ca69e5ba3a0c255fcb39f,ChatGLM,ChatGLM,other,unified_chip2/34137,0.9996767044067383,0.0002903940330725163,3.2917014323174953e-05
d0a35f6c27da11ccf8d50b74c0c0680bc4188bf7a23ca69e5ba3a0c255fcb39f,Flan-T5,Flan-T5,other,unified_chip2/34137,0.0027230249252170324,0.9972440004348755,3.296021168353036e-05
73cc4e6afffccfb930e5f53654d5e260fd11932efcbbe652805c5340cfa323d0,Flan-T5,Flan-T5,other,unified_chip2/36469,0.004648858681321144,0.9949139356613159,0.00043723409180529416
73cc4e6afffccfb930e5f53654d5e260fd11932efcbbe652805c5340cfa323d0,MPT,MPT,other,unified_chip2/36469,0.00014252925757318735,0.0001458149345126003,0.9997115731239319
73cc4e6afffccfb930e5f53654d5e260fd11932efcbbe652805c5340cfa323d0,ChatGLM,ChatGLM,other,unified_chip2/36469,0.9995052814483643,0.00044909154530614614,4.5662942284252495e-05
e853bd555234a136233dc538a15d5ebac4f434e492309423e6686f967bc46314,MPT,MPT,other,unified_chip2/155344,0.0010965467663481832,0.0002208503137808293,0.9986825585365295
e853bd555234a136233dc538a15d5ebac4f434e492309423e6686f967bc46314,Flan-T5,Flan-T5,other,unified_chip2/155344,0.0005323361838236451,0.999126136302948,0.0003415477694943547
e853bd555234a136233dc538a15d5ebac4f434e492309423e6686f967bc46314,ChatGLM,ChatGLM,other,unified_chip2/155344,0.9998237490653992,0.00013795039558317512,3.8386177038773894e-05
7f444d18da7affe0ecd230395dd73b6d08dbbaba44681d546ca209760bfa5803,MPT,MPT,other,unified_chip2/15783,6.148460670374334e-05,1.265553328266833e-05,0.9999258518218994
7f444d18da7affe0ecd230395dd73b6d08dbbaba44681d546ca209760bfa5803,Flan-T5,Flan-T5,other,unified_chip2/15783,0.0005323361838236451,0.999126136302948,0.0003415477694943547
7f444d18da7affe0ecd230395dd73b6d08dbbaba44681d546ca209760bfa5803,ChatGLM,ChatGLM,other,unified_chip2/15783,0.9998478889465332,8.048595918808132e-05,7.158589869504794e-05
e5951b175bfee634ccccc5989bc895dc8aded6d600c5b1dee200b083a839a231,MPT,MPT,other,unified_chip2/155536,0.0002903284039348364,6.225799097592244e-06,0.9997034668922424
e5951b175bfee634ccccc5989bc895dc8aded6d600c5b1dee200b083a839a231,Flan-T5,Flan-T5,other,unified_chip2/155536,0.11451612412929535,0.8846317529678345,0.0008521446725353599
e5951b175bfee634ccccc5989bc895dc8aded6d600c5b1dee200b083a839a231,ChatGLM,ChatGLM,other,unified_chip2/155536,0.9998089671134949,6.66396226733923e-05,0.0001244562299689278
02ba70aa3fc15891610915f627d1e27c704c9f4ce1dfe2e7953aba35bdfb2c91,MPT,MPT,other,dolly_15k/open_qa/3255,0.0023154879454523325,0.003457284765318036,0.9942272901535034
02ba70aa3fc15891610915f627d1e27c704c9f4ce1dfe2e7953aba35bdfb2c91,ChatGLM,ChatGLM,other,dolly_15k/open_qa/3255,0.9946960210800171,0.00523129478096962,7.26431462680921e-05
02ba70aa3fc15891610915f627d1e27c704c9f4ce1dfe2e7953aba35bdfb2c91,Flan-T5,Flan-T5,other,dolly_15k/open_qa/3255,0.07094632834196091,0.9288411736488342,0.00021252343140076846
dff861ccf6906f23920c678ddab2079698c42a613a6fbf0c572b10b5bd5b135d,Flan-T5,Flan-T5,other,unified_chip2/49820,0.031843047589063644,0.9677851796150208,0.000371797097614035
dff861ccf6906f23920c678ddab2079698c42a613a6fbf0c572b10b5bd5b135d,MPT,MPT,other,unified_chip2/49820,7.102833478711545e-05,1.122424464483629e-06,0.9999278783798218
dff861ccf6906f23920c678ddab2079698c42a613a6fbf0c572b10b5bd5b135d,ChatGLM,ChatGLM,other,unified_chip2/49820,0.9998667240142822,0.00012486860214266926,8.290699042845517e-06
b52b281af2990e931966f63aad1de001794ebc81e70029cf1d75f11401af1fc8,ChatGLM,ChatGLM,other,unified_chip2/159887,0.998374342918396,0.001571696368046105,5.397090717451647e-05
b52b281af2990e931966f63aad1de001794ebc81e70029cf1d75f11401af1fc8,MPT,MPT,other,unified_chip2/159887,0.00019368377979844809,1.3920106539444532e-05,0.9997923970222473
b52b281af2990e931966f63aad1de001794ebc81e70029cf1d75f11401af1fc8,Flan-T5,Flan-T5,other,unified_chip2/159887,0.011570694856345654,0.9654935002326965,0.02293582633137703
cb72bdd9d797eee0d43ade4c433734823945df5b36fee0052754ca4dc127a3e4,Flan-T5,Flan-T5,other,unified_chip2/109037,0.018741555511951447,0.9800099730491638,0.001248508458957076
cb72bdd9d797eee0d43ade4c433734823945df5b36fee0052754ca4dc127a3e4,MPT,MPT,other,unified_chip2/109037,0.0004333896504249424,1.4523290701617952e-05,0.9995520710945129
cb72bdd9d797eee0d43ade4c433734823945df5b36fee0052754ca4dc127a3e4,ChatGLM,ChatGLM,other,unified_chip2/109037,0.995500385761261,7.63965435908176e-05,0.004423175938427448
6f32a1c4edde37dac34ced068c4edb5bf731107dc6d3de5131621c4479ed08bb,Flan-T5,Flan-T5,other,unified_chip2/55529,0.02241619862616062,0.9775372743606567,4.6541474148398265e-05
6f32a1c4edde37dac34ced068c4edb5bf731107dc6d3de5131621c4479ed08bb,MPT,MPT,other,unified_chip2/55529,0.050602786242961884,5.3309886425267905e-06,0.9493918418884277
6f32a1c4edde37dac34ced068c4edb5bf731107dc6d3de5131621c4479ed08bb,ChatGLM,ChatGLM,other,unified_chip2/55529,0.9967255592346191,0.0031532749999314547,0.00012119977327529341
7a03b61de96845a612f52c6c2f54bad815953dbf6163f6d62e993798e9f0662e,Flan-T5,Flan-T5,other,unified_chip2/102116,0.004611646756529808,0.9951879978179932,0.00020028046856168658
7a03b61de96845a612f52c6c2f54bad815953dbf6163f6d62e993798e9f0662e,ChatGLM,ChatGLM,other,unified_chip2/102116,0.9992942810058594,0.0006888359785079956,1.694323873380199e-05
7a03b61de96845a612f52c6c2f54bad815953dbf6163f6d62e993798e9f0662e,MPT,MPT,other,unified_chip2/102116,1.4834809007879812e-05,3.2853429274837254e-06,0.9999818801879883
cd5242b04cd88d6005b9084b46247aecb649ee28161b74c85891d9d63394940a,ChatGLM,ChatGLM,other,unified_chip2/130080,0.9917116165161133,0.008256468921899796,3.196468605892733e-05
cd5242b04cd88d6005b9084b46247aecb649ee28161b74c85891d9d63394940a,Flan-T5,Flan-T5,other,unified_chip2/130080,0.0018116967985406518,0.9979597330093384,0.00022860390890855342
cd5242b04cd88d6005b9084b46247aecb649ee28161b74c85891d9d63394940a,MPT,MPT,other,unified_chip2/130080,0.0001023529694066383,6.025277912158344e-07,0.9998970031738281
5e3acfd2b8e2151e8dd2ad35a0043d162964e2841a83084b1e5c6186d7480d92,Flan-T5,Flan-T5,other,unified_chip2/9389,0.49382370710372925,0.5058713555335999,0.0003049738297704607
5e3acfd2b8e2151e8dd2ad35a0043d162964e2841a83084b1e5c6186d7480d92,MPT,MPT,other,unified_chip2/9389,0.003204451408237219,0.0004735549446195364,0.9963220357894897
5e3acfd2b8e2151e8dd2ad35a0043d162964e2841a83084b1e5c6186d7480d92,ChatGLM,ChatGLM,other,unified_chip2/9389,0.9989880919456482,0.0005475675570778549,0.0004643420106731355
fb1f96a50a438136e6c421ad8a2d11058fbf883210dfc209ec581fb285cf0519,ChatGLM,ChatGLM,other,unified_chip2/43145,0.9999845027923584,1.14972372102784e-05,4.079957307112636e-06
fb1f96a50a438136e6c421ad8a2d11058fbf883210dfc209ec581fb285cf0519,Flan-T5,Flan-T5,other,unified_chip2/43145,0.0023475063499063253,0.99764084815979,1.168075959867565e-05
fb1f96a50a438136e6c421ad8a2d11058fbf883210dfc209ec581fb285cf0519,MPT,MPT,other,unified_chip2/43145,5.4195497796172276e-05,3.5026819205086213e-06,0.9999423027038574
4a7ce756dcd8f92f1ef1aef855f1333dc63d1d689848dc8763dcf0f4b8b249fd,ChatGLM,ChatGLM,other,unified_chip2/84245,0.9999409914016724,5.385060285334475e-05,5.137012522027362e-06
4a7ce756dcd8f92f1ef1aef855f1333dc63d1d689848dc8763dcf0f4b8b249fd,Flan-T5,Flan-T5,other,unified_chip2/84245,0.0069114756770431995,0.9908789992332458,0.002209523692727089
4a7ce756dcd8f92f1ef1aef855f1333dc63d1d689848dc8763dcf0f4b8b249fd,MPT,MPT,other,unified_chip2/84245,1.840976437961217e-05,1.178132151835598e-06,0.9999804496765137
a681210b3489bb438d0b8e0b02443f96879891437027d3ff67d775c4213354f4,MPT,MPT,other,unified_chip2/23025,0.000133635985548608,4.2832303734030575e-05,0.9998236298561096
a681210b3489bb438d0b8e0b02443f96879891437027d3ff67d775c4213354f4,Flan-T5,Flan-T5,other,unified_chip2/23025,0.025470737367868423,0.9736818671226501,0.0008474080823361874
a681210b3489bb438d0b8e0b02443f96879891437027d3ff67d775c4213354f4,ChatGLM,ChatGLM,other,unified_chip2/23025,0.9995864033699036,0.000377554475562647,3.6123634345130995e-05
4ab6777535d2becd2d125644d8bcfa783462a4e759e7f39b9bc7284d9281795d,Flan-T5,Flan-T5,other,unified_chip2/35893,0.0017552452627569437,0.9980872273445129,0.0001575419446453452
4ab6777535d2becd2d125644d8bcfa783462a4e759e7f39b9bc7284d9281795d,MPT,MPT,other,unified_chip2/35893,0.0003350307233631611,0.000490408216137439,0.9991745352745056
4ab6777535d2becd2d125644d8bcfa783462a4e759e7f39b9bc7284d9281795d,ChatGLM,ChatGLM,other,unified_chip2/35893,0.9998478889465332,0.0001465153764002025,5.620071988232667e-06
5b97d0333cfb283ecc0cd7f53cc428c02012525dbb654283adf2240c81a21894,ChatGLM,ChatGLM,other,unified_chip2/45697,0.9871571660041809,0.012819881550967693,2.2992255253484473e-05
5b97d0333cfb283ecc0cd7f53cc428c02012525dbb654283adf2240c81a21894,Flan-T5,Flan-T5,other,unified_chip2/45697,0.0035834063310176134,0.9962445497512817,0.00017202891467604786
5b97d0333cfb283ecc0cd7f53cc428c02012525dbb654283adf2240c81a21894,MPT,MPT,other,unified_chip2/45697,0.07516591250896454,0.005503613036125898,0.9193304181098938
3e5c6594a2d0ae699a567403bb0de7b948b2df09126d3a58e674c49bd8b044b0,ChatGLM,ChatGLM,other,unified_chip2/85949,0.9966758489608765,0.00315327406860888,0.00017082045087590814
3e5c6594a2d0ae699a567403bb0de7b948b2df09126d3a58e674c49bd8b044b0,Flan-T5,Flan-T5,other,unified_chip2/85949,0.0063881659880280495,0.9933294057846069,0.00028241725522093475
3e5c6594a2d0ae699a567403bb0de7b948b2df09126d3a58e674c49bd8b044b0,MPT,MPT,other,unified_chip2/85949,6.703136023133993e-05,2.9099107905494748e-06,0.9999301433563232
ea88b27b48e38a8b29534a17d311a49edbb40fd95795fa71ed75ebc45fe1df2d,MPT,MPT,other,unified_chip2/28790,0.0075782290659844875,8.97238714969717e-05,0.9923321008682251
ea88b27b48e38a8b29534a17d311a49edbb40fd95795fa71ed75ebc45fe1df2d,Flan-T5,Flan-T5,other,unified_chip2/28790,0.022557923570275307,0.9761540293693542,0.001288041123189032
ea88b27b48e38a8b29534a17d311a49edbb40fd95795fa71ed75ebc45fe1df2d,ChatGLM,ChatGLM,other,unified_chip2/28790,0.9997294545173645,3.651844599517062e-05,0.00023412016162183136
c6d15a111c849e7d2ec8657c8437d2b707cd5a04649a7acd74fba383eeba755d,ChatGLM,ChatGLM,other,unified_chip2/89601,0.9999754428863525,2.19751127588097e-05,2.6148668439418543e-06
c6d15a111c849e7d2ec8657c8437d2b707cd5a04649a7acd74fba383eeba755d,MPT,ChatGLM,other,unified_chip2/89601,0.99895179271698,2.0924193449900486e-05,0.0010271809296682477
c6d15a111c849e7d2ec8657c8437d2b707cd5a04649a7acd74fba383eeba755d,Flan-T5,Flan-T5,other,unified_chip2/89601,0.0005338526098057628,0.9989696741104126,0.0004964738618582487
eec26f63fc1799c5a39a236df5a731e0982044e8b98d26d32db9a6152096795a,Flan-T5,Flan-T5,other,unified_chip2/72746,0.02255554497241974,0.8368398547172546,0.1406046599149704
eec26f63fc1799c5a39a236df5a731e0982044e8b98d26d32db9a6152096795a,ChatGLM,ChatGLM,other,unified_chip2/72746,0.9998557567596436,0.00013405729259829968,1.0075779755425174e-05
eec26f63fc1799c5a39a236df5a731e0982044e8b98d26d32db9a6152096795a,MPT,MPT,other,unified_chip2/72746,9.460136789130047e-05,3.216609184164554e-05,0.999873161315918
7473a6a59e47ffb2857e060a6f91ce1d441937192ac0a6ec6e873a914d511427,ChatGLM,ChatGLM,other,unified_chip2/165747,0.9976018071174622,0.001638418179936707,0.0007598265074193478
7473a6a59e47ffb2857e060a6f91ce1d441937192ac0a6ec6e873a914d511427,MPT,MPT,other,unified_chip2/165747,0.0001381429610773921,3.258171273046173e-05,0.9998292922973633
7473a6a59e47ffb2857e060a6f91ce1d441937192ac0a6ec6e873a914d511427,Flan-T5,Flan-T5,other,unified_chip2/165747,0.01645173691213131,0.9395303726196289,0.044017914682626724
1f59c082d36de22e3d3bc1d3014d084857e62855e6926ae4db91a87c49d1359c,MPT,MPT,other,dolly_15k/closed_qa/1256,0.014445544220507145,0.0001334694097749889,0.9854210019111633
1f59c082d36de22e3d3bc1d3014d084857e62855e6926ae4db91a87c49d1359c,Flan-T5,Flan-T5,other,dolly_15k/closed_qa/1256,0.018457802012562752,0.9350989460945129,0.04644326493144035
1f59c082d36de22e3d3bc1d3014d084857e62855e6926ae4db91a87c49d1359c,ChatGLM,ChatGLM,other,dolly_15k/closed_qa/1256,0.5197744369506836,0.041555095463991165,0.43867045640945435
8860743de24598479da6f429a115b9809da7742b4a01d8439964e23ffbecf96e,ChatGLM,ChatGLM,other,unified_chip2/143895,0.99978107213974,0.00010453640425112098,0.00011444609117461368
8860743de24598479da6f429a115b9809da7742b4a01d8439964e23ffbecf96e,MPT,MPT,other,unified_chip2/143895,1.7233571270480752e-05,2.130063876393251e-05,0.9999613761901855
8860743de24598479da6f429a115b9809da7742b4a01d8439964e23ffbecf96e,Flan-T5,Flan-T5,other,unified_chip2/143895,0.09735289216041565,0.9025433659553528,0.00010379761806689203
fbb4a9f4c37e3493a38283ed32c790a83ef1fba6222710056b965f1ac9087dd8,Flan-T5,Flan-T5,other,unified_chip2/24035,0.054368019104003906,0.9274192452430725,0.018212802708148956
fbb4a9f4c37e3493a38283ed32c790a83ef1fba6222710056b965f1ac9087dd8,MPT,MPT,other,unified_chip2/24035,7.977839413797483e-05,3.721036591741722e-06,0.9999165534973145
fbb4a9f4c37e3493a38283ed32c790a83ef1fba6222710056b965f1ac9087dd8,ChatGLM,ChatGLM,other,unified_chip2/24035,0.9997571110725403,0.00011015497148036957,0.00013282321742735803
28359ca0801763c300457771dba34bfa5ea06153c3722b12ddfe62c9f7e45e74,MPT,MPT,other,unified_chip2/106080,0.0001642256393097341,0.0002225198404630646,0.999613344669342
28359ca0801763c300457771dba34bfa5ea06153c3722b12ddfe62c9f7e45e74,ChatGLM,Flan-T5,other,unified_chip2/106080,0.03616824746131897,0.9621250629425049,0.001706707407720387
28359ca0801763c300457771dba34bfa5ea06153c3722b12ddfe62c9f7e45e74,Flan-T5,Flan-T5,other,unified_chip2/106080,0.00271988520398736,0.9953372478485107,0.0019428773084655404
8a37adad4d292857b0c84945ad96750b1bf25d8a390eee6bee23ea985070944b,MPT,MPT,other,unified_chip2/34088,0.0015787213342264295,8.14421073300764e-05,0.9983398914337158
8a37adad4d292857b0c84945ad96750b1bf25d8a390eee6bee23ea985070944b,ChatGLM,ChatGLM,other,unified_chip2/34088,0.9992254972457886,0.0002280053886352107,0.0005465055583044887
8a37adad4d292857b0c84945ad96750b1bf25d8a390eee6bee23ea985070944b,Flan-T5,Flan-T5,other,unified_chip2/34088,0.0016151618910953403,0.9982218146324158,0.000162989177624695
83f2eb5f1901ac164b384cd1b7e1cfe9af62a231b56d8ef5e224ac90a56266af,ChatGLM,ChatGLM,other,unified_chip2/106608,0.9947861433029175,0.0033785556443035603,0.001835230621509254
83f2eb5f1901ac164b384cd1b7e1cfe9af62a231b56d8ef5e224ac90a56266af,Flan-T5,ChatGLM,other,unified_chip2/106608,0.8683066368103027,0.12490341067314148,0.00678998464718461
83f2eb5f1901ac164b384cd1b7e1cfe9af62a231b56d8ef5e224ac90a56266af,MPT,MPT,other,unified_chip2/106608,0.40143057703971863,0.0021152098197489977,0.5964542031288147
fc54d53c37270cc90e06697e340046ce94d2a6ad8f414db85904cf6c41730203,ChatGLM,ChatGLM,other,unified_chip2/87058,0.9960145950317383,0.0039208270609378815,6.455675611505285e-05
fc54d53c37270cc90e06697e340046ce94d2a6ad8f414db85904cf6c41730203,Flan-T5,Flan-T5,other,unified_chip2/87058,0.003404528135433793,0.9935755133628845,0.003019951982423663
fc54d53c37270cc90e06697e340046ce94d2a6ad8f414db85904cf6c41730203,MPT,MPT,other,unified_chip2/87058,0.10368639975786209,0.013056396506726742,0.8832572102546692
ea1b3dfad6f386eaa1e084a0d5b7e1ce6f70bd613116436f1f7cb027571d8b9d,ChatGLM,ChatGLM,other,unified_chip2/72047,0.9997683167457581,0.0002203145995736122,1.126874667534139e-05
ea1b3dfad6f386eaa1e084a0d5b7e1ce6f70bd613116436f1f7cb027571d8b9d,MPT,MPT,other,unified_chip2/72047,0.0005549851339310408,8.420847007073462e-05,0.9993607401847839
ea1b3dfad6f386eaa1e084a0d5b7e1ce6f70bd613116436f1f7cb027571d8b9d,Flan-T5,Flan-T5,other,unified_chip2/72047,0.020188290625810623,0.9797856211662292,2.6044881451525725e-05
fa69bd5ddc8460f964a2df3fdb33407b7a14bdf6f632d6834898a6b87560e8c5,MPT,MPT,other,unified_chip2/15382,0.00011184250615769997,4.187521426501917e-06,0.9998840093612671
fa69bd5ddc8460f964a2df3fdb33407b7a14bdf6f632d6834898a6b87560e8c5,Flan-T5,Flan-T5,other,unified_chip2/15382,0.01277607399970293,0.987066924571991,0.00015700195217505097
fa69bd5ddc8460f964a2df3fdb33407b7a14bdf6f632d6834898a6b87560e8c5,ChatGLM,ChatGLM,other,unified_chip2/15382,0.9997181296348572,1.2892965060018469e-05,0.0002689366810955107
24a6866d428d2eee12746c433db7b4c3602368d56f9664bf8164ae608ff5253c,Flan-T5,Flan-T5,other,unified_chip2/20838,0.09141972661018372,0.9083225727081299,0.00025767568149603903
24a6866d428d2eee12746c433db7b4c3602368d56f9664bf8164ae608ff5253c,MPT,MPT,other,unified_chip2/20838,0.00772083830088377,2.6502633772906847e-05,0.9922526478767395
24a6866d428d2eee12746c433db7b4c3602368d56f9664bf8164ae608ff5253c,ChatGLM,ChatGLM,other,unified_chip2/20838,0.9996904134750366,0.00015021389117464423,0.00015948260261211544
04874769d945401052fc5e39fef87c30c54891cdd54f8416c975f32950fb669f,ChatGLM,ChatGLM,other,unified_chip2/68877,0.9978860020637512,0.00020158194820396602,0.0019124139798805118
04874769d945401052fc5e39fef87c30c54891cdd54f8416c975f32950fb669f,Flan-T5,Flan-T5,other,unified_chip2/68877,0.0129009447991848,0.9855697751045227,0.0015293164178729057
04874769d945401052fc5e39fef87c30c54891cdd54f8416c975f32950fb669f,MPT,MPT,other,unified_chip2/68877,0.007010644767433405,0.001826818217523396,0.9911625385284424
ea7148a61201e099d1ce1e7ee3652ba2a9d993c7957b67c0271060d271493f15,ChatGLM,ChatGLM,other,unified_chip2/50130,0.999760091304779,0.00019537012849468738,4.4579697714652866e-05
ea7148a61201e099d1ce1e7ee3652ba2a9d993c7957b67c0271060d271493f15,MPT,MPT,other,unified_chip2/50130,0.00039328244747594,1.012877964967629e-05,0.9995966553688049
ea7148a61201e099d1ce1e7ee3652ba2a9d993c7957b67c0271060d271493f15,Flan-T5,Flan-T5,other,unified_chip2/50130,0.0005323361838236451,0.999126136302948,0.0003415477694943547
5aaedac8966c539a0d0184e5051d816d37bcdb07b5db800b24963f31d8bdbc37,MPT,MPT,other,unified_chip2/77921,0.004068808630108833,0.00013180803216528147,0.9957993626594543
5aaedac8966c539a0d0184e5051d816d37bcdb07b5db800b24963f31d8bdbc37,Flan-T5,ChatGLM,other,unified_chip2/77921,0.550813615322113,0.36504414677619934,0.0841422826051712
5aaedac8966c539a0d0184e5051d816d37bcdb07b5db800b24963f31d8bdbc37,ChatGLM,ChatGLM,other,unified_chip2/77921,0.9987456798553467,0.001228674896992743,2.560362008807715e-05
e2769e7d00fc96c2521d465d6c9b1c2385b08e04bea67bef0d1be434736173c0,ChatGLM,ChatGLM,other,unified_chip2/2077,0.9991921782493591,0.00017166703764814883,0.0006362403510138392
e2769e7d00fc96c2521d465d6c9b1c2385b08e04bea67bef0d1be434736173c0,Flan-T5,Flan-T5,other,unified_chip2/2077,0.014120117761194706,0.9838938117027283,0.001986102433875203
e2769e7d00fc96c2521d465d6c9b1c2385b08e04bea67bef0d1be434736173c0,MPT,MPT,other,unified_chip2/2077,8.103672007564455e-05,5.881743345526047e-05,0.9998601675033569
90b2964c08c00e68415af43c56c1026a64924812c2300f6941187c49fa01f847,MPT,MPT,other,unified_chip2/143840,9.534827404422686e-05,7.281080343091162e-06,0.9998973608016968
90b2964c08c00e68415af43c56c1026a64924812c2300f6941187c49fa01f847,Flan-T5,Flan-T5,other,unified_chip2/143840,0.009683714248239994,0.9891381859779358,0.0011780594941228628
90b2964c08c00e68415af43c56c1026a64924812c2300f6941187c49fa01f847,ChatGLM,ChatGLM,other,unified_chip2/143840,0.9999608993530273,3.223893145332113e-05,6.925240995769855e-06
0a306b05cb957ae906b984ce57be3dca1dee0f4340815c02c968de2b95d9222d,Flan-T5,Flan-T5,other,unified_chip2/104222,0.002331795170903206,0.9975247979164124,0.0001433921279385686
0a306b05cb957ae906b984ce57be3dca1dee0f4340815c02c968de2b95d9222d,MPT,MPT,other,unified_chip2/104222,0.0002581084845587611,6.20405116933398e-05,0.9996798038482666
0a306b05cb957ae906b984ce57be3dca1dee0f4340815c02c968de2b95d9222d,ChatGLM,ChatGLM,other,unified_chip2/104222,0.9856239557266235,5.417259308160283e-05,0.014321860857307911
b3455f19328846fdf2eda003af5dcdd167a7fe77b3e6bcca13324d5c417cd5fd,ChatGLM,ChatGLM,other,unified_chip2/138140,0.9999920129776001,1.5685923244745936e-06,6.465184924309142e-06
b3455f19328846fdf2eda003af5dcdd167a7fe77b3e6bcca13324d5c417cd5fd,MPT,MPT,other,unified_chip2/138140,3.4058008168358356e-05,1.1887475920957513e-05,0.9999539852142334
b3455f19328846fdf2eda003af5dcdd167a7fe77b3e6bcca13324d5c417cd5fd,Flan-T5,Flan-T5,other,unified_chip2/138140,0.0009190031560137868,0.998195230960846,0.0008857703069224954
7eb963c5c5785e354af903cf98e9c8e6477a1f182a42f9a979bb7ea408d5233f,Flan-T5,Flan-T5,other,unified_chip2/165516,0.15164640545845032,0.8480925559997559,0.0002610423252917826
7eb963c5c5785e354af903cf98e9c8e6477a1f182a42f9a979bb7ea408d5233f,ChatGLM,ChatGLM,other,unified_chip2/165516,0.9991900324821472,0.0007870420231483877,2.292692443006672e-05
7eb963c5c5785e354af903cf98e9c8e6477a1f182a42f9a979bb7ea408d5233f,MPT,ChatGLM,other,unified_chip2/165516,0.9969610571861267,0.0011648725485429168,0.001874113455414772
ce71227235e66d595d872456a960ba717154da180208e83011c0b26b83c9b66f,ChatGLM,ChatGLM,other,unified_chip2/101184,0.9998607635498047,5.377953584684292e-06,0.00013390259118750691
ce71227235e66d595d872456a960ba717154da180208e83011c0b26b83c9b66f,MPT,MPT,other,unified_chip2/101184,0.00015289041039068252,7.868056854931638e-06,0.999839186668396
ce71227235e66d595d872456a960ba717154da180208e83011c0b26b83c9b66f,Flan-T5,Flan-T5,other,unified_chip2/101184,0.0041625420562922955,0.9957314133644104,0.00010602800466585904
8273e31e70f57c5fcb505e587daf4c1a1496eea881da4f9e8aac943534b6766f,MPT,MPT,other,unified_chip2/41206,1.9535276805981994e-05,2.724633759498829e-06,0.999977707862854
8273e31e70f57c5fcb505e587daf4c1a1496eea881da4f9e8aac943534b6766f,Flan-T5,Flan-T5,other,unified_chip2/41206,0.005467993672937155,0.9920761585235596,0.0024558031000196934
8273e31e70f57c5fcb505e587daf4c1a1496eea881da4f9e8aac943534b6766f,ChatGLM,ChatGLM,other,unified_chip2/41206,0.9703208208084106,0.0015034836251288652,0.028175700455904007
10867a26d74c902c176fa1293230134dd6d6c09651aeeb4f9a9c13adf19f1178,Flan-T5,Flan-T5,other,unified_chip2/90098,0.009268159978091717,0.9905478358268738,0.00018398243992123753
10867a26d74c902c176fa1293230134dd6d6c09651aeeb4f9a9c13adf19f1178,ChatGLM,ChatGLM,other,unified_chip2/90098,0.9998049139976501,5.8262452512281016e-05,0.00013680315169040114
10867a26d74c902c176fa1293230134dd6d6c09651aeeb4f9a9c13adf19f1178,MPT,MPT,other,unified_chip2/90098,0.0006871825316920877,0.0004130078887101263,0.9988998174667358
89b23cfa59708924cff67664c0561990d2c70d181d0d886d2b60863996c4d407,Flan-T5,Flan-T5,other,unified_chip2/15855,0.005042918026447296,0.9946799874305725,0.0002771235886029899
89b23cfa59708924cff67664c0561990d2c70d181d0d886d2b60863996c4d407,ChatGLM,ChatGLM,other,unified_chip2/15855,0.9994720816612244,0.00036858764360658824,0.00015925354091450572
89b23cfa59708924cff67664c0561990d2c70d181d0d886d2b60863996c4d407,MPT,MPT,other,unified_chip2/15855,0.015350127592682838,0.003799076657742262,0.9808508157730103
a458111ae642e1e990946d01910191bb38f3565b315f602b410e9d6d723e6e3b,Flan-T5,Flan-T5,other,unified_chip2/115453,0.01755553111433983,0.9823878407478333,5.657476867781952e-05
a458111ae642e1e990946d01910191bb38f3565b315f602b410e9d6d723e6e3b,ChatGLM,ChatGLM,other,unified_chip2/115453,0.9945540428161621,0.0051455507054924965,0.00030042239814065397
a458111ae642e1e990946d01910191bb38f3565b315f602b410e9d6d723e6e3b,MPT,MPT,other,unified_chip2/115453,0.00012974532728549093,2.9662626275239745e-06,0.9998672008514404
02505717e10935144e040c3c1f7925feae68f81b96fcbd1820cf66e476b08b51,Flan-T5,Flan-T5,other,unified_chip2/127980,0.0010639475658535957,0.9988592863082886,7.673952495679259e-05
02505717e10935144e040c3c1f7925feae68f81b96fcbd1820cf66e476b08b51,MPT,MPT,other,unified_chip2/127980,7.276794349309057e-05,5.180008156457916e-05,0.9998754262924194
02505717e10935144e040c3c1f7925feae68f81b96fcbd1820cf66e476b08b51,ChatGLM,ChatGLM,other,unified_chip2/127980,0.5965615510940552,0.03360480070114136,0.36983367800712585
638e057469b139ddfcb483aee23d5a6a8f0bc4268e32d8a27a04fca294a06e68,Flan-T5,Flan-T5,other,unified_chip2/61838,0.0021973636467009783,0.9976307153701782,0.00017185593605972826
638e057469b139ddfcb483aee23d5a6a8f0bc4268e32d8a27a04fca294a06e68,MPT,MPT,other,unified_chip2/61838,0.17362476885318756,4.4306125346338376e-05,0.8263309001922607
638e057469b139ddfcb483aee23d5a6a8f0bc4268e32d8a27a04fca294a06e68,ChatGLM,ChatGLM,other,unified_chip2/61838,0.9951831698417664,0.0001218023244291544,0.00469500757753849
050d477f6491961ad9b38a70a9829964f166a2b4831b920b309af1f738fc90c5,ChatGLM,ChatGLM,other,unified_chip2/138583,0.9999741315841675,9.817008503887337e-06,1.614425673324149e-05
050d477f6491961ad9b38a70a9829964f166a2b4831b920b309af1f738fc90c5,Flan-T5,Flan-T5,other,unified_chip2/138583,0.032539479434490204,0.967419445514679,4.109873407287523e-05
050d477f6491961ad9b38a70a9829964f166a2b4831b920b309af1f738fc90c5,MPT,MPT,other,unified_chip2/138583,6.238000059965998e-05,0.00015167155652306974,0.9997859597206116
c82deb899602b1688d2e64047af4e10d53a4f402a6a48c362f1e22d3e0114593,MPT,MPT,other,unified_chip2/53433,1.7046681023202837e-05,7.683908734179568e-06,0.999975323677063
c82deb899602b1688d2e64047af4e10d53a4f402a6a48c362f1e22d3e0114593,Flan-T5,Flan-T5,other,unified_chip2/53433,0.0025983694940805435,0.9969207048416138,0.0004808953090105206
c82deb899602b1688d2e64047af4e10d53a4f402a6a48c362f1e22d3e0114593,ChatGLM,ChatGLM,other,unified_chip2/53433,0.996743381023407,3.524954809108749e-05,0.003221350722014904
859d69aecff74aa8410538c79be4af603c5d3b98a25782698dceb4f6734371d4,Flan-T5,ChatGLM,other,unified_chip2/128013,0.9503063559532166,0.00556922098621726,0.04412436485290527
859d69aecff74aa8410538c79be4af603c5d3b98a25782698dceb4f6734371d4,ChatGLM,ChatGLM,other,unified_chip2/128013,0.9654263854026794,0.021658677607774734,0.012914877384901047
859d69aecff74aa8410538c79be4af603c5d3b98a25782698dceb4f6734371d4,MPT,MPT,other,unified_chip2/128013,1.1558207916095853e-05,1.0753259402918047e-06,0.9999873638153076
925acbfb2c89a7e4d8cf7eb424c04bd4e2f82613ab5a16e5880c696b05658b99,MPT,MPT,other,unified_chip2/82418,0.003224070416763425,0.0001805041538318619,0.9965954422950745
925acbfb2c89a7e4d8cf7eb424c04bd4e2f82613ab5a16e5880c696b05658b99,Flan-T5,Flan-T5,other,unified_chip2/82418,0.0005323361838236451,0.999126136302948,0.0003415477694943547
925acbfb2c89a7e4d8cf7eb424c04bd4e2f82613ab5a16e5880c696b05658b99,ChatGLM,ChatGLM,other,unified_chip2/82418,0.9986386895179749,0.00012052935926476493,0.0012408220209181309
10f6d6d1bc5aa7337ff7990d45e03f375394330475abb790872764e328595e6b,ChatGLM,ChatGLM,other,unified_chip2/5436,0.9977433681488037,0.0002451041364111006,0.0020115613006055355
10f6d6d1bc5aa7337ff7990d45e03f375394330475abb790872764e328595e6b,MPT,MPT,other,unified_chip2/5436,0.00012753692863043398,9.157921158475801e-05,0.9997809529304504
10f6d6d1bc5aa7337ff7990d45e03f375394330475abb790872764e328595e6b,Flan-T5,Flan-T5,other,unified_chip2/5436,0.022983841598033905,0.9760269522666931,0.000989221502095461
01313368dbd4ada5bc5c63e647d37e5abfab7165698637ae60c7788b4bbbe112,Flan-T5,Flan-T5,other,dolly_15k/open_qa/740,0.016374370083212852,0.9812852144241333,0.0023403787054121494
01313368dbd4ada5bc5c63e647d37e5abfab7165698637ae60c7788b4bbbe112,ChatGLM,ChatGLM,other,dolly_15k/open_qa/740,0.6214132308959961,0.002254367573186755,0.37633243203163147
01313368dbd4ada5bc5c63e647d37e5abfab7165698637ae60c7788b4bbbe112,MPT,MPT,other,dolly_15k/open_qa/740,0.004316536709666252,5.426036295830272e-06,0.9956780076026917
aa7a07efcef2d5e9b7bb4f38c9010d620795f2ab20d64c412b662344de3bdb84,ChatGLM,ChatGLM,other,unified_chip2/18360,0.9998406171798706,0.00014111795462667942,1.8223561710328795e-05
aa7a07efcef2d5e9b7bb4f38c9010d620795f2ab20d64c412b662344de3bdb84,Flan-T5,Flan-T5,other,unified_chip2/18360,0.05599876120686531,0.9435775279998779,0.0004237617540638894
aa7a07efcef2d5e9b7bb4f38c9010d620795f2ab20d64c412b662344de3bdb84,MPT,MPT,other,unified_chip2/18360,0.0011535328812897205,7.861104677431285e-06,0.9988386034965515
9c8fba6cd47cf14a7604c57a4db8f587f28a29f2dfc77ee5b5a1bca0499f3f42,ChatGLM,ChatGLM,other,unified_chip2/58006,0.998799204826355,0.0010425398359075189,0.0001581939432071522
9c8fba6cd47cf14a7604c57a4db8f587f28a29f2dfc77ee5b5a1bca0499f3f42,MPT,MPT,other,unified_chip2/58006,1.1305854059173726e-05,1.7954859004021273e-06,0.9999868869781494
9c8fba6cd47cf14a7604c57a4db8f587f28a29f2dfc77ee5b5a1bca0499f3f42,Flan-T5,Flan-T5,other,unified_chip2/58006,0.0017552452627569437,0.9980872273445129,0.0001575419446453452
094b08569ddba0cd8c7c6439af0112d2337d9e42a9c3b18fbd7dcf153a77253d,MPT,MPT,other,unified_chip2/86377,0.02422928996384144,0.0036593638360500336,0.9721112847328186
094b08569ddba0cd8c7c6439af0112d2337d9e42a9c3b18fbd7dcf153a77253d,Flan-T5,Flan-T5,other,unified_chip2/86377,0.06086765229701996,0.9380584359169006,0.0010739507852122188
094b08569ddba0cd8c7c6439af0112d2337d9e42a9c3b18fbd7dcf153a77253d,ChatGLM,ChatGLM,other,unified_chip2/86377,0.9980337023735046,0.0008811741136014462,0.001085209776647389
d275509f26fde1ec9e37621a43173889efececf6eeb0751ecb0216454af82086,Flan-T5,Flan-T5,other,unified_chip2/120029,0.0035895253531634808,0.9960697889328003,0.00034067253000102937
d275509f26fde1ec9e37621a43173889efececf6eeb0751ecb0216454af82086,MPT,MPT,other,unified_chip2/120029,0.015098224394023418,2.9319107852643356e-06,0.9848988652229309
d275509f26fde1ec9e37621a43173889efececf6eeb0751ecb0216454af82086,ChatGLM,ChatGLM,other,unified_chip2/120029,0.9995238780975342,2.6196716135018505e-05,0.0004499605274759233
0c6ed887ae210754faa74a5d891a0991f7aad882d9708136d647b663dbcf5f8a,Flan-T5,Flan-T5,other,unified_chip2/22110,0.004736566916108131,0.9901397824287415,0.005123601760715246
0c6ed887ae210754faa74a5d891a0991f7aad882d9708136d647b663dbcf5f8a,ChatGLM,ChatGLM,other,unified_chip2/22110,0.9998683929443359,0.0001261762372450903,5.376984972826904e-06
0c6ed887ae210754faa74a5d891a0991f7aad882d9708136d647b663dbcf5f8a,MPT,MPT,other,unified_chip2/22110,4.828752935281955e-05,4.90244674438145e-05,0.9999027252197266
1e9f89fb6d7cf9355b3a3d7fdcee079c2583c571221d2ccbff3a8282cf02d83a,ChatGLM,ChatGLM,other,unified_chip2/119174,0.9994819760322571,0.00043252931209281087,8.552763756597415e-05
1e9f89fb6d7cf9355b3a3d7fdcee079c2583c571221d2ccbff3a8282cf02d83a,MPT,MPT,other,unified_chip2/119174,0.00020864956604782492,5.826170672662556e-05,0.999733030796051
1e9f89fb6d7cf9355b3a3d7fdcee079c2583c571221d2ccbff3a8282cf02d83a,Flan-T5,Flan-T5,other,unified_chip2/119174,0.31725043058395386,0.6822960376739502,0.00045351710286922753
88cb96eefdde94490c35c610bba2de74016b20d9e382eacdbeb18262302905a1,MPT,MPT,other,unified_chip2/23598,0.0001579068775754422,3.2178104447666556e-05,0.9998099207878113
88cb96eefdde94490c35c610bba2de74016b20d9e382eacdbeb18262302905a1,ChatGLM,ChatGLM,other,unified_chip2/23598,0.9967963099479675,7.954316970426589e-05,0.00312422146089375
88cb96eefdde94490c35c610bba2de74016b20d9e382eacdbeb18262302905a1,Flan-T5,Flan-T5,other,unified_chip2/23598,0.004865662660449743,0.9598105549812317,0.03532380238175392
1805cb04d1261af747466913e847a1f6cf1ad1db5c4639c7cc7ee3c0dc1d4c3f,ChatGLM,ChatGLM,other,unified_chip2/26107,0.9860386252403259,0.0014484459534287453,0.012513039633631706
1805cb04d1261af747466913e847a1f6cf1ad1db5c4639c7cc7ee3c0dc1d4c3f,Flan-T5,Flan-T5,other,unified_chip2/26107,0.0054369401186704636,0.9943285584449768,0.00023454158508684486
1805cb04d1261af747466913e847a1f6cf1ad1db5c4639c7cc7ee3c0dc1d4c3f,MPT,MPT,other,unified_chip2/26107,4.9575533921597525e-05,8.116142998915166e-05,0.9998692274093628
7e13aff2317d59067ff8b3deabe1b1fc2934f3199ac5f37d83b7a80b2be2ad33,MPT,MPT,other,unified_chip2/75342,1.9317467376822606e-05,3.723824647750007e-06,0.9999769926071167
7e13aff2317d59067ff8b3deabe1b1fc2934f3199ac5f37d83b7a80b2be2ad33,ChatGLM,ChatGLM,other,unified_chip2/75342,0.997560977935791,0.0018227429827675223,0.0006161889177747071
7e13aff2317d59067ff8b3deabe1b1fc2934f3199ac5f37d83b7a80b2be2ad33,Flan-T5,Flan-T5,other,unified_chip2/75342,0.019528759643435478,0.9803712368011475,0.00010002755880123004
5e6ae43a9f28b668b284f8e760607efdfaf08d5247c2c68d97794e8156180cae,MPT,MPT,other,unified_chip2/117287,5.6817912991391495e-05,0.00047269643982872367,0.9994705319404602
5e6ae43a9f28b668b284f8e760607efdfaf08d5247c2c68d97794e8156180cae,Flan-T5,Flan-T5,other,unified_chip2/117287,0.0005323361838236451,0.999126136302948,0.0003415477694943547
5e6ae43a9f28b668b284f8e760607efdfaf08d5247c2c68d97794e8156180cae,ChatGLM,ChatGLM,other,unified_chip2/117287,0.9999709129333496,2.0440618754946627e-05,8.740196790313348e-06
39a2b1d2b4d764d05db0dba083f210db9bea77e253f61d7037823fc433d4c2c6,Flan-T5,Flan-T5,other,unified_chip2/108261,0.005671157967299223,0.9917859435081482,0.002542893635109067
39a2b1d2b4d764d05db0dba083f210db9bea77e253f61d7037823fc433d4c2c6,MPT,MPT,other,unified_chip2/108261,8.69130963110365e-05,3.0001467166584916e-05,0.9998830556869507
39a2b1d2b4d764d05db0dba083f210db9bea77e253f61d7037823fc433d4c2c6,ChatGLM,ChatGLM,other,unified_chip2/108261,0.999369204044342,0.00028974126325920224,0.0003410510835237801
e407a6f3c049d4fa0c773f5fabf54e2cf50c038281aeffd3151624d1771b7015,Flan-T5,Flan-T5,other,unified_chip2/131795,0.0019183112308382988,0.9976152181625366,0.00046643553650937974
e407a6f3c049d4fa0c773f5fabf54e2cf50c038281aeffd3151624d1771b7015,MPT,MPT,other,unified_chip2/131795,0.00016543010133318603,3.689878576551564e-05,0.9997976422309875
e407a6f3c049d4fa0c773f5fabf54e2cf50c038281aeffd3151624d1771b7015,ChatGLM,ChatGLM,other,unified_chip2/131795,0.9999288320541382,9.81362427410204e-06,6.143907376099378e-05
0253f6176af36fb4197509430d478cbebe7854cbea6ba6b687be870acd6b9da0,ChatGLM,ChatGLM,other,unified_chip2/69879,0.9997207522392273,0.00026348853134550154,1.568834704812616e-05
0253f6176af36fb4197509430d478cbebe7854cbea6ba6b687be870acd6b9da0,MPT,MPT,other,unified_chip2/69879,3.1504470825893804e-05,7.346507118199952e-07,0.9999678134918213
0253f6176af36fb4197509430d478cbebe7854cbea6ba6b687be870acd6b9da0,Flan-T5,Flan-T5,other,unified_chip2/69879,0.01400027982890606,0.9851381778717041,0.0008615457336418331
bf5025a84349f1d89f9a65fb85ae0eebe682a2065e5f5c0d96dfa4bfe53558df,ChatGLM,ChatGLM,other,unified_chip2/161176,0.9998158812522888,0.00013423360360320657,4.9950067477766424e-05
bf5025a84349f1d89f9a65fb85ae0eebe682a2065e5f5c0d96dfa4bfe53558df,Flan-T5,Flan-T5,other,unified_chip2/161176,0.0021298157516866922,0.9964911341667175,0.001379075925797224
bf5025a84349f1d89f9a65fb85ae0eebe682a2065e5f5c0d96dfa4bfe53558df,MPT,MPT,other,unified_chip2/161176,2.127065818058327e-05,2.7764086553361267e-05,0.9999510049819946
261287d9602c9f401e1b89223e526e362a1d37b3bad182c8c5688fec777234e7,MPT,MPT,other,unified_chip2/68551,0.002272337907925248,6.86998464516364e-05,0.9976589679718018
261287d9602c9f401e1b89223e526e362a1d37b3bad182c8c5688fec777234e7,ChatGLM,ChatGLM,other,unified_chip2/68551,0.9997583031654358,0.00012883276212960482,0.00011281736806267872
261287d9602c9f401e1b89223e526e362a1d37b3bad182c8c5688fec777234e7,Flan-T5,Flan-T5,other,unified_chip2/68551,0.0021007368341088295,0.9965614676475525,0.001337810535915196
3ab77f631cf6334c734ca4a26df6d541f7fee3c72335104a19939af00a2b182a,ChatGLM,ChatGLM,other,unified_chip2/153051,0.9996962547302246,0.0002479685645084828,5.578641503234394e-05
3ab77f631cf6334c734ca4a26df6d541f7fee3c72335104a19939af00a2b182a,MPT,MPT,other,unified_chip2/153051,0.011487233452498913,0.00026838117628358305,0.9882444143295288
3ab77f631cf6334c734ca4a26df6d541f7fee3c72335104a19939af00a2b182a,Flan-T5,Flan-T5,other,unified_chip2/153051,0.01645173691213131,0.9395303726196289,0.044017914682626724
47af1c2d158ad4c709776e61756fec02433dfff9635545799408e84d91d4b711,ChatGLM,ChatGLM,other,unified_chip2/41977,0.9728096723556519,0.026896752417087555,0.0002935633820015937
47af1c2d158ad4c709776e61756fec02433dfff9635545799408e84d91d4b711,MPT,MPT,other,unified_chip2/41977,0.0025516541209071875,0.001772796967998147,0.9956755042076111
47af1c2d158ad4c709776e61756fec02433dfff9635545799408e84d91d4b711,Flan-T5,Flan-T5,other,unified_chip2/41977,0.007458985783159733,0.9922440648078918,0.00029693078249692917
c0638cf63b93226c630b3f3bba0f14d0e2652e4e3dd77308f545e3db6b3e3e50,MPT,MPT,other,unified_chip2/158296,0.0009380765841342509,8.407584391534328e-05,0.9989778995513916
c0638cf63b93226c630b3f3bba0f14d0e2652e4e3dd77308f545e3db6b3e3e50,ChatGLM,ChatGLM,other,unified_chip2/158296,0.9986591339111328,0.00010014649160439149,0.0012407924514263868
c0638cf63b93226c630b3f3bba0f14d0e2652e4e3dd77308f545e3db6b3e3e50,Flan-T5,Flan-T5,other,unified_chip2/158296,0.0032369783148169518,0.9907647371292114,0.005998215172439814
d91e56c390c003f33b43011726b78a0dd8f5de070008ce8e19fc76a57fbe409e,Flan-T5,Flan-T5,other,dolly_15k/classification/1057,0.024304017424583435,0.965239942073822,0.010456038638949394
d91e56c390c003f33b43011726b78a0dd8f5de070008ce8e19fc76a57fbe409e,ChatGLM,ChatGLM,other,dolly_15k/classification/1057,0.9665312767028809,0.03335738927125931,0.00011133515363326296
d91e56c390c003f33b43011726b78a0dd8f5de070008ce8e19fc76a57fbe409e,MPT,ChatGLM,other,dolly_15k/classification/1057,0.5120344758033752,0.010697780176997185,0.47726771235466003
6f0f6bb3ebc05395344371a46128d02d6fac39ea20ad7309d1b85cbc884a6a00,Flan-T5,Flan-T5,other,unified_chip2/9183,0.009222891181707382,0.9904008507728577,0.00037625193363055587
6f0f6bb3ebc05395344371a46128d02d6fac39ea20ad7309d1b85cbc884a6a00,MPT,MPT,other,unified_chip2/9183,0.004460521973669529,0.00025911282864399254,0.9952803254127502
6f0f6bb3ebc05395344371a46128d02d6fac39ea20ad7309d1b85cbc884a6a00,ChatGLM,ChatGLM,other,unified_chip2/9183,0.999933123588562,2.8612083042389713e-05,3.8204656448215246e-05
f18c6300c09ef6f058ec07c55e3067d39058542ffbdec28220ce4d7748410ddc,ChatGLM,ChatGLM,other,unified_chip2/126859,0.8691508173942566,0.13072939217090607,0.00011976722453255206
f18c6300c09ef6f058ec07c55e3067d39058542ffbdec28220ce4d7748410ddc,Flan-T5,Flan-T5,other,unified_chip2/126859,0.027915187180042267,0.971886932849884,0.0001978304935619235
f18c6300c09ef6f058ec07c55e3067d39058542ffbdec28220ce4d7748410ddc,MPT,MPT,other,unified_chip2/126859,0.0001554054324515164,0.00018887128680944443,0.9996557235717773
f5e45df5f3917bf738c920197c892cf4ded36b5820b576038501a432a42e6767,ChatGLM,ChatGLM,other,unified_chip2/13037,0.99981290102005,0.00012094273552065715,6.611712160520256e-05
f5e45df5f3917bf738c920197c892cf4ded36b5820b576038501a432a42e6767,Flan-T5,Flan-T5,other,unified_chip2/13037,0.0029911857564002275,0.9959381818771362,0.0010706490138545632
f5e45df5f3917bf738c920197c892cf4ded36b5820b576038501a432a42e6767,MPT,MPT,other,unified_chip2/13037,0.00013898042379878461,3.6761352930625435e-06,0.9998573064804077
985e88b4b94451c113f79dd781238ad044b84371e2555873f9e8a742a93a9565,MPT,MPT,other,unified_chip2/75761,0.10859085619449615,0.0219595767557621,0.8694496154785156
985e88b4b94451c113f79dd781238ad044b84371e2555873f9e8a742a93a9565,ChatGLM,ChatGLM,other,unified_chip2/75761,0.9999245405197144,7.030840060906485e-05,5.097292159916833e-06
985e88b4b94451c113f79dd781238ad044b84371e2555873f9e8a742a93a9565,Flan-T5,Flan-T5,other,unified_chip2/75761,0.00038585319998674095,0.9991015195846558,0.0005126653122715652
671dfa1d382c2f54e0f092b12d9de303d5db4d46cb373e8be8f2fce4fa98b9ed,ChatGLM,ChatGLM,other,unified_chip2/52368,0.9988162517547607,0.0007592217880301178,0.0004245535237714648
671dfa1d382c2f54e0f092b12d9de303d5db4d46cb373e8be8f2fce4fa98b9ed,Flan-T5,Flan-T5,other,unified_chip2/52368,0.008737705647945404,0.9907554984092712,0.0005067573511041701
671dfa1d382c2f54e0f092b12d9de303d5db4d46cb373e8be8f2fce4fa98b9ed,MPT,MPT,other,unified_chip2/52368,0.04089275375008583,0.0004293575475458056,0.9586778879165649
e34fbd57d821945591a97265f249d0024f22d4d98c43012c61d022dca07092ff,Flan-T5,Flan-T5,other,unified_chip2/114880,0.001583622768521309,0.9968900084495544,0.0015264041721820831
e34fbd57d821945591a97265f249d0024f22d4d98c43012c61d022dca07092ff,MPT,MPT,other,unified_chip2/114880,0.10269781947135925,5.4794716561445966e-05,0.8972473740577698
e34fbd57d821945591a97265f249d0024f22d4d98c43012c61d022dca07092ff,ChatGLM,ChatGLM,other,unified_chip2/114880,0.9930728077888489,0.006040830165147781,0.0008863536058925092
2c706c260093cd85ed6a4a2381ba65049d91a94b58f9988829bf6796b219a2fc,MPT,ChatGLM,other,unified_chip2/58633,0.7225934863090515,0.0254836305975914,0.2519228756427765
2c706c260093cd85ed6a4a2381ba65049d91a94b58f9988829bf6796b219a2fc,Flan-T5,Flan-T5,other,unified_chip2/58633,0.009683714248239994,0.9891381859779358,0.0011780594941228628
2c706c260093cd85ed6a4a2381ba65049d91a94b58f9988829bf6796b219a2fc,ChatGLM,ChatGLM,other,unified_chip2/58633,0.9966300129890442,0.0033521472942084074,1.781805076461751e-05
38b605527b7f80709090e0889d038c702373808a6a432b749f76032a24261083,MPT,MPT,other,unified_chip2/124949,0.044230591505765915,0.0002993711968883872,0.955470085144043
38b605527b7f80709090e0889d038c702373808a6a432b749f76032a24261083,Flan-T5,Flan-T5,other,unified_chip2/124949,0.009205861017107964,0.9897987842559814,0.00099532725289464
38b605527b7f80709090e0889d038c702373808a6a432b749f76032a24261083,ChatGLM,ChatGLM,other,unified_chip2/124949,0.9997971653938293,0.0001916865148814395,1.1231562893954106e-05
8ab20886303392b291dfea7e1ef47148db4f9dea18fa6cf809997158e7a75737,MPT,MPT,other,unified_chip2/165684,0.00010406460933154449,3.420327857384109e-06,0.9998924732208252
8ab20886303392b291dfea7e1ef47148db4f9dea18fa6cf809997158e7a75737,Flan-T5,Flan-T5,other,unified_chip2/165684,0.00023551959020551294,0.9993244409561157,0.00044002028880640864
8ab20886303392b291dfea7e1ef47148db4f9dea18fa6cf809997158e7a75737,ChatGLM,ChatGLM,other,unified_chip2/165684,0.9986697435379028,0.0013094686437398195,2.0816592950723134e-05
925ec3dcda6c2d0beb7261e10bbd37922d2bc818c55f4512b4ab86c5a12fed98,MPT,MPT,other,unified_chip2/3068,3.620241159296711e-06,1.3289931075632921e-06,0.9999951124191284
925ec3dcda6c2d0beb7261e10bbd37922d2bc818c55f4512b4ab86c5a12fed98,Flan-T5,Flan-T5,other,unified_chip2/3068,0.009989984333515167,0.9899299740791321,8.003618131624535e-05
925ec3dcda6c2d0beb7261e10bbd37922d2bc818c55f4512b4ab86c5a12fed98,ChatGLM,ChatGLM,other,unified_chip2/3068,0.9454243183135986,0.00017314529395662248,0.05440261960029602
b088c9fa8dc862f49f99028fdcc3fe7ea441cca4a1b10de4b89270b97060f0a3,MPT,MPT,other,unified_chip2/118749,0.0002607160131447017,6.060695341147948e-06,0.9997331500053406
b088c9fa8dc862f49f99028fdcc3fe7ea441cca4a1b10de4b89270b97060f0a3,Flan-T5,Flan-T5,other,unified_chip2/118749,0.0017552452627569437,0.9980872273445129,0.0001575419446453452
b088c9fa8dc862f49f99028fdcc3fe7ea441cca4a1b10de4b89270b97060f0a3,ChatGLM,ChatGLM,other,unified_chip2/118749,0.9998434782028198,0.00011201431334484369,4.447008541319519e-05
2f5c067753ef8e87e6553a1ef73e10d08e37ba1150d282f223e74dbb5a48c2eb,Flan-T5,Flan-T5,other,unified_chip2/60183,0.009683714248239994,0.9891381859779358,0.0011780594941228628
2f5c067753ef8e87e6553a1ef73e10d08e37ba1150d282f223e74dbb5a48c2eb,ChatGLM,ChatGLM,other,unified_chip2/60183,0.9993553757667542,5.155762119102292e-05,0.0005930843180976808
2f5c067753ef8e87e6553a1ef73e10d08e37ba1150d282f223e74dbb5a48c2eb,MPT,MPT,other,unified_chip2/60183,0.00010687522444641218,0.0002813175378832966,0.9996117949485779
435c46e54e165e285af590693d1e657f4994a2d37a39db4299d89c2824328eaa,ChatGLM,ChatGLM,other,unified_chip2/74541,0.9997573494911194,0.00022030924446880817,2.232443330285605e-05
435c46e54e165e285af590693d1e657f4994a2d37a39db4299d89c2824328eaa,MPT,MPT,other,unified_chip2/74541,0.0003599149640649557,9.666926416684873e-06,0.9996304512023926
435c46e54e165e285af590693d1e657f4994a2d37a39db4299d89c2824328eaa,Flan-T5,Flan-T5,other,unified_chip2/74541,0.014793484471738338,0.9516550302505493,0.03355150669813156
4095787ce967fac5cf3c8135b962ee0a1254a84bcc9b9544361e04b48681a285,Flan-T5,Flan-T5,other,unified_chip2/114093,0.020236356183886528,0.9792055487632751,0.0005580701399594545
4095787ce967fac5cf3c8135b962ee0a1254a84bcc9b9544361e04b48681a285,MPT,MPT,other,unified_chip2/114093,3.74029841623269e-05,4.5773671445203945e-05,0.9999167919158936
4095787ce967fac5cf3c8135b962ee0a1254a84bcc9b9544361e04b48681a285,ChatGLM,ChatGLM,other,unified_chip2/114093,0.9999921321868896,2.375786152697401e-06,5.4909050959395245e-06
8de3b0f6e9d789ac334f82f45e7ed87583ae59870975832d2d686a0e7f2dad44,ChatGLM,ChatGLM,other,unified_chip2/4634,0.9997289776802063,1.6813566617202014e-05,0.00025425225612707436
8de3b0f6e9d789ac334f82f45e7ed87583ae59870975832d2d686a0e7f2dad44,Flan-T5,Flan-T5,other,unified_chip2/4634,0.18331539630889893,0.814572274684906,0.002112302463501692
8de3b0f6e9d789ac334f82f45e7ed87583ae59870975832d2d686a0e7f2dad44,MPT,MPT,other,unified_chip2/4634,0.001393658109009266,0.00019193525076843798,0.9984143972396851
e06dc375dc21aafafc61ac5b8d5b801434b172a34abbb3bf7ee7c3b2e7d3a740,ChatGLM,ChatGLM,other,unified_chip2/11249,0.9762049317359924,0.0012949934462085366,0.022500040009617805
e06dc375dc21aafafc61ac5b8d5b801434b172a34abbb3bf7ee7c3b2e7d3a740,MPT,MPT,other,unified_chip2/11249,0.0001356470020255074,7.886387902544811e-05,0.9997854828834534
e06dc375dc21aafafc61ac5b8d5b801434b172a34abbb3bf7ee7c3b2e7d3a740,Flan-T5,Flan-T5,other,unified_chip2/11249,0.013649466447532177,0.9804419279098511,0.005908590275794268
2a11117f8dc455852a2044814abfe5409cbb08ad90763563be4ce0495a38ccbe,MPT,MPT,other,unified_chip2/69148,2.963998485938646e-05,3.1230426884576445e-06,0.9999672174453735
2a11117f8dc455852a2044814abfe5409cbb08ad90763563be4ce0495a38ccbe,Flan-T5,Flan-T5,other,unified_chip2/69148,0.19800901412963867,0.7023041844367981,0.09968681633472443
2a11117f8dc455852a2044814abfe5409cbb08ad90763563be4ce0495a38ccbe,ChatGLM,ChatGLM,other,unified_chip2/69148,0.9998898506164551,3.719073356478475e-05,7.298917626030743e-05
4869518547af3f0e80558947e15ed8b627d461d7dd58cb963a3a095b5de0c642,Flan-T5,Flan-T5,other,unified_chip2/160561,0.0013950556749477983,0.9962367415428162,0.0023682175669819117
4869518547af3f0e80558947e15ed8b627d461d7dd58cb963a3a095b5de0c642,MPT,ChatGLM,other,unified_chip2/160561,0.8576331734657288,9.62167396210134e-05,0.14227060973644257
4869518547af3f0e80558947e15ed8b627d461d7dd58cb963a3a095b5de0c642,ChatGLM,ChatGLM,other,unified_chip2/160561,0.9997571110725403,0.00020222010789439082,4.060812352690846e-05
6e9d6319f21518ab388aa0c45a11323f895f002e85aa5f176752f83c7c447d17,MPT,MPT,other,unified_chip2/160391,0.00016374165716115385,7.883174839662388e-05,0.9997574687004089
6e9d6319f21518ab388aa0c45a11323f895f002e85aa5f176752f83c7c447d17,ChatGLM,ChatGLM,other,unified_chip2/160391,0.9995961785316467,2.4381253751926124e-05,0.0003793863579630852
6e9d6319f21518ab388aa0c45a11323f895f002e85aa5f176752f83c7c447d17,Flan-T5,Flan-T5,other,unified_chip2/160391,0.007133507635444403,0.9928256273269653,4.0875154809327796e-05
292e2ec44db3b6d2c2b1246661deacbcfd3268ae0e5e28864f30e1d462acfb51,ChatGLM,ChatGLM,other,unified_chip2/146272,0.9986698627471924,0.0012779723620042205,5.2163599320920184e-05
292e2ec44db3b6d2c2b1246661deacbcfd3268ae0e5e28864f30e1d462acfb51,Flan-T5,Flan-T5,other,unified_chip2/146272,0.022877231240272522,0.956186830997467,0.0209359023720026
292e2ec44db3b6d2c2b1246661deacbcfd3268ae0e5e28864f30e1d462acfb51,MPT,MPT,other,unified_chip2/146272,0.008285108022391796,0.00042822412797249854,0.9912866950035095
f9354280e9c5c49e1e4689fbb79dbb8bbde4dd48d08db7713788f4ca594051ff,MPT,MPT,writing,unified_chip2/23412,0.0004335690464358777,2.5793269742280245e-05,0.9995406866073608
f9354280e9c5c49e1e4689fbb79dbb8bbde4dd48d08db7713788f4ca594051ff,Flan-T5,Flan-T5,writing,unified_chip2/23412,0.042855653911828995,0.8869428634643555,0.07020153850317001
f9354280e9c5c49e1e4689fbb79dbb8bbde4dd48d08db7713788f4ca594051ff,ChatGLM,ChatGLM,writing,unified_chip2/23412,0.9989780187606812,0.00010124659456778318,0.0009207743569277227
4f97f47fc1a0ffb266e0fcdbd6b9f048096ea05dc61507f67f7b4e9a19da283b,MPT,MPT,other,dolly_15k/classification/211,0.00014200164878275245,4.6845437395859335e-07,0.9998575448989868
4f97f47fc1a0ffb266e0fcdbd6b9f048096ea05dc61507f67f7b4e9a19da283b,Flan-T5,Flan-T5,other,dolly_15k/classification/211,0.17243492603302002,0.7321507334709167,0.09541439265012741
4f97f47fc1a0ffb266e0fcdbd6b9f048096ea05dc61507f67f7b4e9a19da283b,ChatGLM,ChatGLM,other,dolly_15k/classification/211,0.9087993502616882,0.09114553034305573,5.518362740986049e-05
ee4e159db894e37797d5e2bd5126f20db437dc87c27d66155c2f1d38c6b887e7,MPT,MPT,other,unified_chip2/5471,0.00014392464072443545,1.9777402485487983e-05,0.9998362064361572
ee4e159db894e37797d5e2bd5126f20db437dc87c27d66155c2f1d38c6b887e7,Flan-T5,Flan-T5,other,unified_chip2/5471,0.00921170599758625,0.9856570959091187,0.005131236743181944
ee4e159db894e37797d5e2bd5126f20db437dc87c27d66155c2f1d38c6b887e7,ChatGLM,ChatGLM,other,unified_chip2/5471,0.999708354473114,0.00013674012734554708,0.00015491539670620114
fbfd880bf6c4dcad2856a10ec6c6257d228a968a9d6a34177a0759adc919b9cd,Flan-T5,Flan-T5,other,unified_chip2/154524,0.004181265830993652,0.9935886859893799,0.002230043290182948
fbfd880bf6c4dcad2856a10ec6c6257d228a968a9d6a34177a0759adc919b9cd,ChatGLM,ChatGLM,other,unified_chip2/154524,0.9993578791618347,0.0005055214278399944,0.00013659457908943295
fbfd880bf6c4dcad2856a10ec6c6257d228a968a9d6a34177a0759adc919b9cd,MPT,MPT,other,unified_chip2/154524,0.000608362490311265,0.0004251656064298004,0.9989664554595947
cfab9784a4e1b05a4ae7a83a5989b0f1720749ec3df75a6886f9f38fbc1e9325,ChatGLM,ChatGLM,other,dolly_15k/open_qa/3325,0.999321699142456,0.0003918570000678301,0.00028646597638726234
cfab9784a4e1b05a4ae7a83a5989b0f1720749ec3df75a6886f9f38fbc1e9325,Flan-T5,Flan-T5,other,dolly_15k/open_qa/3325,0.32023900747299194,0.6795781850814819,0.00018278609786648303
cfab9784a4e1b05a4ae7a83a5989b0f1720749ec3df75a6886f9f38fbc1e9325,MPT,MPT,other,dolly_15k/open_qa/3325,5.5796954256948084e-05,1.527686617919244e-05,0.9999289512634277
4b84297da19b688533eeef2fca8dcb27580c944197733187168ff5b40a5a82ae,MPT,MPT,other,unified_chip2/164551,0.0036012171767652035,5.1760482165263966e-05,0.9963470101356506
4b84297da19b688533eeef2fca8dcb27580c944197733187168ff5b40a5a82ae,Flan-T5,Flan-T5,other,unified_chip2/164551,0.017951207235455513,0.9800252914428711,0.0020234438125044107
4b84297da19b688533eeef2fca8dcb27580c944197733187168ff5b40a5a82ae,ChatGLM,ChatGLM,other,unified_chip2/164551,0.9999607801437378,3.350128827150911e-05,5.730504653911339e-06
ca84bc8a6847fc54a9b09753b0c5b25bc1e36cbf399fd4897b07661a5c6d4b16,MPT,MPT,other,unified_chip2/116487,7.11812826921232e-05,4.276998424757039e-06,0.9999245405197144
ca84bc8a6847fc54a9b09753b0c5b25bc1e36cbf399fd4897b07661a5c6d4b16,Flan-T5,Flan-T5,other,unified_chip2/116487,0.045183274894952774,0.954724133014679,9.264866821467876e-05
ca84bc8a6847fc54a9b09753b0c5b25bc1e36cbf399fd4897b07661a5c6d4b16,ChatGLM,ChatGLM,other,unified_chip2/116487,0.9998385906219482,9.59772205533227e-06,0.00015172685380093753
6ad705ad5b42ae78bf5b407d19b011347c21d4cd5f9aa43ccbf11957cb8e9484,MPT,MPT,other,dolly_15k/open_qa/711,0.00033207834349013865,0.0006992261041887105,0.9989686012268066
6ad705ad5b42ae78bf5b407d19b011347c21d4cd5f9aa43ccbf11957cb8e9484,Flan-T5,ChatGLM,other,dolly_15k/open_qa/711,0.90265953540802,0.09723421186208725,0.00010627278970787302
6ad705ad5b42ae78bf5b407d19b011347c21d4cd5f9aa43ccbf11957cb8e9484,ChatGLM,ChatGLM,other,dolly_15k/open_qa/711,0.999980092048645,8.371810508833732e-06,1.151103151642019e-05
d970ef118d9bd6cf913b94eb7819eaf3dba0807a5cc7ed80531affc086333d8c,Flan-T5,Flan-T5,other,unified_chip2/92296,0.00325255305506289,0.9962236881256104,0.0005237979930825531
d970ef118d9bd6cf913b94eb7819eaf3dba0807a5cc7ed80531affc086333d8c,MPT,MPT,other,unified_chip2/92296,0.0001495167671237141,0.00011204719339730218,0.9997383952140808
d970ef118d9bd6cf913b94eb7819eaf3dba0807a5cc7ed80531affc086333d8c,ChatGLM,ChatGLM,other,unified_chip2/92296,0.9975661039352417,0.0022850700188428164,0.00014887849101796746
73fe98833d69c4b2f1040ec72d2e3f5ecd13328448b60a20fcf2852fe13147a0,Flan-T5,Flan-T5,other,unified_chip2/103144,0.0004930778522975743,0.9985104203224182,0.000996435177512467
73fe98833d69c4b2f1040ec72d2e3f5ecd13328448b60a20fcf2852fe13147a0,MPT,MPT,other,unified_chip2/103144,1.9492985302349553e-05,3.3589785175536235e-07,0.999980092048645
73fe98833d69c4b2f1040ec72d2e3f5ecd13328448b60a20fcf2852fe13147a0,ChatGLM,ChatGLM,other,unified_chip2/103144,0.9999063014984131,1.7336402379442006e-05,7.644221477676183e-05
2931ffe5a0ffb40e8b742ba1a66a82060fb8bb0c151d0420df7556257de85db6,Flan-T5,ChatGLM,other,dolly_15k/open_qa/1142,0.9358028769493103,0.06268848478794098,0.0015086802886798978
2931ffe5a0ffb40e8b742ba1a66a82060fb8bb0c151d0420df7556257de85db6,ChatGLM,ChatGLM,other,dolly_15k/open_qa/1142,0.9999048709869385,7.318969437619671e-05,2.1882198780076578e-05
2931ffe5a0ffb40e8b742ba1a66a82060fb8bb0c151d0420df7556257de85db6,MPT,MPT,other,dolly_15k/open_qa/1142,0.020459827035665512,2.791679435176775e-06,0.9795373678207397
5381ca427ea96021a783ba448e38f497a73a790a145c6527bf4396ff979f4248,MPT,MPT,other,unified_chip2/48421,0.00025145543622784317,6.5405947680119425e-06,0.9997419714927673
5381ca427ea96021a783ba448e38f497a73a790a145c6527bf4396ff979f4248,ChatGLM,ChatGLM,other,unified_chip2/48421,0.9390066266059875,0.059640683233737946,0.001352609833702445
5381ca427ea96021a783ba448e38f497a73a790a145c6527bf4396ff979f4248,Flan-T5,Flan-T5,other,unified_chip2/48421,0.00033666170202195644,0.9995341300964355,0.00012923254689667374
005c63e57076fbdea4e163d166b6d441c367dfe19b3e661d59bbcd544abaa4cb,MPT,MPT,other,unified_chip2/42528,3.7802681617904454e-05,6.382363721968431e-07,0.9999616146087646
005c63e57076fbdea4e163d166b6d441c367dfe19b3e661d59bbcd544abaa4cb,ChatGLM,ChatGLM,other,unified_chip2/42528,0.9994250535964966,0.0004224774893373251,0.0001524659019196406
005c63e57076fbdea4e163d166b6d441c367dfe19b3e661d59bbcd544abaa4cb,Flan-T5,Flan-T5,other,unified_chip2/42528,0.06368077546358109,0.9361865520477295,0.00013264690642245114
0010996c9e9f981ca1b92e35ebc5c26f8b56db31699326c127432a604f27489b,Flan-T5,ChatGLM,other,unified_chip2/89997,0.8274487853050232,0.1625177264213562,0.010033474303781986
0010996c9e9f981ca1b92e35ebc5c26f8b56db31699326c127432a604f27489b,ChatGLM,ChatGLM,other,unified_chip2/89997,0.9988143444061279,0.0004683668084908277,0.0007172928308136761
0010996c9e9f981ca1b92e35ebc5c26f8b56db31699326c127432a604f27489b,MPT,MPT,other,unified_chip2/89997,7.552513125119731e-05,1.4166195796860848e-05,0.9999102354049683
645f90ac2070d501b24d704b4b943080a28008a06618697bde740cf21a5f13dd,ChatGLM,ChatGLM,other,unified_chip2/63967,0.9976759552955627,3.493738404358737e-05,0.0022890688851475716
645f90ac2070d501b24d704b4b943080a28008a06618697bde740cf21a5f13dd,MPT,MPT,other,unified_chip2/63967,0.0021687305998057127,0.0019523714436218143,0.9958789348602295
645f90ac2070d501b24d704b4b943080a28008a06618697bde740cf21a5f13dd,Flan-T5,Flan-T5,other,unified_chip2/63967,0.04530918598175049,0.9543717503547668,0.00031903505441732705
9bb5d74d6c790b7f67327b58ab215cfaa696152e066cd890067258cb3800cb05,MPT,ChatGLM,other,dolly_15k/open_qa/635,0.49468645453453064,0.2417767494916916,0.26353681087493896
9bb5d74d6c790b7f67327b58ab215cfaa696152e066cd890067258cb3800cb05,ChatGLM,ChatGLM,other,dolly_15k/open_qa/635,0.9848077297210693,0.00024663066142238677,0.014945609495043755
9bb5d74d6c790b7f67327b58ab215cfaa696152e066cd890067258cb3800cb05,Flan-T5,Flan-T5,other,dolly_15k/open_qa/635,0.004611646756529808,0.9951879978179932,0.00020028029393870384
a7cd27b951b7848a79232273c6c2bc4624c89dcf348aab596d4b2c4bc8e8f3ec,ChatGLM,ChatGLM,other,unified_chip2/9307,0.9953067898750305,0.004670700524002314,2.2569687644136138e-05
a7cd27b951b7848a79232273c6c2bc4624c89dcf348aab596d4b2c4bc8e8f3ec,MPT,MPT,other,unified_chip2/9307,0.00023438998323399574,1.2395174053381197e-05,0.9997531771659851
a7cd27b951b7848a79232273c6c2bc4624c89dcf348aab596d4b2c4bc8e8f3ec,Flan-T5,Flan-T5,other,unified_chip2/9307,0.11312682181596756,0.8867995142936707,7.368102524196729e-05
e1494cba5e2a47beb1530c4ee066b759a925eca22e20256669d42c5fec7583a0,ChatGLM,ChatGLM,other,unified_chip2/19315,0.9962401390075684,0.003748734248802066,1.1115146662632469e-05
e1494cba5e2a47beb1530c4ee066b759a925eca22e20256669d42c5fec7583a0,Flan-T5,Flan-T5,other,unified_chip2/19315,0.009747673757374287,0.9894004464149475,0.0008519242983311415
e1494cba5e2a47beb1530c4ee066b759a925eca22e20256669d42c5fec7583a0,MPT,MPT,other,unified_chip2/19315,0.00017843215027824044,0.00033752789022400975,0.9994839429855347
84211bae013b772761e85f02583ff86fa4924d60e59f6a2c54e0b15e77b65bac,ChatGLM,ChatGLM,other,unified_chip2/108145,0.9999239444732666,5.8338169765193015e-05,1.7785010641091503e-05
84211bae013b772761e85f02583ff86fa4924d60e59f6a2c54e0b15e77b65bac,Flan-T5,ChatGLM,other,unified_chip2/108145,0.6778833270072937,0.3211478292942047,0.0009689262951724231
84211bae013b772761e85f02583ff86fa4924d60e59f6a2c54e0b15e77b65bac,MPT,MPT,other,unified_chip2/108145,0.006551078520715237,0.00717151677235961,0.9862774014472961
c95f29adc9014ab4074e8611a991810c87b92c586494a0beede13c48aa29d051,Flan-T5,Flan-T5,other,unified_chip2/42580,0.35328420996665955,0.6465455889701843,0.00017022462270688266
c95f29adc9014ab4074e8611a991810c87b92c586494a0beede13c48aa29d051,MPT,MPT,other,unified_chip2/42580,6.39647405478172e-05,2.4241894607257564e-06,0.9999336004257202
c95f29adc9014ab4074e8611a991810c87b92c586494a0beede13c48aa29d051,ChatGLM,ChatGLM,other,unified_chip2/42580,0.988905668258667,4.4685148168355227e-05,0.01104967761784792
9400dd6da2f0f76f3ecbefc0f33dd6563fd018bbd4ec877896ad55e4f1368f42,ChatGLM,ChatGLM,other,unified_chip2/114977,0.9991496801376343,0.0002789761056192219,0.0005713038262911141
9400dd6da2f0f76f3ecbefc0f33dd6563fd018bbd4ec877896ad55e4f1368f42,MPT,MPT,other,unified_chip2/114977,2.7513182430993766e-05,3.3548517421877477e-06,0.9999691247940063
9400dd6da2f0f76f3ecbefc0f33dd6563fd018bbd4ec877896ad55e4f1368f42,Flan-T5,Flan-T5,other,unified_chip2/114977,0.009647834114730358,0.9901174902915955,0.00023466951097361743
2686ce7308f8f359e86a527ab606d5bd4f40facb18aa45c9fa204a19a9bc0459,MPT,ChatGLM,other,dolly_15k/open_qa/3167,0.6710192561149597,0.0205304566770792,0.30845028162002563
2686ce7308f8f359e86a527ab606d5bd4f40facb18aa45c9fa204a19a9bc0459,Flan-T5,ChatGLM,other,dolly_15k/open_qa/3167,0.9968999624252319,0.0030848137103021145,1.5192971659416799e-05
2686ce7308f8f359e86a527ab606d5bd4f40facb18aa45c9fa204a19a9bc0459,ChatGLM,ChatGLM,other,dolly_15k/open_qa/3167,0.9985694885253906,0.0013533236924558878,7.71881896071136e-05
de50b3bbbe35835bafab54d652b0df0bbe3a82742b889e16c2ec12781a11a747,MPT,MPT,other,unified_chip2/1229,1.338276342721656e-05,3.428682475714595e-06,0.9999831914901733
de50b3bbbe35835bafab54d652b0df0bbe3a82742b889e16c2ec12781a11a747,ChatGLM,ChatGLM,other,unified_chip2/1229,0.9990450739860535,0.0005655731656588614,0.00038928756839595735
de50b3bbbe35835bafab54d652b0df0bbe3a82742b889e16c2ec12781a11a747,Flan-T5,Flan-T5,other,unified_chip2/1229,0.008514377288520336,0.9913654327392578,0.00012018444977002218
862dae69e623ce6bdd7929b140ab425c62448a6b61268e777e4ac52e8f7adcd9,ChatGLM,ChatGLM,other,unified_chip2/96821,0.9997712969779968,0.00016961732762865722,5.9073361626360565e-05
862dae69e623ce6bdd7929b140ab425c62448a6b61268e777e4ac52e8f7adcd9,MPT,MPT,other,unified_chip2/96821,4.3525513319764286e-05,7.543803349108202e-06,0.9999489784240723
862dae69e623ce6bdd7929b140ab425c62448a6b61268e777e4ac52e8f7adcd9,Flan-T5,Flan-T5,other,unified_chip2/96821,0.0005323361838236451,0.999126136302948,0.0003415477694943547
957458b8d3ce2fd980f93401f37c473cb47c1c22bcf91a6857741a8afc6ce16a,MPT,MPT,other,unified_chip2/132272,0.0003759819664992392,0.0001475876779295504,0.9994763731956482
957458b8d3ce2fd980f93401f37c473cb47c1c22bcf91a6857741a8afc6ce16a,Flan-T5,ChatGLM,other,unified_chip2/132272,0.7868404388427734,0.21297071874141693,0.00018892678781412542
957458b8d3ce2fd980f93401f37c473cb47c1c22bcf91a6857741a8afc6ce16a,ChatGLM,ChatGLM,other,unified_chip2/132272,0.9990948438644409,0.0008815176552161574,2.3699232770013623e-05
4c568b108c786ebff2ca047c9548d2c1fc0005fbefc5dfa648d5bc577f5ae8b6,MPT,MPT,other,unified_chip2/46357,0.002609295304864645,0.0031769280321896076,0.9942137598991394
4c568b108c786ebff2ca047c9548d2c1fc0005fbefc5dfa648d5bc577f5ae8b6,Flan-T5,Flan-T5,other,unified_chip2/46357,0.051627133041620255,0.9452854990959167,0.003087433520704508
4c568b108c786ebff2ca047c9548d2c1fc0005fbefc5dfa648d5bc577f5ae8b6,ChatGLM,ChatGLM,other,unified_chip2/46357,0.998859167098999,2.1355588614824228e-05,0.0011195053812116385
053881fb99dc4d8146c10efe3980bf9db7a71f672b5d7d83f9d807084b7e297d,MPT,MPT,other,unified_chip2/162551,0.00010245003795716912,1.765013803378679e-05,0.9998798370361328
053881fb99dc4d8146c10efe3980bf9db7a71f672b5d7d83f9d807084b7e297d,ChatGLM,ChatGLM,other,unified_chip2/162551,0.999879002571106,1.6165091437869705e-05,0.00010479220509296283
053881fb99dc4d8146c10efe3980bf9db7a71f672b5d7d83f9d807084b7e297d,Flan-T5,ChatGLM,other,unified_chip2/162551,0.7642955780029297,0.23541711270809174,0.0002872550976462662
552296d71f177fe2a8ca7618c4cd9b19086f19e6f9fb6e4dc512733ebf62b6b0,Flan-T5,Flan-T5,other,dolly_15k/general_qa/2127,0.005862363148480654,0.9940446019172668,9.306480205850676e-05
552296d71f177fe2a8ca7618c4cd9b19086f19e6f9fb6e4dc512733ebf62b6b0,ChatGLM,ChatGLM,other,dolly_15k/general_qa/2127,0.9953632354736328,0.004525957629084587,0.00011085477308370173
552296d71f177fe2a8ca7618c4cd9b19086f19e6f9fb6e4dc512733ebf62b6b0,MPT,MPT,other,dolly_15k/general_qa/2127,0.3753610849380493,0.0006465786718763411,0.623992383480072
368264210fe3da6cdc37458b72c6b39369bf68d5bb428d56397fc689fe7ef472,Flan-T5,Flan-T5,other,unified_chip2/15429,0.024359295144677162,0.9682004451751709,0.007440233137458563
368264210fe3da6cdc37458b72c6b39369bf68d5bb428d56397fc689fe7ef472,MPT,MPT,other,unified_chip2/15429,0.0005425016861408949,1.8902890587924048e-05,0.9994385838508606
368264210fe3da6cdc37458b72c6b39369bf68d5bb428d56397fc689fe7ef472,ChatGLM,ChatGLM,other,unified_chip2/15429,0.9997145533561707,5.444089765660465e-05,0.00023097109806258231
bebba6586df02d4922d5b1f1d4bec51677bab693c89c2641c8e4f1fa046ab27c,ChatGLM,ChatGLM,other,unified_chip2/108821,0.9978445768356323,0.002122623613104224,3.2852491131052375e-05
bebba6586df02d4922d5b1f1d4bec51677bab693c89c2641c8e4f1fa046ab27c,MPT,MPT,other,unified_chip2/108821,0.00026060882373712957,2.463068767610821e-06,0.9997368454933167
bebba6586df02d4922d5b1f1d4bec51677bab693c89c2641c8e4f1fa046ab27c,Flan-T5,Flan-T5,other,unified_chip2/108821,0.011613109149038792,0.9770549535751343,0.011331954970955849
970dba858d72326c2e4c5d4729f37091f3cd17a2330be3783588d23818d33772,ChatGLM,ChatGLM,other,unified_chip2/89129,0.9998248219490051,1.8093067410518415e-05,0.00015711279411334544
970dba858d72326c2e4c5d4729f37091f3cd17a2330be3783588d23818d33772,MPT,MPT,other,unified_chip2/89129,2.78975840046769e-05,4.95545918965945e-06,0.999967098236084
970dba858d72326c2e4c5d4729f37091f3cd17a2330be3783588d23818d33772,Flan-T5,Flan-T5,other,unified_chip2/89129,0.062341198325157166,0.937535285949707,0.00012350291945040226
a0a6a8663e35082073b8e7c97e0940760827d35175010a7fa2fd526de3696f82,MPT,MPT,other,unified_chip2/70360,3.070658567594364e-05,9.610698725737166e-06,0.9999595880508423
a0a6a8663e35082073b8e7c97e0940760827d35175010a7fa2fd526de3696f82,Flan-T5,Flan-T5,other,unified_chip2/70360,0.006060419138520956,0.9930423498153687,0.0008972976356744766
a0a6a8663e35082073b8e7c97e0940760827d35175010a7fa2fd526de3696f82,ChatGLM,ChatGLM,other,unified_chip2/70360,0.7511829137802124,0.24811795353889465,0.0006992101552896202
840a3acdb3eeb44037908a25799afd53d4b222e974a82b25562ca38cc3b1dfe4,MPT,MPT,other,unified_chip2/33057,0.00021126921637915075,1.8736780305061984e-07,0.9997884631156921
840a3acdb3eeb44037908a25799afd53d4b222e974a82b25562ca38cc3b1dfe4,ChatGLM,ChatGLM,other,unified_chip2/33057,0.9998949766159058,6.391628994606435e-05,4.1154980863211676e-05
840a3acdb3eeb44037908a25799afd53d4b222e974a82b25562ca38cc3b1dfe4,Flan-T5,Flan-T5,other,unified_chip2/33057,0.023267431184649467,0.9766894578933716,4.3071177060483024e-05
a89bf1dda00491b066c91dae7b0c64b93fab6ce975daa4cdc359fae1a16de775,Flan-T5,Flan-T5,other,unified_chip2/158087,0.020575502887368202,0.9708432555198669,0.008581210859119892
a89bf1dda00491b066c91dae7b0c64b93fab6ce975daa4cdc359fae1a16de775,MPT,MPT,other,unified_chip2/158087,8.137572149280459e-05,4.17970513808541e-05,0.9998767375946045
a89bf1dda00491b066c91dae7b0c64b93fab6ce975daa4cdc359fae1a16de775,ChatGLM,ChatGLM,other,unified_chip2/158087,0.9996001124382019,0.00038730379310436547,1.2611621968972031e-05
0ff6d9b11b7e0a25e79c2cb3abf95ca1ae60e9eae90bac099040d9e4926fee0b,MPT,MPT,other,unified_chip2/136491,0.00020125719311181456,0.00018264797108713537,0.9996160268783569
0ff6d9b11b7e0a25e79c2cb3abf95ca1ae60e9eae90bac099040d9e4926fee0b,ChatGLM,ChatGLM,other,unified_chip2/136491,0.9998971223831177,2.6638796043698676e-05,7.627432205481455e-05
0ff6d9b11b7e0a25e79c2cb3abf95ca1ae60e9eae90bac099040d9e4926fee0b,Flan-T5,Flan-T5,other,unified_chip2/136491,0.0005323361838236451,0.999126136302948,0.0003415477694943547
14fc473d75cfde66bb0f0af17331be5a8420923d40dc30aa8eb55b8ad4bd39ca,MPT,MPT,other,dolly_15k/classification/905,0.253672331571579,0.0012129120295867324,0.7451146841049194
14fc473d75cfde66bb0f0af17331be5a8420923d40dc30aa8eb55b8ad4bd39ca,Flan-T5,Flan-T5,other,dolly_15k/classification/905,0.024304017424583435,0.965239942073822,0.010456038638949394
14fc473d75cfde66bb0f0af17331be5a8420923d40dc30aa8eb55b8ad4bd39ca,ChatGLM,ChatGLM,other,dolly_15k/classification/905,0.9879719614982605,0.012007786892354488,2.0289649910409935e-05
2a0637aca6a1cd6bda7073232420997a6149fe194c5de1fd038a814776693be5,ChatGLM,ChatGLM,other,unified_chip2/158019,0.999951958656311,1.1783137779275421e-05,3.621385258156806e-05
2a0637aca6a1cd6bda7073232420997a6149fe194c5de1fd038a814776693be5,Flan-T5,Flan-T5,other,unified_chip2/158019,0.09595590829849243,0.9036393761634827,0.0004047490656375885
2a0637aca6a1cd6bda7073232420997a6149fe194c5de1fd038a814776693be5,MPT,MPT,other,unified_chip2/158019,9.060169395525008e-05,2.1427960746223107e-05,0.9998879432678223
baf540235f31d1b44e7214b600b49ae6d65d10d29e8485b9ae653af4275bba2c,ChatGLM,ChatGLM,other,unified_chip2/134013,0.9995477795600891,1.1305288353469223e-05,0.00044089267612434924
baf540235f31d1b44e7214b600b49ae6d65d10d29e8485b9ae653af4275bba2c,Flan-T5,Flan-T5,other,unified_chip2/134013,0.01515392679721117,0.9841588735580444,0.0006871679215691984
baf540235f31d1b44e7214b600b49ae6d65d10d29e8485b9ae653af4275bba2c,MPT,MPT,other,unified_chip2/134013,1.166153833764838e-05,1.0970213224936742e-05,0.9999773502349854
b3191a711a6abeb1045c879399bd458ee0a6417fc8512154a7a9c95f521dc61e,MPT,MPT,other,unified_chip2/119076,0.01650599204003811,3.532909613568336e-05,0.9834587574005127
b3191a711a6abeb1045c879399bd458ee0a6417fc8512154a7a9c95f521dc61e,Flan-T5,Flan-T5,other,unified_chip2/119076,0.0005323361838236451,0.999126136302948,0.0003415477694943547
b3191a711a6abeb1045c879399bd458ee0a6417fc8512154a7a9c95f521dc61e,ChatGLM,ChatGLM,other,unified_chip2/119076,0.9998179078102112,5.152715675649233e-05,0.00013068753469269723
af0d4fa4e2421366073b38372bdedd6b75024d21d36804425aa4c75d586df29e,MPT,MPT,other,unified_chip2/128539,3.411362195038237e-05,5.521259936358547e-06,0.9999604225158691
af0d4fa4e2421366073b38372bdedd6b75024d21d36804425aa4c75d586df29e,Flan-T5,Flan-T5,other,unified_chip2/128539,0.0025243074633181095,0.983488142490387,0.013987557962536812
af0d4fa4e2421366073b38372bdedd6b75024d21d36804425aa4c75d586df29e,ChatGLM,ChatGLM,other,unified_chip2/128539,0.9851626753807068,0.014671952463686466,0.000165362682309933
0eb93403e43599105dbb8c89e0d5969da287eb4acdc220f108fba65adbb950f6,MPT,MPT,other,unified_chip2/155491,1.4709879906149581e-05,4.281032033759402e-06,0.9999810457229614
0eb93403e43599105dbb8c89e0d5969da287eb4acdc220f108fba65adbb950f6,Flan-T5,Flan-T5,other,unified_chip2/155491,0.002300054067745805,0.997086226940155,0.0006137601449154317
0eb93403e43599105dbb8c89e0d5969da287eb4acdc220f108fba65adbb950f6,ChatGLM,ChatGLM,other,unified_chip2/155491,0.9999299049377441,6.48278946755454e-05,5.201167368795723e-06
8d8c2499d758597e1653c8eb8cdd2fa74b6b8606056a1706c3e445b419fe369d,Flan-T5,Flan-T5,other,unified_chip2/84370,0.014284424483776093,0.9709884524345398,0.014727153815329075
8d8c2499d758597e1653c8eb8cdd2fa74b6b8606056a1706c3e445b419fe369d,MPT,MPT,other,unified_chip2/84370,4.354827615316026e-05,3.448329380262294e-06,0.999953031539917
8d8c2499d758597e1653c8eb8cdd2fa74b6b8606056a1706c3e445b419fe369d,ChatGLM,ChatGLM,other,unified_chip2/84370,0.5323649644851685,0.46740150451660156,0.00023354461882263422
a80f50a92aa6a868e1593d0bf69c4143f25688f0f29bd3ed7b4fbb386b183896,ChatGLM,ChatGLM,other,unified_chip2/148092,0.9743656516075134,0.025427252054214478,0.00020705345377791673
a80f50a92aa6a868e1593d0bf69c4143f25688f0f29bd3ed7b4fbb386b183896,Flan-T5,Flan-T5,other,unified_chip2/148092,0.026765646412968636,0.9730921387672424,0.0001422032801201567
a80f50a92aa6a868e1593d0bf69c4143f25688f0f29bd3ed7b4fbb386b183896,MPT,MPT,other,unified_chip2/148092,0.00012254943430889398,2.431478787912056e-05,0.9998531341552734
a87c38da934938c7abe0da9807b6151ba3b505c5fdfda287c1dc40c03389743d,MPT,ChatGLM,other,dolly_15k/open_qa/360,0.9577544331550598,0.0038721540477126837,0.03837334364652634
a87c38da934938c7abe0da9807b6151ba3b505c5fdfda287c1dc40c03389743d,ChatGLM,ChatGLM,other,dolly_15k/open_qa/360,0.9993718266487122,0.0006150532863102853,1.3158302863303106e-05
a87c38da934938c7abe0da9807b6151ba3b505c5fdfda287c1dc40c03389743d,Flan-T5,Flan-T5,other,dolly_15k/open_qa/360,0.08056873828172684,0.9193333387374878,9.78563548414968e-05
735132aa88cd3fec4f4a7fb934263382d0f9c1f74a0ca1d13c2e5d73acd1a252,Flan-T5,Flan-T5,other,unified_chip2/48337,0.003997975494712591,0.987676739692688,0.008325268514454365
735132aa88cd3fec4f4a7fb934263382d0f9c1f74a0ca1d13c2e5d73acd1a252,ChatGLM,ChatGLM,other,unified_chip2/48337,0.9995637536048889,0.0004113979812245816,2.4832084818626754e-05
735132aa88cd3fec4f4a7fb934263382d0f9c1f74a0ca1d13c2e5d73acd1a252,MPT,MPT,other,unified_chip2/48337,0.0007078695925883949,2.7337038773112e-05,0.9992648959159851
d3fe8bd938f47c1fe710891d35ff3a423a0df9eacede9389003ba79529930526,ChatGLM,ChatGLM,other,unified_chip2/60380,0.99968421459198,0.00029021291993558407,2.5585555704310536e-05
d3fe8bd938f47c1fe710891d35ff3a423a0df9eacede9389003ba79529930526,Flan-T5,Flan-T5,other,unified_chip2/60380,0.0093388007953763,0.9836137294769287,0.007047512102872133
d3fe8bd938f47c1fe710891d35ff3a423a0df9eacede9389003ba79529930526,MPT,MPT,other,unified_chip2/60380,0.00010476471652509645,7.721900146862026e-06,0.9998874664306641
64bf876001bc964a0a1bd788110678617577aeef32be9cf189a2da035e3df378,ChatGLM,ChatGLM,other,unified_chip2/15455,0.9996373653411865,0.00031959181069396436,4.303554305806756e-05
64bf876001bc964a0a1bd788110678617577aeef32be9cf189a2da035e3df378,Flan-T5,Flan-T5,other,unified_chip2/15455,0.0005323361838236451,0.999126136302948,0.0003415477694943547
64bf876001bc964a0a1bd788110678617577aeef32be9cf189a2da035e3df378,MPT,MPT,other,unified_chip2/15455,9.761956607690081e-05,1.8169450413552113e-05,0.9998842477798462
5d6f94c00a36086f9e55b576628ce8003c92909287e3124a508d09b29458f05e,Flan-T5,Flan-T5,other,unified_chip2/133912,0.10103459656238556,0.898625910282135,0.0003395674575585872
5d6f94c00a36086f9e55b576628ce8003c92909287e3124a508d09b29458f05e,ChatGLM,ChatGLM,other,unified_chip2/133912,0.9999793767929077,1.599254392203875e-05,4.660864760808181e-06
5d6f94c00a36086f9e55b576628ce8003c92909287e3124a508d09b29458f05e,MPT,MPT,other,unified_chip2/133912,9.632645378587767e-05,1.2527428225439508e-05,0.9998911619186401
2e040ad991b9e02ca843f8ad10e95a3a7c0288eb1fe28b88159727d840f6a39a,ChatGLM,ChatGLM,other,unified_chip2/50866,0.991477906703949,0.0002548559568822384,0.008267237804830074
2e040ad991b9e02ca843f8ad10e95a3a7c0288eb1fe28b88159727d840f6a39a,Flan-T5,Flan-T5,other,unified_chip2/50866,0.10690530389547348,0.8900186419487,0.0030760786030441523
2e040ad991b9e02ca843f8ad10e95a3a7c0288eb1fe28b88159727d840f6a39a,MPT,MPT,other,unified_chip2/50866,0.0005941453273408115,5.698974564438686e-05,0.9993489384651184
a030c72e574150d68f2eeea8f04192ef41a97a29243a150e88c1a1cb9ea11996,ChatGLM,ChatGLM,other,unified_chip2/32327,0.9994458556175232,0.0005331981228664517,2.097274955303874e-05
a030c72e574150d68f2eeea8f04192ef41a97a29243a150e88c1a1cb9ea11996,MPT,MPT,other,unified_chip2/32327,0.3214864134788513,0.00018253679445479065,0.6783310770988464
a030c72e574150d68f2eeea8f04192ef41a97a29243a150e88c1a1cb9ea11996,Flan-T5,Flan-T5,other,unified_chip2/32327,0.008670260198414326,0.9909145832061768,0.0004151675384491682
c2ae5b7ad66778c332bed9782d3791f48a5f8cd05ce0b1c2008d48a093b05f61,Flan-T5,Flan-T5,other,unified_chip2/80257,0.005895070265978575,0.9939715266227722,0.00013335786934476346
c2ae5b7ad66778c332bed9782d3791f48a5f8cd05ce0b1c2008d48a093b05f61,ChatGLM,ChatGLM,other,unified_chip2/80257,0.9976345300674438,0.00208201352506876,0.000283392786514014
c2ae5b7ad66778c332bed9782d3791f48a5f8cd05ce0b1c2008d48a093b05f61,MPT,MPT,other,unified_chip2/80257,0.002505156211555004,0.00022199354134500027,0.9972729086875916
67fd314591ff03f815ec14b5c91f71047574a08c88c9423fa5f398e8ff59a85e,Flan-T5,Flan-T5,other,unified_chip2/151228,0.001109808450564742,0.9962310194969177,0.0026591429486870766
67fd314591ff03f815ec14b5c91f71047574a08c88c9423fa5f398e8ff59a85e,MPT,MPT,other,unified_chip2/151228,0.06490128487348557,4.243598596076481e-05,0.935056209564209
67fd314591ff03f815ec14b5c91f71047574a08c88c9423fa5f398e8ff59a85e,ChatGLM,ChatGLM,other,unified_chip2/151228,0.9316208958625793,0.005941195413470268,0.062438003718853
596339f63e40b5a6f810eaf15b36e46f3f4901c1fd2ae5203255ca4788d6ca81,ChatGLM,ChatGLM,other,unified_chip2/66555,0.9991803765296936,1.837583477026783e-05,0.0008012920152395964
596339f63e40b5a6f810eaf15b36e46f3f4901c1fd2ae5203255ca4788d6ca81,MPT,MPT,other,unified_chip2/66555,0.0003099450550507754,0.00025319811538793147,0.9994369149208069
596339f63e40b5a6f810eaf15b36e46f3f4901c1fd2ae5203255ca4788d6ca81,Flan-T5,Flan-T5,other,unified_chip2/66555,0.008281187154352665,0.9902002215385437,0.0015186115633696318
e3451e72f99ca8946f456b1cde884d765e7e1ff0cab63f253c49d3176542805e,ChatGLM,ChatGLM,other,dolly_15k/brainstorming/1074,0.9984561204910278,0.0015126699581742287,3.11842595692724e-05
e3451e72f99ca8946f456b1cde884d765e7e1ff0cab63f253c49d3176542805e,Flan-T5,Flan-T5,other,dolly_15k/brainstorming/1074,0.3363405466079712,0.6627548336982727,0.0009046148625202477
e3451e72f99ca8946f456b1cde884d765e7e1ff0cab63f253c49d3176542805e,MPT,MPT,other,dolly_15k/brainstorming/1074,0.00013672825298272073,0.0003180616186000407,0.9995452761650085
4d768ace5fbc050b1ae77b82a7016c5cdbae55ccd063ee4f3bfa8276a4410dac,ChatGLM,ChatGLM,other,unified_chip2/166069,0.9980812072753906,0.00015070228255353868,0.0017680312739685178
4d768ace5fbc050b1ae77b82a7016c5cdbae55ccd063ee4f3bfa8276a4410dac,MPT,MPT,other,unified_chip2/166069,0.3335491418838501,7.904309313744307e-05,0.6663718223571777
4d768ace5fbc050b1ae77b82a7016c5cdbae55ccd063ee4f3bfa8276a4410dac,Flan-T5,Flan-T5,other,unified_chip2/166069,0.031229859218001366,0.9618006348609924,0.0069694435223937035
3d845f9cc52c26e4120c780b23d2dadc17645326b0864cfa5e4c6e521ed5ae56,ChatGLM,ChatGLM,other,unified_chip2/85594,0.9998366832733154,4.538896610029042e-05,0.00011790957069024444
3d845f9cc52c26e4120c780b23d2dadc17645326b0864cfa5e4c6e521ed5ae56,Flan-T5,Flan-T5,other,unified_chip2/85594,0.009799448773264885,0.988262951374054,0.00193762534763664
3d845f9cc52c26e4120c780b23d2dadc17645326b0864cfa5e4c6e521ed5ae56,MPT,MPT,other,unified_chip2/85594,2.048912938334979e-05,4.4340160343381285e-07,0.9999790191650391
55fd7cc0548e1a78d0d5ef370ebaafec980c225ceb712529e0660cd125e3d927,ChatGLM,ChatGLM,other,unified_chip2/66886,0.9999531507492065,1.1087186067015864e-05,3.5734552511712536e-05
55fd7cc0548e1a78d0d5ef370ebaafec980c225ceb712529e0660cd125e3d927,MPT,MPT,other,unified_chip2/66886,5.558800694416277e-05,8.2383856351953e-05,0.9998620748519897
55fd7cc0548e1a78d0d5ef370ebaafec980c225ceb712529e0660cd125e3d927,Flan-T5,Flan-T5,other,unified_chip2/66886,0.022726792842149734,0.977005124092102,0.00026808836264535785
b526074c7b705705c1aa32a1e17f3b822740cb5ad103a64031df67c10ffa27c0,Flan-T5,Flan-T5,other,unified_chip2/55092,0.00017888138245325536,0.9995903372764587,0.00023081162362359464
b526074c7b705705c1aa32a1e17f3b822740cb5ad103a64031df67c10ffa27c0,MPT,MPT,other,unified_chip2/55092,1.7258469597436488e-05,5.152106041350635e-06,0.9999775886535645
b526074c7b705705c1aa32a1e17f3b822740cb5ad103a64031df67c10ffa27c0,ChatGLM,ChatGLM,other,unified_chip2/55092,0.9990690350532532,9.038083953782916e-05,0.0008406511624343693
aed808b025ac2ff2568b4f133ee793d4dcffd2d6839324d3599c7c7bf085a9cb,Flan-T5,Flan-T5,other,unified_chip2/87282,0.018655594438314438,0.9812893271446228,5.5023032473400235e-05
aed808b025ac2ff2568b4f133ee793d4dcffd2d6839324d3599c7c7bf085a9cb,ChatGLM,ChatGLM,other,unified_chip2/87282,0.9994913339614868,3.8058089558035135e-05,0.000470682920422405
aed808b025ac2ff2568b4f133ee793d4dcffd2d6839324d3599c7c7bf085a9cb,MPT,MPT,other,unified_chip2/87282,0.00026040273951366544,5.2525842875184026e-06,0.9997343420982361
985b07c986b7d6bf592fd7141c4e9c0f1373f491c6d7f250150e216b65d2bc04,MPT,MPT,other,unified_chip2/50347,4.0269482269650325e-05,3.364270469319308e-06,0.9999563694000244
985b07c986b7d6bf592fd7141c4e9c0f1373f491c6d7f250150e216b65d2bc04,Flan-T5,Flan-T5,other,unified_chip2/50347,0.0012904675677418709,0.99782395362854,0.000885642715729773
985b07c986b7d6bf592fd7141c4e9c0f1373f491c6d7f250150e216b65d2bc04,ChatGLM,ChatGLM,other,unified_chip2/50347,0.9958207607269287,0.004068372771143913,0.00011084017023677006
61e13067449a57c02dfaa2b0989fac199fa431568990b1fd36560928e6eda3c9,MPT,MPT,other,unified_chip2/61381,2.801506343530491e-05,1.1189477845618967e-05,0.9999607801437378
61e13067449a57c02dfaa2b0989fac199fa431568990b1fd36560928e6eda3c9,ChatGLM,ChatGLM,other,unified_chip2/61381,0.9998804330825806,0.00011396427726140246,5.637626145471586e-06
61e13067449a57c02dfaa2b0989fac199fa431568990b1fd36560928e6eda3c9,Flan-T5,Flan-T5,other,unified_chip2/61381,0.47654274106025696,0.5233278870582581,0.0001293682144023478
4578bb9affd24c6b6b79b2f7fa572e1bc1ad1367c163cc03437a69a77faaf4dc,ChatGLM,ChatGLM,other,unified_chip2/137932,0.9998548030853271,2.9211816581664607e-05,0.00011602057929849252
4578bb9affd24c6b6b79b2f7fa572e1bc1ad1367c163cc03437a69a77faaf4dc,Flan-T5,ChatGLM,other,unified_chip2/137932,0.9997966885566711,0.00019760361465159804,5.703852821170585e-06
4578bb9affd24c6b6b79b2f7fa572e1bc1ad1367c163cc03437a69a77faaf4dc,MPT,ChatGLM,other,unified_chip2/137932,0.3896433711051941,0.35769253969192505,0.25266414880752563
0794c683172f05c42efa770936105f198c125a9fe27cee083107fa8b952af93a,Flan-T5,Flan-T5,other,unified_chip2/112568,0.005428014323115349,0.9895227551460266,0.005049189552664757
0794c683172f05c42efa770936105f198c125a9fe27cee083107fa8b952af93a,ChatGLM,Flan-T5,other,unified_chip2/112568,0.2107236087322235,0.7864026427268982,0.002873760648071766
0794c683172f05c42efa770936105f198c125a9fe27cee083107fa8b952af93a,MPT,MPT,other,unified_chip2/112568,7.763587200315669e-05,1.4897602341079619e-05,0.9999074935913086
59bd6eabbcb3a1ecb511761dd61582a722d09ead63f6fc67a45300ef4ffc119f,Flan-T5,Flan-T5,other,unified_chip2/157129,0.07762172818183899,0.8864108920097351,0.03596740961074829
59bd6eabbcb3a1ecb511761dd61582a722d09ead63f6fc67a45300ef4ffc119f,ChatGLM,ChatGLM,other,unified_chip2/157129,0.9858773946762085,7.757938874419779e-05,0.014045034535229206
59bd6eabbcb3a1ecb511761dd61582a722d09ead63f6fc67a45300ef4ffc119f,MPT,MPT,other,unified_chip2/157129,0.0001151194010162726,9.878727951218025e-07,0.9998838901519775
58b3a03bb7879a2a4302bd6d19961ee33680a7528ead0b9f691e8180af75aec0,ChatGLM,ChatGLM,other,dolly_15k/open_qa/2073,0.995250940322876,0.004599354229867458,0.00014969223411753774
58b3a03bb7879a2a4302bd6d19961ee33680a7528ead0b9f691e8180af75aec0,Flan-T5,ChatGLM,other,dolly_15k/open_qa/2073,0.5063757300376892,0.49301499128341675,0.0006093153497204185
58b3a03bb7879a2a4302bd6d19961ee33680a7528ead0b9f691e8180af75aec0,MPT,ChatGLM,other,dolly_15k/open_qa/2073,0.9961217045783997,0.0006252345046959817,0.0032530776225030422
2fa2234b4557748dbeca107aec129cbe709331718d87e4609e1bd6094f3e2e21,ChatGLM,ChatGLM,other,unified_chip2/94124,0.9993658661842346,2.600309562694747e-05,0.0006082123145461082
2fa2234b4557748dbeca107aec129cbe709331718d87e4609e1bd6094f3e2e21,MPT,MPT,other,unified_chip2/94124,0.0002578042331151664,2.3107913875719532e-05,0.9997190833091736
2fa2234b4557748dbeca107aec129cbe709331718d87e4609e1bd6094f3e2e21,Flan-T5,Flan-T5,other,unified_chip2/94124,0.006050315219908953,0.9934782981872559,0.00047141677350737154
8fc80e4e1181d7e8d815b80716301268a78d6853dcde9da2887a1c4c2a77f9cf,MPT,MPT,other,unified_chip2/66242,5.375409091357142e-05,3.863554957206361e-05,0.9999076128005981
8fc80e4e1181d7e8d815b80716301268a78d6853dcde9da2887a1c4c2a77f9cf,ChatGLM,ChatGLM,other,unified_chip2/66242,0.9998840093612671,0.0001072920422302559,8.741088095121086e-06
8fc80e4e1181d7e8d815b80716301268a78d6853dcde9da2887a1c4c2a77f9cf,Flan-T5,Flan-T5,other,unified_chip2/66242,0.008051506243646145,0.991435706615448,0.0005127294571138918
a7832c07699bd5bab43d169778025b8937771225146f73396accb63295d7fc2d,ChatGLM,ChatGLM,other,dolly_15k/brainstorming/1068,0.999377965927124,0.0003777876263484359,0.0002442807308398187
a7832c07699bd5bab43d169778025b8937771225146f73396accb63295d7fc2d,MPT,MPT,other,dolly_15k/brainstorming/1068,0.10879065841436386,7.920071220723912e-05,0.8911301493644714
a7832c07699bd5bab43d169778025b8937771225146f73396accb63295d7fc2d,Flan-T5,Flan-T5,other,dolly_15k/brainstorming/1068,0.039704520255327225,0.9595438838005066,0.0007516494952142239
e8d6caf299a49dfe0111ec1e68a036902602d620c9bde8c1bff5b7da7841ab7d,MPT,MPT,other,unified_chip2/97401,2.6728534066933207e-05,1.4045530178918852e-06,0.999971866607666
e8d6caf299a49dfe0111ec1e68a036902602d620c9bde8c1bff5b7da7841ab7d,Flan-T5,Flan-T5,other,unified_chip2/97401,0.012761659920215607,0.9871575236320496,8.075883670244366e-05
e8d6caf299a49dfe0111ec1e68a036902602d620c9bde8c1bff5b7da7841ab7d,ChatGLM,ChatGLM,other,unified_chip2/97401,0.9987897276878357,0.0009535067365504801,0.00025679395184852183
db7ddebb64e0fbd26a25390be6c4b16e88caf31b9cb5091bfea5e6d660e0ccb6,ChatGLM,ChatGLM,other,unified_chip2/46911,0.999471127986908,0.0001134897320298478,0.000415381247876212
db7ddebb64e0fbd26a25390be6c4b16e88caf31b9cb5091bfea5e6d660e0ccb6,MPT,MPT,other,unified_chip2/46911,0.00026408580015413463,8.262569281214382e-06,0.9997276663780212
db7ddebb64e0fbd26a25390be6c4b16e88caf31b9cb5091bfea5e6d660e0ccb6,Flan-T5,Flan-T5,other,unified_chip2/46911,0.3782194256782532,0.6104474663734436,0.011333128437399864
2e7be8ec3c73a0842f045132a2c7f9a99c36e990b807711e4168626945d95cfe,ChatGLM,ChatGLM,other,unified_chip2/147600,0.9886858463287354,8.166788029484451e-05,0.011232445947825909
2e7be8ec3c73a0842f045132a2c7f9a99c36e990b807711e4168626945d95cfe,Flan-T5,Flan-T5,other,unified_chip2/147600,0.031130345538258553,0.9687734246253967,9.622578363632783e-05
2e7be8ec3c73a0842f045132a2c7f9a99c36e990b807711e4168626945d95cfe,MPT,MPT,other,unified_chip2/147600,1.063215131580364e-05,1.031348460855952e-06,0.999988317489624
168df5b9850564f9ced9d8c72834778ef63efd220afd53fa5aeb7b4e73f380cc,Flan-T5,Flan-T5,other,unified_chip2/121957,0.0017552452627569437,0.9980872273445129,0.0001575419446453452
168df5b9850564f9ced9d8c72834778ef63efd220afd53fa5aeb7b4e73f380cc,ChatGLM,ChatGLM,other,unified_chip2/121957,0.9999111890792847,8.260048343800008e-05,6.216934252734063e-06
168df5b9850564f9ced9d8c72834778ef63efd220afd53fa5aeb7b4e73f380cc,MPT,MPT,other,unified_chip2/121957,2.7691476134350523e-05,1.1696989759002463e-06,0.9999711513519287
52677b01bbd896edfb9ef46c16a20969b33615d723459262f2d6d7c5cb06c7bb,ChatGLM,ChatGLM,other,unified_chip2/165193,0.9869951605796814,0.008689600974321365,0.004315235186368227
52677b01bbd896edfb9ef46c16a20969b33615d723459262f2d6d7c5cb06c7bb,Flan-T5,Flan-T5,other,unified_chip2/165193,0.001230787136591971,0.9966853260993958,0.0020838945638388395
52677b01bbd896edfb9ef46c16a20969b33615d723459262f2d6d7c5cb06c7bb,MPT,MPT,other,unified_chip2/165193,1.633710962778423e-05,3.086309152422473e-05,0.9999527931213379
dae0d2f2a1e97b718b2826005806daea16c01f341f995b135492cce50acdc47b,MPT,MPT,other,unified_chip2/30575,8.193938992917538e-05,2.7736510332943e-07,0.9999178647994995
dae0d2f2a1e97b718b2826005806daea16c01f341f995b135492cce50acdc47b,ChatGLM,ChatGLM,other,unified_chip2/30575,0.9999364614486694,5.6294447858817875e-05,7.269936759257689e-06
dae0d2f2a1e97b718b2826005806daea16c01f341f995b135492cce50acdc47b,Flan-T5,ChatGLM,other,unified_chip2/30575,0.9992685914039612,0.00048707122914493084,0.0002443052362650633
3dc8a1aa1a338e9b13ba2bb34363b95aceda804b0562888ad5a978d661813026,MPT,MPT,other,unified_chip2/15517,1.776368480932433e-05,5.5588152463315055e-05,0.9999266862869263
3dc8a1aa1a338e9b13ba2bb34363b95aceda804b0562888ad5a978d661813026,ChatGLM,ChatGLM,other,unified_chip2/15517,0.999214768409729,0.0003547983942553401,0.0004303663154132664
3dc8a1aa1a338e9b13ba2bb34363b95aceda804b0562888ad5a978d661813026,Flan-T5,Flan-T5,other,unified_chip2/15517,0.0005323361838236451,0.999126136302948,0.0003415477694943547
f552f591ee5a5b24f30bc393927e488cce083c0963436496486defdaf2fdfb25,ChatGLM,ChatGLM,other,unified_chip2/9949,0.9988530874252319,0.0010390619281679392,0.00010788317013066262
f552f591ee5a5b24f30bc393927e488cce083c0963436496486defdaf2fdfb25,MPT,MPT,other,unified_chip2/9949,4.225584052619524e-05,0.00011045239807572216,0.9998471736907959
f552f591ee5a5b24f30bc393927e488cce083c0963436496486defdaf2fdfb25,Flan-T5,Flan-T5,other,unified_chip2/9949,0.0027389961760491133,0.9935728311538696,0.0036882255226373672
4f519e6e86c23b144d1309fc6ae1c70840c4b9ccce56267a22c500fa5aafcfc7,Flan-T5,Flan-T5,other,unified_chip2/41016,0.00042338678031228483,0.9986847043037415,0.00089188915444538
4f519e6e86c23b144d1309fc6ae1c70840c4b9ccce56267a22c500fa5aafcfc7,ChatGLM,ChatGLM,other,unified_chip2/41016,0.9999234676361084,5.315449470799649e-06,7.120774534996599e-05
4f519e6e86c23b144d1309fc6ae1c70840c4b9ccce56267a22c500fa5aafcfc7,MPT,MPT,other,unified_chip2/41016,1.494830212322995e-05,2.558364394644741e-05,0.9999594688415527
96bd30d8054bcdd47062e5c79ac61245bee8c7c568144536cab326d4a542a9b8,MPT,MPT,other,unified_chip2/140402,7.806392386555672e-05,1.7769130863598548e-05,0.9999041557312012
96bd30d8054bcdd47062e5c79ac61245bee8c7c568144536cab326d4a542a9b8,ChatGLM,ChatGLM,other,unified_chip2/140402,0.9989616870880127,0.001026694430038333,1.1662810720736161e-05
96bd30d8054bcdd47062e5c79ac61245bee8c7c568144536cab326d4a542a9b8,Flan-T5,Flan-T5,other,unified_chip2/140402,0.002519708126783371,0.9973416924476624,0.0001386497897328809
f071c886bf5a19e64045d3bcd1119a28b8ba78374f5bf1670400f5174e7695af,Flan-T5,Flan-T5,other,unified_chip2/49569,0.22287896275520325,0.7766379714012146,0.00048307442921213806
f071c886bf5a19e64045d3bcd1119a28b8ba78374f5bf1670400f5174e7695af,MPT,MPT,other,unified_chip2/49569,0.0002132482622982934,1.1961828022322152e-05,0.9997748732566833
f071c886bf5a19e64045d3bcd1119a28b8ba78374f5bf1670400f5174e7695af,ChatGLM,ChatGLM,other,unified_chip2/49569,0.9995360374450684,0.0004016069869976491,6.24480308033526e-05
df9b373b7935277de7f5d50f61cf36616efec074f98bf610c8566bc6f27bb403,MPT,MPT,other,dolly_15k/open_qa/2259,0.01741728186607361,4.594191341311671e-05,0.9825367331504822
df9b373b7935277de7f5d50f61cf36616efec074f98bf610c8566bc6f27bb403,ChatGLM,ChatGLM,other,dolly_15k/open_qa/2259,0.9473536610603333,0.05214441567659378,0.0005020249518565834
df9b373b7935277de7f5d50f61cf36616efec074f98bf610c8566bc6f27bb403,Flan-T5,Flan-T5,other,dolly_15k/open_qa/2259,0.0014231994282454252,0.9984461665153503,0.00013066863175481558
27cffa7465cb8187ace25b87dd1de61aa456ac324f9c508637e3e8a43d38b292,MPT,MPT,other,unified_chip2/127357,7.348287181230262e-05,5.5752652770024724e-06,0.9999209642410278
27cffa7465cb8187ace25b87dd1de61aa456ac324f9c508637e3e8a43d38b292,Flan-T5,Flan-T5,other,unified_chip2/127357,0.0074245259165763855,0.9924048781394958,0.0001705759350443259
27cffa7465cb8187ace25b87dd1de61aa456ac324f9c508637e3e8a43d38b292,ChatGLM,ChatGLM,other,unified_chip2/127357,0.999940037727356,1.0835457942448556e-05,4.9081314500654116e-05
8bc7dbcf4b2a02578e2f8b8b16fba49f479a76e85e058926dcfac42be437d5e5,MPT,MPT,other,unified_chip2/103722,0.0005228163208812475,1.8946630007121712e-05,0.9994582533836365
8bc7dbcf4b2a02578e2f8b8b16fba49f479a76e85e058926dcfac42be437d5e5,Flan-T5,Flan-T5,other,unified_chip2/103722,0.006344387773424387,0.9935983419418335,5.723422873415984e-05
8bc7dbcf4b2a02578e2f8b8b16fba49f479a76e85e058926dcfac42be437d5e5,ChatGLM,ChatGLM,other,unified_chip2/103722,0.9999797344207764,1.695130231382791e-05,3.32765921484679e-06
e12d34f7d5ab5f8298030403829f6b54df640dd601992dfdf178919869818047,Flan-T5,ChatGLM,other,dolly_15k/open_qa/1090,0.7205172181129456,0.27943769097328186,4.5078057155478746e-05
e12d34f7d5ab5f8298030403829f6b54df640dd601992dfdf178919869818047,MPT,ChatGLM,other,dolly_15k/open_qa/1090,0.9871568083763123,0.012124467641115189,0.0007186778238974512
e12d34f7d5ab5f8298030403829f6b54df640dd601992dfdf178919869818047,ChatGLM,ChatGLM,other,dolly_15k/open_qa/1090,0.9990044236183167,0.0009713253821246326,2.4287104679387994e-05
38413f2cf26fddde90cd89e2a49110c339529cdd09cfcd27e072271f12a2fa09,ChatGLM,ChatGLM,other,unified_chip2/117363,0.9981958270072937,0.0013205029536038637,0.00048368985881097615
38413f2cf26fddde90cd89e2a49110c339529cdd09cfcd27e072271f12a2fa09,Flan-T5,Flan-T5,other,unified_chip2/117363,0.00029486542916856706,0.9987139701843262,0.0009911454981192946
38413f2cf26fddde90cd89e2a49110c339529cdd09cfcd27e072271f12a2fa09,MPT,MPT,other,unified_chip2/117363,0.002825460396707058,0.00015933410031720996,0.997015118598938
59d073b1d564560333ff537d0a3512c5f8016d9c02b29bfee740213f092502a9,Flan-T5,Flan-T5,other,unified_chip2/89233,0.0014137100661173463,0.9965930581092834,0.0019932619761675596
59d073b1d564560333ff537d0a3512c5f8016d9c02b29bfee740213f092502a9,MPT,MPT,other,unified_chip2/89233,6.073081021895632e-05,1.2382913155306596e-05,0.9999269247055054
59d073b1d564560333ff537d0a3512c5f8016d9c02b29bfee740213f092502a9,ChatGLM,ChatGLM,other,unified_chip2/89233,0.984029233455658,0.015160038135945797,0.0008106488967314363
b0ec1daf8ef393bcfafe7277bfd01e5094cf9ff43299130f0d68a623b8eda812,Flan-T5,Flan-T5,other,unified_chip2/7409,0.05259685963392258,0.9473599195480347,4.3180305510759354e-05
b0ec1daf8ef393bcfafe7277bfd01e5094cf9ff43299130f0d68a623b8eda812,MPT,MPT,other,unified_chip2/7409,0.042831990867853165,0.001284766593016684,0.9558831453323364
b0ec1daf8ef393bcfafe7277bfd01e5094cf9ff43299130f0d68a623b8eda812,ChatGLM,ChatGLM,other,unified_chip2/7409,0.999653697013855,0.00018724602705333382,0.00015910196816548705
24abdb565cf39c9261e96ac8d7ba6b2f3617600abbade9df4c5e348b0e55d14e,MPT,MPT,other,unified_chip2/88903,3.0365677957888693e-05,2.182948446716182e-05,0.9999477863311768
24abdb565cf39c9261e96ac8d7ba6b2f3617600abbade9df4c5e348b0e55d14e,Flan-T5,Flan-T5,other,unified_chip2/88903,0.11014313250780106,0.8897854685783386,7.146667485358194e-05
24abdb565cf39c9261e96ac8d7ba6b2f3617600abbade9df4c5e348b0e55d14e,ChatGLM,ChatGLM,other,unified_chip2/88903,0.9957614541053772,0.0002592791279312223,0.0039793699979782104
6f2094c73a6f904e1b24f0acebe4399ce0e0c211d69946f7b798f2957130a769,ChatGLM,ChatGLM,other,dolly_15k/general_qa/347,0.9990137815475464,0.000916828284971416,6.934770499356091e-05
6f2094c73a6f904e1b24f0acebe4399ce0e0c211d69946f7b798f2957130a769,Flan-T5,Flan-T5,other,dolly_15k/general_qa/347,0.023099493235349655,0.9750826954841614,0.0018177772872149944
6f2094c73a6f904e1b24f0acebe4399ce0e0c211d69946f7b798f2957130a769,MPT,MPT,other,dolly_15k/general_qa/347,0.09933144599199295,0.00025749014457687736,0.9004110097885132
4c35a0a162c7ee25b1154271203df039f24a96241efd3a90111beb48ac3cd74d,MPT,MPT,other,unified_chip2/59456,2.2929270926397294e-05,2.275841779919574e-06,0.9999748468399048
4c35a0a162c7ee25b1154271203df039f24a96241efd3a90111beb48ac3cd74d,Flan-T5,Flan-T5,other,unified_chip2/59456,0.00046831308281980455,0.9981673955917358,0.0013643219135701656
4c35a0a162c7ee25b1154271203df039f24a96241efd3a90111beb48ac3cd74d,ChatGLM,ChatGLM,other,unified_chip2/59456,0.9998903274536133,0.0001006443562800996,9.044352736964356e-06
d9be22636e8107cc24c928e1dd501243c37869c725d14f8b9779a62d808d18bf,Flan-T5,Flan-T5,other,unified_chip2/94441,0.0022284372244030237,0.9960421323776245,0.0017294245772063732
d9be22636e8107cc24c928e1dd501243c37869c725d14f8b9779a62d808d18bf,ChatGLM,ChatGLM,other,unified_chip2/94441,0.9977128505706787,0.0022564195096492767,3.065044802497141e-05
d9be22636e8107cc24c928e1dd501243c37869c725d14f8b9779a62d808d18bf,MPT,MPT,other,unified_chip2/94441,0.0002993172674905509,2.4262681108666584e-05,0.9996763467788696
4f4b19e92e632024cef45135eaedad8b6ce81e7790e91cabaa787f12478a1b0e,ChatGLM,ChatGLM,other,unified_chip2/67204,0.9979398846626282,7.525786350015551e-05,0.001984821865335107
4f4b19e92e632024cef45135eaedad8b6ce81e7790e91cabaa787f12478a1b0e,MPT,MPT,other,unified_chip2/67204,0.003444958245381713,6.167348328744993e-05,0.996493399143219
4f4b19e92e632024cef45135eaedad8b6ce81e7790e91cabaa787f12478a1b0e,Flan-T5,ChatGLM,other,unified_chip2/67204,0.9987308382987976,0.001253248774446547,1.598086419107858e-05
206f1aeee49bf39af9eadc23f29452c740f2d1fe0111bf131c8e6e13106addde,Flan-T5,Flan-T5,other,unified_chip2/35141,0.0570598766207695,0.942875325679779,6.484489858848974e-05
206f1aeee49bf39af9eadc23f29452c740f2d1fe0111bf131c8e6e13106addde,MPT,MPT,other,unified_chip2/35141,0.0009088552906177938,4.306098344386555e-05,0.9990480542182922
206f1aeee49bf39af9eadc23f29452c740f2d1fe0111bf131c8e6e13106addde,ChatGLM,ChatGLM,other,unified_chip2/35141,0.9149123430252075,0.00883323885500431,0.0762544572353363
e2fdd2b34aee51e9de9abd673b54b91b2f21d7da26c3c97cbf2be87d47436148,ChatGLM,ChatGLM,other,unified_chip2/93174,0.9995532631874084,0.0004415797011461109,5.162203251529718e-06
e2fdd2b34aee51e9de9abd673b54b91b2f21d7da26c3c97cbf2be87d47436148,MPT,MPT,other,unified_chip2/93174,0.001088295946829021,0.00027463893638923764,0.9986370205879211
e2fdd2b34aee51e9de9abd673b54b91b2f21d7da26c3c97cbf2be87d47436148,Flan-T5,Flan-T5,other,unified_chip2/93174,0.0024214694276452065,0.9862391352653503,0.011339429765939713
0af478f293c7dcd80bfa7a6cd939ffc06b0158912724d18b10598cec27c27ce6,MPT,MPT,other,unified_chip2/68725,2.2441683540819213e-05,1.725809124764055e-05,0.9999603033065796
0af478f293c7dcd80bfa7a6cd939ffc06b0158912724d18b10598cec27c27ce6,Flan-T5,Flan-T5,other,unified_chip2/68725,0.06974194943904877,0.930035412311554,0.00022264222207013518
0af478f293c7dcd80bfa7a6cd939ffc06b0158912724d18b10598cec27c27ce6,ChatGLM,ChatGLM,other,unified_chip2/68725,0.9999730587005615,5.934921773587121e-06,2.1002591893193312e-05
665075f58e27304eae07c368ae2309676677c0c5372195d78fd6c2b98dfce65f,ChatGLM,ChatGLM,other,dolly_15k/general_qa/1018,0.9997523427009583,0.00014628135249949992,0.0001013789078569971
665075f58e27304eae07c368ae2309676677c0c5372195d78fd6c2b98dfce65f,Flan-T5,Flan-T5,other,dolly_15k/general_qa/1018,0.37388327717781067,0.6258693337440491,0.00024745194241404533
665075f58e27304eae07c368ae2309676677c0c5372195d78fd6c2b98dfce65f,MPT,MPT,other,dolly_15k/general_qa/1018,8.355837780982256e-05,8.0043901107274e-06,0.999908447265625
e3bd3cdc21683c67fc588ee25ce1ceabfff19c6c73f7a51f6a1806829c1c6e25,ChatGLM,ChatGLM,other,unified_chip2/30173,0.9639490842819214,0.0003857044503092766,0.035665113478899
e3bd3cdc21683c67fc588ee25ce1ceabfff19c6c73f7a51f6a1806829c1c6e25,MPT,MPT,other,unified_chip2/30173,0.00020476074132602662,8.307497773785144e-05,0.9997121691703796
e3bd3cdc21683c67fc588ee25ce1ceabfff19c6c73f7a51f6a1806829c1c6e25,Flan-T5,Flan-T5,other,unified_chip2/30173,0.002866876544430852,0.9969497323036194,0.00018342235125601292
edea794cd801504430cdc42f1c981284ebfca5a950131665e8728efbf68e7d25,MPT,MPT,other,unified_chip2/103437,0.00010616645158734173,7.5231714617984835e-06,0.9998862743377686
edea794cd801504430cdc42f1c981284ebfca5a950131665e8728efbf68e7d25,Flan-T5,Flan-T5,other,unified_chip2/103437,0.03962269797921181,0.9599321484565735,0.00044518502545543015
edea794cd801504430cdc42f1c981284ebfca5a950131665e8728efbf68e7d25,ChatGLM,Flan-T5,other,unified_chip2/103437,0.3013010323047638,0.697420597076416,0.001278332551009953
d350890ea9798fa5a6fa457e3f1a7b20d41eb1e8e7e51423b4a6a7134f524672,Flan-T5,Flan-T5,other,unified_chip2/131467,0.0027155245188623667,0.9966020584106445,0.0006823670701123774
d350890ea9798fa5a6fa457e3f1a7b20d41eb1e8e7e51423b4a6a7134f524672,MPT,MPT,other,unified_chip2/131467,0.00029538481612689793,5.2528259402606636e-05,0.9996520280838013
d350890ea9798fa5a6fa457e3f1a7b20d41eb1e8e7e51423b4a6a7134f524672,ChatGLM,ChatGLM,other,unified_chip2/131467,0.9915287494659424,0.008114445954561234,0.0003568347601685673
5edb2d46c5a438a99324027d2bbb8c18af6e6593bd2de46401a74641188a9cd9,ChatGLM,ChatGLM,other,unified_chip2/54199,0.9889692068099976,0.0009940771851688623,0.010036722756922245
5edb2d46c5a438a99324027d2bbb8c18af6e6593bd2de46401a74641188a9cd9,MPT,MPT,other,unified_chip2/54199,0.0003105373471044004,0.00014600205759052187,0.9995434880256653
5edb2d46c5a438a99324027d2bbb8c18af6e6593bd2de46401a74641188a9cd9,Flan-T5,Flan-T5,other,unified_chip2/54199,0.0049077230505645275,0.993033766746521,0.002058499725535512
1a7b925d53ff44cd2c016126ac3581bd0d463d314cbda86b11412b0d0992b6a1,MPT,MPT,other,dolly_15k/brainstorming/724,2.6998457542504184e-05,9.978941761801252e-07,0.9999721050262451
1a7b925d53ff44cd2c016126ac3581bd0d463d314cbda86b11412b0d0992b6a1,Flan-T5,Flan-T5,other,dolly_15k/brainstorming/724,0.0006475120899267495,0.9982722997665405,0.001080143847502768
1a7b925d53ff44cd2c016126ac3581bd0d463d314cbda86b11412b0d0992b6a1,ChatGLM,ChatGLM,other,dolly_15k/brainstorming/724,0.9772467613220215,0.022640351206064224,0.00011287821689620614
2f62fa9255cb9c274e6243475fafc0c8ec176251b57c8bd4e4e55e8fb69e5bff,ChatGLM,ChatGLM,other,unified_chip2/38887,0.9996469020843506,0.0002005060960073024,0.00015258733765222132
2f62fa9255cb9c274e6243475fafc0c8ec176251b57c8bd4e4e55e8fb69e5bff,Flan-T5,Flan-T5,other,unified_chip2/38887,0.05631817877292633,0.9415575265884399,0.002124328864738345
2f62fa9255cb9c274e6243475fafc0c8ec176251b57c8bd4e4e55e8fb69e5bff,MPT,MPT,other,unified_chip2/38887,0.00019318558042868972,4.936096229357645e-05,0.9997574687004089
7d04b56f031bb13842a857c116b5ecb51b1b530620ada2ebfcf7766ff765c95c,ChatGLM,ChatGLM,other,dolly_15k/brainstorming/1601,0.9937050938606262,0.0047629885375499725,0.001531866379082203
7d04b56f031bb13842a857c116b5ecb51b1b530620ada2ebfcf7766ff765c95c,MPT,ChatGLM,other,dolly_15k/brainstorming/1601,0.6014168858528137,0.00031619941000826657,0.3982669413089752
7d04b56f031bb13842a857c116b5ecb51b1b530620ada2ebfcf7766ff765c95c,Flan-T5,ChatGLM,other,dolly_15k/brainstorming/1601,0.9594137072563171,0.03962875157594681,0.0009574982686899602
527742c56dd596734d16b4899a14c83028fe4b84b5c870e4fab35a14ac50552d,ChatGLM,ChatGLM,other,unified_chip2/3064,0.9996289014816284,0.00031935449806042016,5.1755316235357895e-05
527742c56dd596734d16b4899a14c83028fe4b84b5c870e4fab35a14ac50552d,MPT,MPT,other,unified_chip2/3064,7.481176726287231e-05,0.00011538618855411187,0.9998098015785217
527742c56dd596734d16b4899a14c83028fe4b84b5c870e4fab35a14ac50552d,Flan-T5,Flan-T5,other,unified_chip2/3064,0.10746349394321442,0.881108820438385,0.011427651159465313
4ff4beee17c7d69abf107f3c2def73eeb5e86db606284f81c05fffa5bb3f3e5b,MPT,MPT,other,unified_chip2/62273,0.00011346476094331592,3.317629307275638e-06,0.9998831748962402
4ff4beee17c7d69abf107f3c2def73eeb5e86db606284f81c05fffa5bb3f3e5b,ChatGLM,ChatGLM,other,unified_chip2/62273,0.9998910427093506,9.345071885036305e-05,1.543619146104902e-05
4ff4beee17c7d69abf107f3c2def73eeb5e86db606284f81c05fffa5bb3f3e5b,Flan-T5,Flan-T5,other,unified_chip2/62273,0.001976582920178771,0.9975886344909668,0.0004347570356912911
616ee8b721d872635165455a52b5fea483aacb41f74ef68642c20977bd743ec0,Flan-T5,ChatGLM,other,dolly_15k/information_extraction/252,0.8190850019454956,0.18052060902118683,0.00039437407394871116
616ee8b721d872635165455a52b5fea483aacb41f74ef68642c20977bd743ec0,ChatGLM,ChatGLM,other,dolly_15k/information_extraction/252,0.9956842660903931,0.004251561593264341,6.425347237382084e-05
616ee8b721d872635165455a52b5fea483aacb41f74ef68642c20977bd743ec0,MPT,MPT,other,dolly_15k/information_extraction/252,0.000531209516339004,0.00021182571072131395,0.9992570281028748
c581f62290bb69aafc54ab556bc3532ab9478f5accf21f00b7a0b421e087e9ae,Flan-T5,Flan-T5,other,unified_chip2/161239,0.0017661693273112178,0.9982128143310547,2.0977980966563337e-05
c581f62290bb69aafc54ab556bc3532ab9478f5accf21f00b7a0b421e087e9ae,MPT,MPT,other,unified_chip2/161239,0.17847688496112823,7.813048432581127e-05,0.8214449286460876
c581f62290bb69aafc54ab556bc3532ab9478f5accf21f00b7a0b421e087e9ae,ChatGLM,ChatGLM,other,unified_chip2/161239,0.9981570839881897,0.0017519094981253147,9.100517490878701e-05
66ccff937f62dce4ff383901e03cb163de16fab9457a999183f49fabf5d732df,ChatGLM,ChatGLM,other,unified_chip2/65051,0.9997255206108093,0.0002360432263230905,3.841477882815525e-05
66ccff937f62dce4ff383901e03cb163de16fab9457a999183f49fabf5d732df,Flan-T5,ChatGLM,other,unified_chip2/65051,0.9671293497085571,0.0326499417424202,0.00022078436450101435
66ccff937f62dce4ff383901e03cb163de16fab9457a999183f49fabf5d732df,MPT,MPT,other,unified_chip2/65051,0.012250966392457485,0.0001778913283487782,0.987571120262146
e4d8cf0818220df593018912907a87b84265c35aa6368a125f0e92b5d749f3a2,ChatGLM,ChatGLM,other,unified_chip2/132478,0.9991248250007629,0.0006819600821472704,0.0001931425358634442
e4d8cf0818220df593018912907a87b84265c35aa6368a125f0e92b5d749f3a2,MPT,MPT,other,unified_chip2/132478,0.0004515299806371331,9.124301141127944e-05,0.9994571805000305
e4d8cf0818220df593018912907a87b84265c35aa6368a125f0e92b5d749f3a2,Flan-T5,Flan-T5,other,unified_chip2/132478,0.007706982083618641,0.9922592043876648,3.380276029929519e-05
e5b958a885d29b975ec935a75844a2050c870bc3afb6975973f7d72d46ed18bc,ChatGLM,ChatGLM,other,unified_chip2/24695,0.9999469518661499,4.0737333620199934e-05,1.2278969734325074e-05
e5b958a885d29b975ec935a75844a2050c870bc3afb6975973f7d72d46ed18bc,MPT,MPT,other,unified_chip2/24695,0.42269760370254517,0.004189189989119768,0.573113203048706
e5b958a885d29b975ec935a75844a2050c870bc3afb6975973f7d72d46ed18bc,Flan-T5,Flan-T5,other,unified_chip2/24695,0.0009282506071031094,0.9988252520561218,0.00024648485123179853
5f068aa460d8efe462ae58b5d654045d2b3072a8b252a55ab8eff669b37d5def,Flan-T5,Flan-T5,other,unified_chip2/126909,0.00803894829005003,0.9914813041687012,0.0004797497531399131
5f068aa460d8efe462ae58b5d654045d2b3072a8b252a55ab8eff669b37d5def,MPT,MPT,other,unified_chip2/126909,7.149922021199018e-05,1.040080860548187e-05,0.9999181032180786
5f068aa460d8efe462ae58b5d654045d2b3072a8b252a55ab8eff669b37d5def,ChatGLM,ChatGLM,other,unified_chip2/126909,0.9999567270278931,3.4094922739313915e-05,9.121425136981998e-06
ca208db51727406ddd2ec07c2416f3374036bef00a296731782e00d45c72d125,MPT,MPT,other,unified_chip2/77061,3.6104607715969905e-05,2.434595216982416e-06,0.9999614953994751
ca208db51727406ddd2ec07c2416f3374036bef00a296731782e00d45c72d125,ChatGLM,ChatGLM,other,unified_chip2/77061,0.9958831071853638,0.0034208251163363457,0.000696026545483619
ca208db51727406ddd2ec07c2416f3374036bef00a296731782e00d45c72d125,Flan-T5,Flan-T5,other,unified_chip2/77061,0.06767474859952927,0.8234429955482483,0.10888223350048065
c6f327eff980069b6fe739cb63dc9be17863dc4d556cdf780362cefd1cec15e6,ChatGLM,ChatGLM,other,dolly_15k/creative_writing/423,0.9970242381095886,0.0025879996828734875,0.00038772838888689876
c6f327eff980069b6fe739cb63dc9be17863dc4d556cdf780362cefd1cec15e6,Flan-T5,Flan-T5,other,dolly_15k/creative_writing/423,0.0017606201581656933,0.9975544810295105,0.0006848879274912179
c6f327eff980069b6fe739cb63dc9be17863dc4d556cdf780362cefd1cec15e6,MPT,MPT,other,dolly_15k/creative_writing/423,8.81152391229989e-06,3.713260639415239e-06,0.9999874830245972
dfb9661a09fd694994e675cb28dca06abc4957f8dfe5a3f2ab6353785889bb84,ChatGLM,ChatGLM,other,unified_chip2/143514,0.996903121471405,0.0017435122281312943,0.0013533742167055607
dfb9661a09fd694994e675cb28dca06abc4957f8dfe5a3f2ab6353785889bb84,MPT,MPT,other,unified_chip2/143514,9.743356713443063e-06,3.2534308047615923e-07,0.9999898672103882
dfb9661a09fd694994e675cb28dca06abc4957f8dfe5a3f2ab6353785889bb84,Flan-T5,Flan-T5,other,unified_chip2/143514,0.015281193889677525,0.9845227003097534,0.0001961023372132331
7359f6cdd7124f26764807b753495b04614a85afd57abd615d7f4b46256803fb,MPT,MPT,other,unified_chip2/38364,1.2638462976610754e-05,1.2299660738790408e-05,0.9999750852584839
7359f6cdd7124f26764807b753495b04614a85afd57abd615d7f4b46256803fb,Flan-T5,Flan-T5,other,unified_chip2/38364,0.009876729920506477,0.9885455965995789,0.001577647402882576
7359f6cdd7124f26764807b753495b04614a85afd57abd615d7f4b46256803fb,ChatGLM,ChatGLM,other,unified_chip2/38364,0.9997960925102234,5.968688128632493e-05,0.0001442280045012012
0f5ac0bd21763069afa782862385760ed3a940ca15f4f8c0681833a0e7c3fa44,Flan-T5,Flan-T5,other,unified_chip2/106944,0.029136918485164642,0.9704050421714783,0.0004580689128488302
0f5ac0bd21763069afa782862385760ed3a940ca15f4f8c0681833a0e7c3fa44,ChatGLM,ChatGLM,other,unified_chip2/106944,0.9993999004364014,0.0005310924025252461,6.895828119013458e-05
0f5ac0bd21763069afa782862385760ed3a940ca15f4f8c0681833a0e7c3fa44,MPT,MPT,other,unified_chip2/106944,0.00515498174354434,0.0001390934776281938,0.9947059750556946
63b9092c65d77c9aa054516a1a35bf28de35f529b5d62705a0032900644f294b,Flan-T5,Flan-T5,other,unified_chip2/34262,0.03373430669307709,0.9661716818809509,9.400730050401762e-05
63b9092c65d77c9aa054516a1a35bf28de35f529b5d62705a0032900644f294b,MPT,MPT,other,unified_chip2/34262,0.0005716555751860142,0.00012098226579837501,0.9993072748184204
63b9092c65d77c9aa054516a1a35bf28de35f529b5d62705a0032900644f294b,ChatGLM,ChatGLM,other,unified_chip2/34262,0.9997380375862122,0.00024812633637338877,1.383779090247117e-05
0034f8753f5a3faab8fa7adef2d3857baba4ea077e49d4042377c1612208f2f9,ChatGLM,Flan-T5,other,dolly_15k/open_qa/530,0.1713540107011795,0.8279114365577698,0.0007345504127442837
0034f8753f5a3faab8fa7adef2d3857baba4ea077e49d4042377c1612208f2f9,Flan-T5,Flan-T5,other,dolly_15k/open_qa/530,0.0032054458279162645,0.9965599179267883,0.0002346168621443212
0034f8753f5a3faab8fa7adef2d3857baba4ea077e49d4042377c1612208f2f9,MPT,MPT,other,dolly_15k/open_qa/530,0.007419552654027939,1.1188736834810697e-06,0.9925794005393982
94b68746e37ccb28c02c8df2646cd189669a1eb2403a938d6a0305b44ce2089c,ChatGLM,ChatGLM,other,unified_chip2/70198,0.9996826648712158,0.0002150803484255448,0.0001022834112518467
94b68746e37ccb28c02c8df2646cd189669a1eb2403a938d6a0305b44ce2089c,Flan-T5,Flan-T5,other,unified_chip2/70198,0.0017552452627569437,0.9980872273445129,0.0001575419446453452
94b68746e37ccb28c02c8df2646cd189669a1eb2403a938d6a0305b44ce2089c,MPT,MPT,other,unified_chip2/70198,0.00034189748112112284,0.0007796897552907467,0.9988784193992615
7f27393d6ba87c2729a45572403827923504ea467d8b0b82f0936e506a03ae9d,Flan-T5,Flan-T5,other,unified_chip2/21341,0.009683714248239994,0.9891381859779358,0.0011780594941228628
7f27393d6ba87c2729a45572403827923504ea467d8b0b82f0936e506a03ae9d,ChatGLM,ChatGLM,other,unified_chip2/21341,0.999887228012085,9.046874765772372e-05,2.2254100258578546e-05
7f27393d6ba87c2729a45572403827923504ea467d8b0b82f0936e506a03ae9d,MPT,MPT,other,unified_chip2/21341,0.00044171171612106264,8.476363291265443e-05,0.9994736313819885
7bd79d65032d9dba5d344b527e27d3c00d72f9081bdb6b2e616874e0b74cc290,Flan-T5,Flan-T5,other,unified_chip2/38784,0.019824959337711334,0.9799530506134033,0.00022200522653292865
7bd79d65032d9dba5d344b527e27d3c00d72f9081bdb6b2e616874e0b74cc290,ChatGLM,ChatGLM,other,unified_chip2/38784,0.999984622001648,8.643614819447976e-06,6.652986940025585e-06
7bd79d65032d9dba5d344b527e27d3c00d72f9081bdb6b2e616874e0b74cc290,MPT,MPT,other,unified_chip2/38784,9.592565766070038e-05,4.431082197697833e-05,0.9998596906661987
71ec97cb1bbc652fb51575f73c48a7fe08e9a535a5e8dc9b85b3636754d8c63d,MPT,Flan-T5,other,unified_chip2/100125,0.25896263122558594,0.6768417954444885,0.06419562548398972
71ec97cb1bbc652fb51575f73c48a7fe08e9a535a5e8dc9b85b3636754d8c63d,Flan-T5,Flan-T5,other,unified_chip2/100125,0.009683714248239994,0.9891381859779358,0.0011780594941228628
71ec97cb1bbc652fb51575f73c48a7fe08e9a535a5e8dc9b85b3636754d8c63d,ChatGLM,ChatGLM,other,unified_chip2/100125,0.923552393913269,0.07639549672603607,5.209607843426056e-05
a67a03d1ba32f3efe371bf9ee16c7fcb5830b909d1da7f7382935e1622643cf2,Flan-T5,Flan-T5,other,unified_chip2/38827,0.0013252452481538057,0.9981269240379333,0.0005478719831444323
a67a03d1ba32f3efe371bf9ee16c7fcb5830b909d1da7f7382935e1622643cf2,MPT,MPT,other,unified_chip2/38827,5.961546776234172e-05,3.6220537822373444e-06,0.9999368190765381
a67a03d1ba32f3efe371bf9ee16c7fcb5830b909d1da7f7382935e1622643cf2,ChatGLM,ChatGLM,other,unified_chip2/38827,0.9996825456619263,0.0002718688629101962,4.568358781398274e-05
0f5ba4b90c121f8b541f1dc8a8223e7ef0637903d3102c5e437e7fa0884f5a0c,MPT,MPT,other,unified_chip2/149309,1.358525605610339e-05,7.089058271958493e-06,0.9999793767929077
0f5ba4b90c121f8b541f1dc8a8223e7ef0637903d3102c5e437e7fa0884f5a0c,Flan-T5,Flan-T5,other,unified_chip2/149309,0.0020475436467677355,0.9968553781509399,0.0010970517760142684
0f5ba4b90c121f8b541f1dc8a8223e7ef0637903d3102c5e437e7fa0884f5a0c,ChatGLM,ChatGLM,other,unified_chip2/149309,0.9999203681945801,7.544973050244153e-05,4.227285899105482e-06
8e4482c702bfd26b727e546932179e1d9b04e68298754e39a6078e05fd99bf54,Flan-T5,Flan-T5,other,unified_chip2/40234,0.0017552452627569437,0.9980872273445129,0.0001575419446453452
8e4482c702bfd26b727e546932179e1d9b04e68298754e39a6078e05fd99bf54,MPT,MPT,other,unified_chip2/40234,0.0002863608824554831,8.6793108494021e-05,0.999626874923706
8e4482c702bfd26b727e546932179e1d9b04e68298754e39a6078e05fd99bf54,ChatGLM,ChatGLM,other,unified_chip2/40234,0.9631645083427429,3.867900159093551e-05,0.036796823143959045
f1fb35a07351d301b6abba9717ff41fab4045a6151f8c670d3d8877858104508,ChatGLM,ChatGLM,other,unified_chip2/153617,0.9998726844787598,0.00011772258585551754,9.53310609475011e-06
f1fb35a07351d301b6abba9717ff41fab4045a6151f8c670d3d8877858104508,Flan-T5,Flan-T5,other,unified_chip2/153617,0.013229923322796822,0.9858835339546204,0.0008865735726431012
f1fb35a07351d301b6abba9717ff41fab4045a6151f8c670d3d8877858104508,MPT,MPT,other,unified_chip2/153617,0.00010911063145613298,0.00018202202045358717,0.9997088313102722
0ef274cb1830ebbf0f0a10931ae7c6364e4991b8f4106f924563ebd78a3ab2f9,ChatGLM,ChatGLM,other,unified_chip2/157144,0.9997811913490295,1.669524317549076e-05,0.00020212010713294148
0ef274cb1830ebbf0f0a10931ae7c6364e4991b8f4106f924563ebd78a3ab2f9,MPT,MPT,other,unified_chip2/157144,0.0016512767178937793,0.0003912996908184141,0.9979574680328369
0ef274cb1830ebbf0f0a10931ae7c6364e4991b8f4106f924563ebd78a3ab2f9,Flan-T5,Flan-T5,other,unified_chip2/157144,0.033311691135168076,0.9665101170539856,0.00017824626411311328
763f7ad629601a26b487828031be2c6bb9ee8c2295f89f634cc91e36f1881bf4,ChatGLM,ChatGLM,other,unified_chip2/127991,0.9953449368476868,0.004643519874662161,1.1526281923579518e-05
763f7ad629601a26b487828031be2c6bb9ee8c2295f89f634cc91e36f1881bf4,MPT,MPT,other,unified_chip2/127991,1.2414034245011862e-05,9.204482012137305e-06,0.9999784231185913
763f7ad629601a26b487828031be2c6bb9ee8c2295f89f634cc91e36f1881bf4,Flan-T5,Flan-T5,other,unified_chip2/127991,0.0017552452627569437,0.9980872273445129,0.0001575419446453452
62a4e1403a977960e0b078b354819bf26f0ebd54caf948e0d80755fe23b90755,ChatGLM,ChatGLM,other,unified_chip2/120480,0.9996970891952515,9.125742508331314e-05,0.00021165602083783597
62a4e1403a977960e0b078b354819bf26f0ebd54caf948e0d80755fe23b90755,MPT,MPT,other,unified_chip2/120480,0.0002514219668228179,0.00027876600506715477,0.9994698166847229
62a4e1403a977960e0b078b354819bf26f0ebd54caf948e0d80755fe23b90755,Flan-T5,Flan-T5,other,unified_chip2/120480,0.004243748262524605,0.9953287839889526,0.00042747173574753106
60a101537613e89f2abd1afb3021582e2001830cb569a9f812f2ece38b2e1833,MPT,MPT,other,unified_chip2/134677,0.00013518906780518591,6.821290298830718e-06,0.999858021736145
60a101537613e89f2abd1afb3021582e2001830cb569a9f812f2ece38b2e1833,ChatGLM,ChatGLM,other,unified_chip2/134677,0.9997599720954895,0.00013630487956106663,0.00010367442882852629
60a101537613e89f2abd1afb3021582e2001830cb569a9f812f2ece38b2e1833,Flan-T5,Flan-T5,other,unified_chip2/134677,0.0017552452627569437,0.9980872273445129,0.0001575419446453452
4f898e4d1bc0bba20a3fb6481cf3e4ffb73ca7d928ab391db321a2f78e2c11b3,ChatGLM,ChatGLM,other,unified_chip2/9580,0.9979724287986755,8.200223237508908e-05,0.0019456297159194946
4f898e4d1bc0bba20a3fb6481cf3e4ffb73ca7d928ab391db321a2f78e2c11b3,MPT,MPT,other,unified_chip2/9580,6.883456808282062e-05,1.1952639624723815e-06,0.9999300241470337
4f898e4d1bc0bba20a3fb6481cf3e4ffb73ca7d928ab391db321a2f78e2c11b3,Flan-T5,Flan-T5,other,unified_chip2/9580,0.0017552452627569437,0.9980872273445129,0.0001575419446453452
e9a6a44fc3122fa50d5814f18cf9100064115f4743b34f736de80bc421ab8eaa,MPT,MPT,other,unified_chip2/58492,0.09186440706253052,0.00012503197649493814,0.9080106019973755
e9a6a44fc3122fa50d5814f18cf9100064115f4743b34f736de80bc421ab8eaa,ChatGLM,ChatGLM,other,unified_chip2/58492,0.9932398796081543,0.0011067332234233618,0.005653435830026865
e9a6a44fc3122fa50d5814f18cf9100064115f4743b34f736de80bc421ab8eaa,Flan-T5,Flan-T5,other,unified_chip2/58492,0.03881083428859711,0.9588830471038818,0.002306176582351327
90917f96f609e01d3da5ebe7943693ca65bdf8e0b9b153e9316f3fb83b4ccd7c,ChatGLM,ChatGLM,other,unified_chip2/105855,0.9942647814750671,0.005272474139928818,0.0004627083835657686
90917f96f609e01d3da5ebe7943693ca65bdf8e0b9b153e9316f3fb83b4ccd7c,MPT,MPT,other,unified_chip2/105855,0.0006805249722674489,0.0004547105636447668,0.9988647699356079
90917f96f609e01d3da5ebe7943693ca65bdf8e0b9b153e9316f3fb83b4ccd7c,Flan-T5,Flan-T5,other,unified_chip2/105855,0.03545007482171059,0.9496760368347168,0.014873887412250042
8df9e4033741fa9f392a0d501fbed17926138144c00fa1ae5787ebcad466d74b,ChatGLM,ChatGLM,other,unified_chip2/65191,0.9998319149017334,4.172620174358599e-05,0.0001262929872609675
8df9e4033741fa9f392a0d501fbed17926138144c00fa1ae5787ebcad466d74b,MPT,MPT,other,unified_chip2/65191,9.831006900640205e-05,0.00018253464077133685,0.9997190833091736
8df9e4033741fa9f392a0d501fbed17926138144c00fa1ae5787ebcad466d74b,Flan-T5,Flan-T5,other,unified_chip2/65191,0.0005323361838236451,0.999126136302948,0.0003415477694943547
cabb44dd79edf8fe6df681e1daf0937e48851bb22f1c9f3381425ef9c7cab014,ChatGLM,ChatGLM,other,unified_chip2/140295,0.9997171759605408,0.0002699694305192679,1.291256739932578e-05
cabb44dd79edf8fe6df681e1daf0937e48851bb22f1c9f3381425ef9c7cab014,Flan-T5,Flan-T5,other,unified_chip2/140295,0.009683714248239994,0.9891381859779358,0.0011780594941228628
cabb44dd79edf8fe6df681e1daf0937e48851bb22f1c9f3381425ef9c7cab014,MPT,MPT,other,unified_chip2/140295,0.011013922281563282,0.010371611453592777,0.9786143898963928
84b0f498f45608f8cf12396d8527ae646d9e9fb007ac71e64983fedad81d7b7c,MPT,MPT,other,unified_chip2/119790,0.0042730774730443954,0.00044077206985093653,0.9952861666679382
84b0f498f45608f8cf12396d8527ae646d9e9fb007ac71e64983fedad81d7b7c,Flan-T5,Flan-T5,other,unified_chip2/119790,0.02916707843542099,0.970304012298584,0.0005289758555591106
84b0f498f45608f8cf12396d8527ae646d9e9fb007ac71e64983fedad81d7b7c,ChatGLM,ChatGLM,other,unified_chip2/119790,0.999929666519165,3.519085657899268e-05,3.520774043863639e-05
211848e148141b067c8ad7c220081082c5aeae99cb2e162fa8600fa84135b6bf,Flan-T5,ChatGLM,other,unified_chip2/41923,0.9969231486320496,0.0029978682287037373,7.885302329668775e-05
211848e148141b067c8ad7c220081082c5aeae99cb2e162fa8600fa84135b6bf,MPT,MPT,other,unified_chip2/41923,5.7387736887903884e-05,7.10099402567721e-06,0.999935507774353
211848e148141b067c8ad7c220081082c5aeae99cb2e162fa8600fa84135b6bf,ChatGLM,ChatGLM,other,unified_chip2/41923,0.9958414435386658,3.0444987714872696e-05,0.004128149710595608
7b6b13ee6313df8a734f82c25682f8176b1cafad2cb5aef49b897f28148b696d,Flan-T5,Flan-T5,other,unified_chip2/90509,0.02521130070090294,0.9743762612342834,0.00041240983409807086
7b6b13ee6313df8a734f82c25682f8176b1cafad2cb5aef49b897f28148b696d,ChatGLM,ChatGLM,other,unified_chip2/90509,0.973146915435791,0.02628578059375286,0.0005672481493093073
7b6b13ee6313df8a734f82c25682f8176b1cafad2cb5aef49b897f28148b696d,MPT,MPT,other,unified_chip2/90509,3.503417974570766e-05,3.764341727219289e-06,0.9999611377716064
cac56314ad92819bdb6330dbb1044c6cf0cbf758af4145566be87778e654d00b,MPT,MPT,other,unified_chip2/55509,0.20832157135009766,0.004242775030434132,0.7874356508255005
cac56314ad92819bdb6330dbb1044c6cf0cbf758af4145566be87778e654d00b,ChatGLM,ChatGLM,other,unified_chip2/55509,0.9949941039085388,0.004818962421268225,0.000186907040188089
cac56314ad92819bdb6330dbb1044c6cf0cbf758af4145566be87778e654d00b,Flan-T5,Flan-T5,other,unified_chip2/55509,0.0019338240381330252,0.9980467557907104,1.938003879331518e-05
cd15be2a788dfc2d3c3a70669129e54777053fcb91d0ccd4293a6c1695ead9ec,MPT,MPT,other,unified_chip2/36014,3.1840751034906134e-05,4.953044935973594e-06,0.9999631643295288
cd15be2a788dfc2d3c3a70669129e54777053fcb91d0ccd4293a6c1695ead9ec,Flan-T5,Flan-T5,other,unified_chip2/36014,0.32809022068977356,0.6694133877754211,0.002496381988748908
cd15be2a788dfc2d3c3a70669129e54777053fcb91d0ccd4293a6c1695ead9ec,ChatGLM,ChatGLM,other,unified_chip2/36014,0.9996355772018433,0.00011552307842066512,0.0002489442122168839
6d2df0abb6c7cdf1642b5eca0ef37f7839602d2bad6af23fc43956420b8478b0,MPT,MPT,other,unified_chip2/77567,0.00012607421376742423,4.0948107198346406e-05,0.9998328685760498
6d2df0abb6c7cdf1642b5eca0ef37f7839602d2bad6af23fc43956420b8478b0,ChatGLM,ChatGLM,other,unified_chip2/77567,0.9994220733642578,0.000544394482858479,3.361534982104786e-05
6d2df0abb6c7cdf1642b5eca0ef37f7839602d2bad6af23fc43956420b8478b0,Flan-T5,Flan-T5,other,unified_chip2/77567,0.02767963334918022,0.9275593161582947,0.04476107656955719
cdfd80e5d08e0d0ef406a45ed32cb17e1f8e381c0bf98281605a53cd08ecc3c1,ChatGLM,ChatGLM,other,unified_chip2/101151,0.9531252980232239,0.016347989439964294,0.030526772141456604
cdfd80e5d08e0d0ef406a45ed32cb17e1f8e381c0bf98281605a53cd08ecc3c1,Flan-T5,Flan-T5,other,unified_chip2/101151,0.0017552452627569437,0.9980872273445129,0.0001575419446453452
cdfd80e5d08e0d0ef406a45ed32cb17e1f8e381c0bf98281605a53cd08ecc3c1,MPT,MPT,other,unified_chip2/101151,0.0003801858692895621,1.0309800018148962e-05,0.9996095299720764
3ac2df4c4977d911ac23269125e502c5d580b40c9a2983ba6a6205b4b1f02ead,ChatGLM,ChatGLM,other,unified_chip2/74039,0.9973828196525574,0.0024093864485621452,0.0002078044053632766
3ac2df4c4977d911ac23269125e502c5d580b40c9a2983ba6a6205b4b1f02ead,MPT,MPT,other,unified_chip2/74039,0.013045151717960835,0.0003577947209123522,0.9865971207618713
3ac2df4c4977d911ac23269125e502c5d580b40c9a2983ba6a6205b4b1f02ead,Flan-T5,Flan-T5,other,unified_chip2/74039,0.007864103652536869,0.9906586408615112,0.0014772267313674092
8072c38e7aa663da6a368d540e355b14254b6318786dc3a0555e62deba6fbb9c,MPT,MPT,other,unified_chip2/82929,0.0002053782664006576,8.562926086597145e-05,0.9997089505195618
8072c38e7aa663da6a368d540e355b14254b6318786dc3a0555e62deba6fbb9c,ChatGLM,ChatGLM,other,unified_chip2/82929,0.9733209013938904,0.0010823610937222838,0.025596817955374718
8072c38e7aa663da6a368d540e355b14254b6318786dc3a0555e62deba6fbb9c,Flan-T5,Flan-T5,other,unified_chip2/82929,0.04012402519583702,0.9598249197006226,5.104596493765712e-05
dfc370f48ab1dd60d486607524bcdb5f7b14eeb9521f2ed8ee8c81cfcd07873a,ChatGLM,Flan-T5,other,dolly_15k/general_qa/1810,0.09116136282682419,0.9086647033691406,0.0001739280705805868
dfc370f48ab1dd60d486607524bcdb5f7b14eeb9521f2ed8ee8c81cfcd07873a,Flan-T5,Flan-T5,other,dolly_15k/general_qa/1810,0.04148232564330101,0.922048807144165,0.03646892309188843
dfc370f48ab1dd60d486607524bcdb5f7b14eeb9521f2ed8ee8c81cfcd07873a,MPT,MPT,other,dolly_15k/general_qa/1810,0.18527710437774658,0.00014134131197351962,0.8145814538002014
81ef539e3342f460c2ee3b39d1409823f51b2bfa258a7d6e28be76266b8b928f,ChatGLM,ChatGLM,other,unified_chip2/71684,0.8851605653762817,0.11454124748706818,0.00029823894146829844
81ef539e3342f460c2ee3b39d1409823f51b2bfa258a7d6e28be76266b8b928f,Flan-T5,Flan-T5,other,unified_chip2/71684,0.17340140044689178,0.8257192969322205,0.0008792924927547574
81ef539e3342f460c2ee3b39d1409823f51b2bfa258a7d6e28be76266b8b928f,MPT,MPT,other,unified_chip2/71684,1.867759056040086e-05,9.950230150934658e-07,0.9999803304672241
f211db5def654959ec8a4030e8bed42e17df5977c8a7ae3045be763439005513,MPT,MPT,other,dolly_15k/brainstorming/500,0.0022446969524025917,0.0005759437335655093,0.997179388999939
f211db5def654959ec8a4030e8bed42e17df5977c8a7ae3045be763439005513,Flan-T5,Flan-T5,other,dolly_15k/brainstorming/500,0.06628293544054031,0.9315541386604309,0.00216288142837584
f211db5def654959ec8a4030e8bed42e17df5977c8a7ae3045be763439005513,ChatGLM,Flan-T5,other,dolly_15k/brainstorming/500,0.032812464982271194,0.9667684435844421,0.00041910883737728
2f7331e1f41d192c66ee11fb160b4b57a3606055e2e32d97a24b959f3d264094,MPT,MPT,other,unified_chip2/135389,0.0075927418656647205,9.397004032507539e-05,0.9923133254051208
2f7331e1f41d192c66ee11fb160b4b57a3606055e2e32d97a24b959f3d264094,ChatGLM,ChatGLM,other,unified_chip2/135389,0.9997245669364929,0.00026716379215940833,8.207192877307534e-06
2f7331e1f41d192c66ee11fb160b4b57a3606055e2e32d97a24b959f3d264094,Flan-T5,Flan-T5,other,unified_chip2/135389,0.000991688808426261,0.9989126920700073,9.565172513248399e-05
ba35d6eb078bd6dbe03804886a02de8e198d14fa2dd4529d30e832bd569949a7,ChatGLM,ChatGLM,other,unified_chip2/149049,0.9999589920043945,3.266602652729489e-05,8.38280266179936e-06
ba35d6eb078bd6dbe03804886a02de8e198d14fa2dd4529d30e832bd569949a7,Flan-T5,Flan-T5,other,unified_chip2/149049,0.017939824610948563,0.9816694855690002,0.0003907357167918235
ba35d6eb078bd6dbe03804886a02de8e198d14fa2dd4529d30e832bd569949a7,MPT,MPT,other,unified_chip2/149049,0.007635326124727726,0.001112967380322516,0.9912516474723816
959944d24b639c02adbb10da2089f2b59307cb7f76f98fbef672be29e3f13158,Flan-T5,Flan-T5,other,unified_chip2/37460,0.0606813058257103,0.9389442801475525,0.00037443285691551864
959944d24b639c02adbb10da2089f2b59307cb7f76f98fbef672be29e3f13158,ChatGLM,ChatGLM,other,unified_chip2/37460,0.999380350112915,0.00038669738569296896,0.0002329466224182397
959944d24b639c02adbb10da2089f2b59307cb7f76f98fbef672be29e3f13158,MPT,MPT,other,unified_chip2/37460,7.94307270552963e-05,2.164611578336917e-05,0.9998989105224609
2e1dc3921808683da900a213c837628082efc5abb804c4cb6af6ec2b2975d99e,ChatGLM,ChatGLM,other,unified_chip2/163433,0.9899623990058899,0.009719629772007465,0.00031791196670383215
2e1dc3921808683da900a213c837628082efc5abb804c4cb6af6ec2b2975d99e,Flan-T5,ChatGLM,other,unified_chip2/163433,0.986676812171936,0.013085686601698399,0.00023746285296510905
2e1dc3921808683da900a213c837628082efc5abb804c4cb6af6ec2b2975d99e,MPT,MPT,other,unified_chip2/163433,0.00012269632134120911,3.9365495467791334e-05,0.9998379945755005
158219b3eecf5dbd658976cae88df7e78d5118418dfe4f79ff973148f7109f8d,Flan-T5,Flan-T5,other,unified_chip2/142392,0.016014937311410904,0.9819174408912659,0.0020676853600889444
158219b3eecf5dbd658976cae88df7e78d5118418dfe4f79ff973148f7109f8d,ChatGLM,ChatGLM,other,unified_chip2/142392,0.9986059069633484,0.0012913931859657168,0.00010273672523908317
158219b3eecf5dbd658976cae88df7e78d5118418dfe4f79ff973148f7109f8d,MPT,MPT,other,unified_chip2/142392,0.0019067698158323765,0.00028897490119561553,0.9978043437004089
e1a61456ec31fee9f46797c6f331737d768ee1e481b24b855db25ad94ad17db8,Flan-T5,Flan-T5,other,unified_chip2/47171,0.02100520394742489,0.9788697361946106,0.00012506924394983798
e1a61456ec31fee9f46797c6f331737d768ee1e481b24b855db25ad94ad17db8,MPT,MPT,other,unified_chip2/47171,4.52714302809909e-05,4.632123818737455e-05,0.9999083280563354
e1a61456ec31fee9f46797c6f331737d768ee1e481b24b855db25ad94ad17db8,ChatGLM,ChatGLM,other,unified_chip2/47171,0.9975778460502625,2.4677045075804926e-05,0.00239744340069592
22abd14aa396892dd3ef11042c7c3e638d59ddcc69be137e17536e09f87f2e99,MPT,MPT,other,unified_chip2/101285,0.000491993734613061,0.0003803087747655809,0.9991276860237122
22abd14aa396892dd3ef11042c7c3e638d59ddcc69be137e17536e09f87f2e99,ChatGLM,ChatGLM,other,unified_chip2/101285,0.7054229974746704,0.2937796413898468,0.0007973837782628834
22abd14aa396892dd3ef11042c7c3e638d59ddcc69be137e17536e09f87f2e99,Flan-T5,Flan-T5,other,unified_chip2/101285,0.0005323361838236451,0.999126136302948,0.0003415477694943547
7a642ea046e09bb2d242e6dd2046c56d54fa58ee8c7b7613629566e9492141b9,ChatGLM,ChatGLM,other,unified_chip2/65529,0.9992983341217041,0.0006358672399073839,6.570805271621794e-05
7a642ea046e09bb2d242e6dd2046c56d54fa58ee8c7b7613629566e9492141b9,Flan-T5,Flan-T5,other,unified_chip2/65529,0.007633085362613201,0.9921919703483582,0.00017494471103418618
7a642ea046e09bb2d242e6dd2046c56d54fa58ee8c7b7613629566e9492141b9,MPT,MPT,other,unified_chip2/65529,1.9152239474351518e-05,2.5381041268701665e-07,0.9999805688858032
57a68aa40eee6c91103748208d7869bc5414996cbd9c27d246a4a04e769eea01,Flan-T5,Flan-T5,other,unified_chip2/128828,0.009683714248239994,0.9891381859779358,0.0011780594941228628
57a68aa40eee6c91103748208d7869bc5414996cbd9c27d246a4a04e769eea01,ChatGLM,ChatGLM,other,unified_chip2/128828,0.9998965263366699,9.89284526440315e-05,4.549228833639063e-06
57a68aa40eee6c91103748208d7869bc5414996cbd9c27d246a4a04e769eea01,MPT,MPT,other,unified_chip2/128828,0.00011299683683319017,0.0006235733744688332,0.999263346195221
2eea91e3fe0bae81ef23ecb3b9fab6069f0617e84542598d9000e624a5bc7b77,MPT,MPT,other,unified_chip2/113186,0.00018852292851079255,6.752688022970688e-06,0.999804675579071
2eea91e3fe0bae81ef23ecb3b9fab6069f0617e84542598d9000e624a5bc7b77,ChatGLM,ChatGLM,other,unified_chip2/113186,0.8688557744026184,0.13111910223960876,2.5098590413108468e-05
2eea91e3fe0bae81ef23ecb3b9fab6069f0617e84542598d9000e624a5bc7b77,Flan-T5,Flan-T5,other,unified_chip2/113186,0.004705172497779131,0.995040237903595,0.0002546238829381764
66527e44fb12c23fc248821c99f559c9f65c13f7d6005e94dd448be30eb9ad51,ChatGLM,ChatGLM,other,unified_chip2/73277,0.9998713731765747,0.00011229896335862577,1.6279202100122347e-05
66527e44fb12c23fc248821c99f559c9f65c13f7d6005e94dd448be30eb9ad51,MPT,MPT,other,unified_chip2/73277,2.165616569982376e-05,6.207479827935458e-07,0.999977707862854
66527e44fb12c23fc248821c99f559c9f65c13f7d6005e94dd448be30eb9ad51,Flan-T5,ChatGLM,other,unified_chip2/73277,0.990092933177948,0.009640173055231571,0.0002668513043317944
56f2e6c129567d8d8ba950287741dafda19b9f054d73974095369c55666c43c6,Flan-T5,Flan-T5,other,unified_chip2/4058,0.0035826561506837606,0.9952744245529175,0.001142894965596497
56f2e6c129567d8d8ba950287741dafda19b9f054d73974095369c55666c43c6,ChatGLM,ChatGLM,other,unified_chip2/4058,0.9996541738510132,2.3378872356261127e-05,0.00032247757189907134
56f2e6c129567d8d8ba950287741dafda19b9f054d73974095369c55666c43c6,MPT,MPT,other,unified_chip2/4058,0.023414842784404755,0.0013947770930826664,0.9751903414726257
5a5fd98348b0d2fa31d504bab2bc23035eca36aa0e7b36f960578f691830b340,MPT,MPT,other,unified_chip2/134122,2.888233939302154e-05,2.6707746656029485e-05,0.9999444484710693
5a5fd98348b0d2fa31d504bab2bc23035eca36aa0e7b36f960578f691830b340,Flan-T5,Flan-T5,other,unified_chip2/134122,0.0040981350466609,0.9958587288856506,4.311403608880937e-05
5a5fd98348b0d2fa31d504bab2bc23035eca36aa0e7b36f960578f691830b340,ChatGLM,ChatGLM,other,unified_chip2/134122,0.9979947805404663,0.0009869236964732409,0.0010183138074353337
70b34dafb68233eef4156aefd92ccb61c7d57914fc05772d82131862f3fcfa6d,Flan-T5,Flan-T5,other,unified_chip2/105118,0.012051020748913288,0.9867974519729614,0.0011515301885083318
70b34dafb68233eef4156aefd92ccb61c7d57914fc05772d82131862f3fcfa6d,ChatGLM,ChatGLM,other,unified_chip2/105118,0.8778011798858643,0.12161998450756073,0.000578822975512594
70b34dafb68233eef4156aefd92ccb61c7d57914fc05772d82131862f3fcfa6d,MPT,MPT,other,unified_chip2/105118,0.00048422469990327954,5.6581131502753124e-05,0.9994592070579529
0b8af7f6a90e0c706d4efec31d9fc9ce2c87e6a61014704eb157ee5728389ad0,Flan-T5,Flan-T5,other,unified_chip2/69864,0.0008229455561377108,0.9988658428192139,0.00031119395862333477
0b8af7f6a90e0c706d4efec31d9fc9ce2c87e6a61014704eb157ee5728389ad0,ChatGLM,ChatGLM,other,unified_chip2/69864,0.9555940628051758,0.009268623776733875,0.035137273371219635
0b8af7f6a90e0c706d4efec31d9fc9ce2c87e6a61014704eb157ee5728389ad0,MPT,MPT,other,unified_chip2/69864,0.002537799533456564,0.0031776013784110546,0.9942845702171326
4fadbe73482b46dd9f0add42f8b3a98a0d44e41280b5756f3e5b494d25448c3f,ChatGLM,ChatGLM,other,unified_chip2/52977,0.9994300007820129,0.00047700738650746644,9.287706052418798e-05
4fadbe73482b46dd9f0add42f8b3a98a0d44e41280b5756f3e5b494d25448c3f,MPT,MPT,other,unified_chip2/52977,5.6789605878293514e-05,1.3664207472174894e-06,0.9999419450759888
4fadbe73482b46dd9f0add42f8b3a98a0d44e41280b5756f3e5b494d25448c3f,Flan-T5,Flan-T5,other,unified_chip2/52977,0.029773304238915443,0.9701821208000183,4.4615539081860334e-05
6ccdab175643d3749db8ec3e3e80ad3814849bbd6553208e8daccb7adf8f1502,ChatGLM,ChatGLM,other,unified_chip2/162329,0.8672013878822327,0.12995368242263794,0.0028449285309761763
6ccdab175643d3749db8ec3e3e80ad3814849bbd6553208e8daccb7adf8f1502,MPT,MPT,other,unified_chip2/162329,1.0555922017374542e-05,9.811466043174732e-06,0.9999796152114868
6ccdab175643d3749db8ec3e3e80ad3814849bbd6553208e8daccb7adf8f1502,Flan-T5,Flan-T5,other,unified_chip2/162329,0.00475489255040884,0.9944865107536316,0.0007586298743262887
f288887094d31521479f27880b601b340d86c84be3186fb1b5d3e313695578ee,ChatGLM,ChatGLM,other,dolly_15k/open_qa/2813,0.9971653819084167,0.0027397004887461662,9.480670269113034e-05
f288887094d31521479f27880b601b340d86c84be3186fb1b5d3e313695578ee,MPT,MPT,other,dolly_15k/open_qa/2813,4.804485070053488e-05,2.518395376682747e-06,0.9999494552612305
f288887094d31521479f27880b601b340d86c84be3186fb1b5d3e313695578ee,Flan-T5,Flan-T5,other,dolly_15k/open_qa/2813,0.009683714248239994,0.9891381859779358,0.0011780594941228628
63afcc7904f3354fea0f3f70effa9af93ccbf98f9207636fa85b37a847ddf327,Flan-T5,ChatGLM,other,unified_chip2/57607,0.7366066575050354,0.263084352016449,0.00030903794686309993
63afcc7904f3354fea0f3f70effa9af93ccbf98f9207636fa85b37a847ddf327,ChatGLM,ChatGLM,other,unified_chip2/57607,0.9989996552467346,0.0009863232262432575,1.4103442481427919e-05
63afcc7904f3354fea0f3f70effa9af93ccbf98f9207636fa85b37a847ddf327,MPT,MPT,other,unified_chip2/57607,4.045390596729703e-05,4.01651268475689e-05,0.9999194145202637
678ea06ad7eef7f0548644ae9ded4515a304d2d0d329d6f30b055b0ffd048835,Flan-T5,Flan-T5,other,unified_chip2/28852,0.0005323361838236451,0.999126136302948,0.0003415477694943547
678ea06ad7eef7f0548644ae9ded4515a304d2d0d329d6f30b055b0ffd048835,ChatGLM,ChatGLM,other,unified_chip2/28852,0.9986841082572937,0.00119933788664639,0.00011657796858344227
678ea06ad7eef7f0548644ae9ded4515a304d2d0d329d6f30b055b0ffd048835,MPT,MPT,other,unified_chip2/28852,0.024960242211818695,7.664244185434654e-05,0.9749631285667419
5a22951b0fedc9dbd44d74149e9b36dde3f2a8ad390b368e38061e03e5cf6145,Flan-T5,Flan-T5,other,unified_chip2/126856,0.0193340927362442,0.9702613353729248,0.01040452066808939
5a22951b0fedc9dbd44d74149e9b36dde3f2a8ad390b368e38061e03e5cf6145,ChatGLM,ChatGLM,other,unified_chip2/126856,0.9991614818572998,0.0006909932126291096,0.0001476261968491599
5a22951b0fedc9dbd44d74149e9b36dde3f2a8ad390b368e38061e03e5cf6145,MPT,MPT,other,unified_chip2/126856,0.0002450108586344868,1.1474269740574528e-05,0.9997435212135315
1eb39db4dbd95fb7c8e3d9b9c2f0b5278a8271f157cd4cdb46a961c070c8c652,MPT,MPT,other,dolly_15k/brainstorming/18,0.006247951183468103,4.485931185627123e-06,0.9937475919723511
1eb39db4dbd95fb7c8e3d9b9c2f0b5278a8271f157cd4cdb46a961c070c8c652,Flan-T5,Flan-T5,other,dolly_15k/brainstorming/18,0.012119232676923275,0.9849682450294495,0.00291255721822381
1eb39db4dbd95fb7c8e3d9b9c2f0b5278a8271f157cd4cdb46a961c070c8c652,ChatGLM,ChatGLM,other,dolly_15k/brainstorming/18,0.8667064309120178,0.0006725399289280176,0.13262109458446503
9e0b19231f4587eae68d466c8a9f78319d213d43e61ed794501862bbc316e0b4,Flan-T5,Flan-T5,other,unified_chip2/135134,0.022400518879294395,0.9762478470802307,0.0013516520848497748
9e0b19231f4587eae68d466c8a9f78319d213d43e61ed794501862bbc316e0b4,ChatGLM,ChatGLM,other,unified_chip2/135134,0.9997426867485046,0.00021196951274760067,4.5321809011511505e-05
9e0b19231f4587eae68d466c8a9f78319d213d43e61ed794501862bbc316e0b4,MPT,MPT,other,unified_chip2/135134,0.0001046203906298615,4.584296675602673e-06,0.9998908042907715
d2f3d9ef8867ef0245236a53a23941c0be2cf70a80d7b045013414a18f2e82a5,MPT,MPT,other,unified_chip2/105397,1.0083273082273081e-05,2.0252196009096224e-06,0.9999878406524658
d2f3d9ef8867ef0245236a53a23941c0be2cf70a80d7b045013414a18f2e82a5,ChatGLM,ChatGLM,other,unified_chip2/105397,0.9987422823905945,0.000505603791680187,0.0007521192892454565
d2f3d9ef8867ef0245236a53a23941c0be2cf70a80d7b045013414a18f2e82a5,Flan-T5,Flan-T5,other,unified_chip2/105397,0.051939111202955246,0.9471651315689087,0.0008957518148235977
c59ba32adec10581f69820c4f3d1312c940077d6c3dbdc503dd9ccc1e855e487,ChatGLM,ChatGLM,other,unified_chip2/7271,0.9994661211967468,7.756293598504271e-06,0.0005260906764306128
c59ba32adec10581f69820c4f3d1312c940077d6c3dbdc503dd9ccc1e855e487,MPT,MPT,other,unified_chip2/7271,0.0029142519924789667,7.165057468228042e-05,0.997014045715332
c59ba32adec10581f69820c4f3d1312c940077d6c3dbdc503dd9ccc1e855e487,Flan-T5,ChatGLM,other,unified_chip2/7271,0.9407160878181458,0.05881546065211296,0.0004683741135522723
063b0c7867e464d54bc3c1f300961b3ffa1bb01d1443b61c3f978c66bb87eba7,MPT,MPT,other,unified_chip2/164899,9.69399479799904e-06,1.3525863096219837e-06,0.9999890327453613
063b0c7867e464d54bc3c1f300961b3ffa1bb01d1443b61c3f978c66bb87eba7,ChatGLM,ChatGLM,other,unified_chip2/164899,0.9997437596321106,0.00022330849606078118,3.291391840321012e-05
063b0c7867e464d54bc3c1f300961b3ffa1bb01d1443b61c3f978c66bb87eba7,Flan-T5,Flan-T5,other,unified_chip2/164899,0.009683714248239994,0.9891381859779358,0.0011780594941228628
34d47f497b67ad71ae45fa577262cea1da7b095265e6dc4a8630ea36e7857e53,ChatGLM,ChatGLM,other,unified_chip2/4211,0.9983661770820618,0.0015969668747857213,3.695014675031416e-05
34d47f497b67ad71ae45fa577262cea1da7b095265e6dc4a8630ea36e7857e53,MPT,ChatGLM,other,unified_chip2/4211,0.8051155805587769,0.005070314276963472,0.18981409072875977
34d47f497b67ad71ae45fa577262cea1da7b095265e6dc4a8630ea36e7857e53,Flan-T5,Flan-T5,other,unified_chip2/4211,0.060573846101760864,0.817160427570343,0.12226565927267075
9002b2b4c82df3cc4991bf2a124e4450e8150f97f811edb4c612aaadc8523ddf,MPT,MPT,other,unified_chip2/24457,0.00016110001888591796,0.00010103172098752111,0.9997377991676331
9002b2b4c82df3cc4991bf2a124e4450e8150f97f811edb4c612aaadc8523ddf,Flan-T5,Flan-T5,other,unified_chip2/24457,0.0017552452627569437,0.9980872273445129,0.0001575419446453452
9002b2b4c82df3cc4991bf2a124e4450e8150f97f811edb4c612aaadc8523ddf,ChatGLM,ChatGLM,other,unified_chip2/24457,0.9999151229858398,6.437406409531832e-05,2.0496692741289735e-05
271698c5d058a07d282595df1e711d02980799c24045560b2cbd8f8d6b6eaf72,ChatGLM,ChatGLM,other,unified_chip2/139051,0.9515724778175354,0.00031673404737375677,0.04811084643006325
271698c5d058a07d282595df1e711d02980799c24045560b2cbd8f8d6b6eaf72,MPT,MPT,other,unified_chip2/139051,6.484317418653518e-05,8.920700201997533e-05,0.9998459815979004
271698c5d058a07d282595df1e711d02980799c24045560b2cbd8f8d6b6eaf72,Flan-T5,Flan-T5,other,unified_chip2/139051,0.005315322428941727,0.9876468181610107,0.007037898525595665
8dff28062da5d8d4ec2a6eaec89bd2e6406034c8ce783c6643dfc5c1d8977122,Flan-T5,Flan-T5,other,unified_chip2/68055,0.4303385317325592,0.569608211517334,5.3192452469374985e-05
8dff28062da5d8d4ec2a6eaec89bd2e6406034c8ce783c6643dfc5c1d8977122,MPT,MPT,other,unified_chip2/68055,0.0002734219015110284,0.00011468083539512008,0.9996119141578674
8dff28062da5d8d4ec2a6eaec89bd2e6406034c8ce783c6643dfc5c1d8977122,ChatGLM,ChatGLM,other,unified_chip2/68055,0.9996777772903442,0.00027893384685739875,4.322550375945866e-05
0421462befa48f60200972116da64f75ba5ab6ba6b018e36bc5924bd78aa1e13,ChatGLM,Flan-T5,other,dolly_15k/open_qa/1388,0.06626704335212708,0.9336243271827698,0.00010867766832234338
0421462befa48f60200972116da64f75ba5ab6ba6b018e36bc5924bd78aa1e13,Flan-T5,Flan-T5,other,dolly_15k/open_qa/1388,0.3548523485660553,0.6448752880096436,0.0002723539946600795
0421462befa48f60200972116da64f75ba5ab6ba6b018e36bc5924bd78aa1e13,MPT,MPT,other,dolly_15k/open_qa/1388,0.20793116092681885,0.00022957049077376723,0.7918392419815063
96c224dd9594a41efeb0e8ac6e25657ad933a6e46a228bbec9a1b351042e083a,MPT,MPT,other,unified_chip2/152174,1.4351332538353745e-05,2.9338698368519545e-06,0.9999827146530151
96c224dd9594a41efeb0e8ac6e25657ad933a6e46a228bbec9a1b351042e083a,Flan-T5,Flan-T5,other,unified_chip2/152174,0.002181693911552429,0.9977103471755981,0.00010795868001878262
96c224dd9594a41efeb0e8ac6e25657ad933a6e46a228bbec9a1b351042e083a,ChatGLM,ChatGLM,other,unified_chip2/152174,0.9974299073219299,0.0022498273756355047,0.0003201814542990178
023b320c7a86c96bb8966dd08d894dd0bfe00412dbf0e6a399f5662bf3a801c9,Flan-T5,Flan-T5,other,unified_chip2/63984,0.0014137100661173463,0.9965930581092834,0.0019932619761675596
023b320c7a86c96bb8966dd08d894dd0bfe00412dbf0e6a399f5662bf3a801c9,ChatGLM,ChatGLM,other,unified_chip2/63984,0.9302247762680054,0.06538689881563187,0.004388253670185804
023b320c7a86c96bb8966dd08d894dd0bfe00412dbf0e6a399f5662bf3a801c9,MPT,MPT,other,unified_chip2/63984,0.0002576258557382971,1.3422506526694633e-05,0.9997288584709167
00fbbf5ff4af01197ca866742c91d421c9ef2433c970249393bd8d9d676bef0c,Flan-T5,Flan-T5,other,unified_chip2/52717,0.0048861135728657246,0.9936513304710388,0.0014625415205955505
00fbbf5ff4af01197ca866742c91d421c9ef2433c970249393bd8d9d676bef0c,ChatGLM,ChatGLM,other,unified_chip2/52717,0.999570906162262,2.7265971311862813e-06,0.0004263141308911145
00fbbf5ff4af01197ca866742c91d421c9ef2433c970249393bd8d9d676bef0c,MPT,MPT,other,unified_chip2/52717,1.0352815479564015e-05,2.6640566375135677e-06,0.999987006187439
f72df1e93a23fd3480d466eb779e2a0b4398794413084408610dd7fefccd0f61,ChatGLM,ChatGLM,other,unified_chip2/78265,0.9987332224845886,0.00015173989231698215,0.0011149767087772489
f72df1e93a23fd3480d466eb779e2a0b4398794413084408610dd7fefccd0f61,Flan-T5,Flan-T5,other,unified_chip2/78265,0.0017552452627569437,0.9980872273445129,0.0001575419446453452
f72df1e93a23fd3480d466eb779e2a0b4398794413084408610dd7fefccd0f61,MPT,MPT,other,unified_chip2/78265,8.820858784019947e-05,4.701136731455335e-06,0.9999071359634399
3eafe856919a81171761ec67954ac2dcb5d5b5e180daaf5f957a55c774b1eff7,Flan-T5,Flan-T5,other,unified_chip2/32427,0.0014950634213164449,0.9971715807914734,0.0013333751121535897
3eafe856919a81171761ec67954ac2dcb5d5b5e180daaf5f957a55c774b1eff7,MPT,MPT,other,unified_chip2/32427,0.00041056107147596776,2.826471609296277e-05,0.9995611310005188
3eafe856919a81171761ec67954ac2dcb5d5b5e180daaf5f957a55c774b1eff7,ChatGLM,ChatGLM,other,unified_chip2/32427,0.9966017007827759,7.678391557419673e-05,0.003321527037769556
16180e8b2b36f8da2913a4b621b7b8f711765aebd05eb986f0ddcdd36fa697f1,ChatGLM,ChatGLM,other,unified_chip2/62240,0.9971166849136353,0.0018997020088136196,0.000983581179752946
16180e8b2b36f8da2913a4b621b7b8f711765aebd05eb986f0ddcdd36fa697f1,MPT,MPT,other,unified_chip2/62240,0.00011032322072423995,9.689185390016064e-05,0.999792754650116
16180e8b2b36f8da2913a4b621b7b8f711765aebd05eb986f0ddcdd36fa697f1,Flan-T5,Flan-T5,other,unified_chip2/62240,0.07364723086357117,0.8456530570983887,0.08069966733455658
b2c35ae9788f1b2dec66181317b28444cf850f08967d949d1b7fe1186d188b31,MPT,MPT,other,unified_chip2/19307,0.0009038430289365351,3.230402580811642e-05,0.9990639090538025
b2c35ae9788f1b2dec66181317b28444cf850f08967d949d1b7fe1186d188b31,Flan-T5,Flan-T5,other,unified_chip2/19307,0.009865137748420238,0.9899193048477173,0.0002155295806005597
b2c35ae9788f1b2dec66181317b28444cf850f08967d949d1b7fe1186d188b31,ChatGLM,ChatGLM,other,unified_chip2/19307,0.9994146823883057,0.00022349614300765097,0.0003617998445406556
1585cb88ac7ef5b3ddb185ef1283a9e36fe96d8f224a622116ad42b71867e366,MPT,MPT,other,unified_chip2/128961,0.0002112570800818503,4.15712838730542e-06,0.999784529209137
1585cb88ac7ef5b3ddb185ef1283a9e36fe96d8f224a622116ad42b71867e366,ChatGLM,ChatGLM,other,unified_chip2/128961,0.9999493360519409,3.6061155697098e-05,1.459398481529206e-05
1585cb88ac7ef5b3ddb185ef1283a9e36fe96d8f224a622116ad42b71867e366,Flan-T5,Flan-T5,other,unified_chip2/128961,0.009283866733312607,0.9903504252433777,0.0003656857006717473
b73c0f7e431e64cd99431098c9e0cb6a709729b18c1c01d8cf9e99632a2c5a6d,ChatGLM,ChatGLM,other,unified_chip2/40108,0.999817430973053,5.649824743159115e-05,0.00012606084055732936
b73c0f7e431e64cd99431098c9e0cb6a709729b18c1c01d8cf9e99632a2c5a6d,Flan-T5,Flan-T5,other,unified_chip2/40108,0.023688683286309242,0.9762859344482422,2.5435316274524666e-05
b73c0f7e431e64cd99431098c9e0cb6a709729b18c1c01d8cf9e99632a2c5a6d,MPT,MPT,other,unified_chip2/40108,0.00010309302888344973,3.2305626973538892e-06,0.9998936653137207
b9e69b87522e3b51bfedb5e3887e0ee8a24b7b86bc48dcc7c3b75b0bdd5eceac,MPT,MPT,other,unified_chip2/80844,0.00010931506403721869,0.00017152205691672862,0.9997192025184631
b9e69b87522e3b51bfedb5e3887e0ee8a24b7b86bc48dcc7c3b75b0bdd5eceac,ChatGLM,ChatGLM,other,unified_chip2/80844,0.999468982219696,1.7294471490458818e-06,0.0005292249843478203
b9e69b87522e3b51bfedb5e3887e0ee8a24b7b86bc48dcc7c3b75b0bdd5eceac,Flan-T5,Flan-T5,other,unified_chip2/80844,0.005002403631806374,0.9949724674224854,2.5168119464069605e-05
268e4d343586d116ab9f78c50b0461a461a5c2e9ce0b1e713bb8a5dd33158bcc,ChatGLM,ChatGLM,other,unified_chip2/15041,0.9922295212745667,3.487470166874118e-05,0.007735638413578272
268e4d343586d116ab9f78c50b0461a461a5c2e9ce0b1e713bb8a5dd33158bcc,Flan-T5,Flan-T5,other,unified_chip2/15041,0.2637620270252228,0.7360603213310242,0.0001776448916643858
268e4d343586d116ab9f78c50b0461a461a5c2e9ce0b1e713bb8a5dd33158bcc,MPT,MPT,other,unified_chip2/15041,0.00016863388009369373,6.062918600946432e-06,0.9998252987861633
3c9d5774682432ceb9261f3ff19bf5ddac14d05be57efa20b73189a6ca5fb03a,Flan-T5,Flan-T5,other,unified_chip2/12771,0.0013682219432666898,0.9952385425567627,0.003393274499103427
3c9d5774682432ceb9261f3ff19bf5ddac14d05be57efa20b73189a6ca5fb03a,MPT,MPT,other,unified_chip2/12771,0.006696768570691347,0.0010776129784062505,0.9922255277633667
3c9d5774682432ceb9261f3ff19bf5ddac14d05be57efa20b73189a6ca5fb03a,ChatGLM,ChatGLM,other,unified_chip2/12771,0.9997929930686951,0.00016523002705071121,4.1857612814055756e-05
39245a244bec8cef21dc3d3c82af5a44356aae5e37d53c63e1c6baed565c9110,MPT,MPT,other,unified_chip2/82796,0.00020249630324542522,1.6482288629049435e-05,0.99978107213974
39245a244bec8cef21dc3d3c82af5a44356aae5e37d53c63e1c6baed565c9110,ChatGLM,ChatGLM,other,unified_chip2/82796,0.9999790191650391,1.544186488899868e-05,5.497272468346637e-06
39245a244bec8cef21dc3d3c82af5a44356aae5e37d53c63e1c6baed565c9110,Flan-T5,Flan-T5,other,unified_chip2/82796,0.0635073333978653,0.9363621473312378,0.00013054415467195213
1ed5ec958c1a9132dbaed9bb14d6395fa606728977974bec1961273f60346449,MPT,MPT,other,unified_chip2/123844,0.00015926139894872904,3.443060631980188e-05,0.9998063445091248
1ed5ec958c1a9132dbaed9bb14d6395fa606728977974bec1961273f60346449,Flan-T5,Flan-T5,other,unified_chip2/123844,0.0005323361838236451,0.999126136302948,0.0003415477694943547
1ed5ec958c1a9132dbaed9bb14d6395fa606728977974bec1961273f60346449,ChatGLM,ChatGLM,other,unified_chip2/123844,0.9975680708885193,0.002248927019536495,0.00018296815687790513
3c0fa3a9ad42406ee7c7d86e6bbfbfc391f092f6b3ba6e8fc79b260f685edf74,Flan-T5,Flan-T5,other,unified_chip2/38356,0.002912291092798114,0.9968825578689575,0.0002051665069302544
3c0fa3a9ad42406ee7c7d86e6bbfbfc391f092f6b3ba6e8fc79b260f685edf74,ChatGLM,ChatGLM,other,unified_chip2/38356,0.9978258013725281,0.0020544114522635937,0.00011981435818597674
3c0fa3a9ad42406ee7c7d86e6bbfbfc391f092f6b3ba6e8fc79b260f685edf74,MPT,MPT,other,unified_chip2/38356,0.2564507722854614,0.0002556898398324847,0.7432934641838074
d7e20a16537114aa26815808fca87f7158b54d0933f45e048ea69fa086895252,MPT,MPT,other,unified_chip2/97773,0.00026487812283448875,9.220781066687778e-06,0.999725878238678
d7e20a16537114aa26815808fca87f7158b54d0933f45e048ea69fa086895252,ChatGLM,ChatGLM,other,unified_chip2/97773,0.8650331497192383,0.11523812264204025,0.01972869783639908
d7e20a16537114aa26815808fca87f7158b54d0933f45e048ea69fa086895252,Flan-T5,Flan-T5,other,unified_chip2/97773,0.13556866347789764,0.8287815451622009,0.03564973175525665
d960b910f419244a7cfab4f190132cd62856fa5db5568990efe257047704c126,Flan-T5,Flan-T5,other,unified_chip2/2627,0.0005323361838236451,0.999126136302948,0.0003415477694943547
d960b910f419244a7cfab4f190132cd62856fa5db5568990efe257047704c126,ChatGLM,ChatGLM,other,unified_chip2/2627,0.993862509727478,0.005157597362995148,0.0009798790561035275
d960b910f419244a7cfab4f190132cd62856fa5db5568990efe257047704c126,MPT,MPT,other,unified_chip2/2627,0.39744284749031067,0.002014141296967864,0.6005430221557617
fac38179897b00e720a4b4e7880753b886953bbf3288691992fc0e1d75e03957,ChatGLM,ChatGLM,other,unified_chip2/60685,0.998600423336029,0.0004743595200125128,0.0009251732262782753
fac38179897b00e720a4b4e7880753b886953bbf3288691992fc0e1d75e03957,Flan-T5,Flan-T5,other,unified_chip2/60685,0.009052417241036892,0.9907985925674438,0.0001489688438596204
fac38179897b00e720a4b4e7880753b886953bbf3288691992fc0e1d75e03957,MPT,MPT,other,unified_chip2/60685,8.851016900734976e-06,1.5308265801650123e-06,0.9999896287918091
4654b267efc2819c1d7395e526ec71375909bbb1beaeeaa56b1fc595ab188fba,MPT,MPT,other,unified_chip2/104176,7.725789328105748e-05,1.1040133358619642e-05,0.9999116659164429
4654b267efc2819c1d7395e526ec71375909bbb1beaeeaa56b1fc595ab188fba,ChatGLM,ChatGLM,other,unified_chip2/104176,0.9999281167984009,6.441224104491994e-05,7.502792868763208e-06
4654b267efc2819c1d7395e526ec71375909bbb1beaeeaa56b1fc595ab188fba,Flan-T5,Flan-T5,other,unified_chip2/104176,0.0133828641846776,0.9809066653251648,0.005710449069738388
7586986c1a0e8443ef3c1d63cb420c9711f2fb1b814f5bc838ecf23cc4e65744,MPT,MPT,other,unified_chip2/20000,7.854677096474916e-05,1.467707897973014e-05,0.9999067783355713
7586986c1a0e8443ef3c1d63cb420c9711f2fb1b814f5bc838ecf23cc4e65744,Flan-T5,Flan-T5,other,unified_chip2/20000,0.017669759690761566,0.9628216028213501,0.01950863003730774
7586986c1a0e8443ef3c1d63cb420c9711f2fb1b814f5bc838ecf23cc4e65744,ChatGLM,ChatGLM,other,unified_chip2/20000,0.999505877494812,0.0004900297499261796,4.035975052829599e-06
e075364725972198fbfd58c4b43fde0d065050189a3181f83dec176309c4fe29,Flan-T5,Flan-T5,other,dolly_15k/creative_writing/692,0.17150968313217163,0.529986560344696,0.2985037565231323
e075364725972198fbfd58c4b43fde0d065050189a3181f83dec176309c4fe29,ChatGLM,ChatGLM,other,dolly_15k/creative_writing/692,0.9315943121910095,0.0007847552769817412,0.06762094795703888
e075364725972198fbfd58c4b43fde0d065050189a3181f83dec176309c4fe29,MPT,MPT,other,dolly_15k/creative_writing/692,0.0012866650940850377,9.23821630749444e-07,0.998712420463562
2c0e4097e129948017aea36f52827e63fd50f7fe23955c9e3b546aa32251666a,MPT,MPT,other,unified_chip2/34654,8.154608076438308e-05,8.498665920342319e-06,0.9999099969863892
2c0e4097e129948017aea36f52827e63fd50f7fe23955c9e3b546aa32251666a,Flan-T5,Flan-T5,other,unified_chip2/34654,0.03782147914171219,0.9615809321403503,0.0005975441308692098
2c0e4097e129948017aea36f52827e63fd50f7fe23955c9e3b546aa32251666a,ChatGLM,ChatGLM,other,unified_chip2/34654,0.9996263980865479,3.791306517086923e-05,0.0003357363457325846
a2256b070035f64cb09f371f4ca04186fea5c46cbb04b2db4d3e87f1681c1c6b,MPT,MPT,other,dolly_15k/open_qa/17,0.0037682719994336367,0.0005103586590848863,0.9957213401794434
a2256b070035f64cb09f371f4ca04186fea5c46cbb04b2db4d3e87f1681c1c6b,ChatGLM,ChatGLM,other,dolly_15k/open_qa/17,0.9999279975891113,5.919276736676693e-05,1.2717288882413413e-05
a2256b070035f64cb09f371f4ca04186fea5c46cbb04b2db4d3e87f1681c1c6b,Flan-T5,Flan-T5,other,dolly_15k/open_qa/17,0.24431738257408142,0.7554609179496765,0.00022162171080708504
e50f4ade3564e455bae9da7f96136387ef8e9d56f2138099607d85f8dc515392,Flan-T5,ChatGLM,other,dolly_15k/brainstorming/361,0.8597663044929504,0.1397457867860794,0.0004880090127699077
e50f4ade3564e455bae9da7f96136387ef8e9d56f2138099607d85f8dc515392,MPT,MPT,other,dolly_15k/brainstorming/361,2.439585114188958e-05,1.298220809076156e-06,0.999974250793457
e50f4ade3564e455bae9da7f96136387ef8e9d56f2138099607d85f8dc515392,ChatGLM,ChatGLM,other,dolly_15k/brainstorming/361,0.9484553933143616,0.051072534173727036,0.00047199922846630216
732ea9a8f40775e98aab5111b3eb93971a6ef34461400212d1a698e4bdf38e96,Flan-T5,Flan-T5,other,unified_chip2/65920,0.014779413118958473,0.9714995622634888,0.013721049763262272
732ea9a8f40775e98aab5111b3eb93971a6ef34461400212d1a698e4bdf38e96,ChatGLM,ChatGLM,other,unified_chip2/65920,0.9999572038650513,5.599723863269901e-06,3.719536107382737e-05
732ea9a8f40775e98aab5111b3eb93971a6ef34461400212d1a698e4bdf38e96,MPT,MPT,other,unified_chip2/65920,0.0003228426503483206,3.5870551073458046e-05,0.9996412992477417
fe49a84de7c25d1f2d537eb707de8b9c6cb9253d3a43c59d30192248293b3e30,MPT,MPT,other,unified_chip2/135101,4.882661232841201e-05,2.3936718207551166e-05,0.9999271631240845
fe49a84de7c25d1f2d537eb707de8b9c6cb9253d3a43c59d30192248293b3e30,Flan-T5,Flan-T5,other,unified_chip2/135101,0.008145165629684925,0.9903113842010498,0.0015434182714670897
fe49a84de7c25d1f2d537eb707de8b9c6cb9253d3a43c59d30192248293b3e30,ChatGLM,ChatGLM,other,unified_chip2/135101,0.9993570446968079,0.0005714893923141062,7.152394391596317e-05
59b3d03e4a07c2ade9bc2de31765e7ed533baaf4cc9e031b116bb053d5ac4919,Flan-T5,Flan-T5,other,unified_chip2/77734,0.0026341548655182123,0.9933682084083557,0.00399761600419879
59b3d03e4a07c2ade9bc2de31765e7ed533baaf4cc9e031b116bb053d5ac4919,ChatGLM,ChatGLM,other,unified_chip2/77734,0.9988992214202881,0.0009987519588321447,0.00010205744911218062
59b3d03e4a07c2ade9bc2de31765e7ed533baaf4cc9e031b116bb053d5ac4919,MPT,MPT,other,unified_chip2/77734,0.0003226522821933031,1.1646534403553233e-05,0.9996656179428101
57624aac43d874f42bc0f83501c9633519234bdd1a0b06db553987f2d7a669fd,MPT,MPT,other,unified_chip2/137643,5.8469464420340955e-05,4.680149504565634e-05,0.9998946189880371
57624aac43d874f42bc0f83501c9633519234bdd1a0b06db553987f2d7a669fd,Flan-T5,Flan-T5,other,unified_chip2/137643,0.3107522130012512,0.6868653297424316,0.002382460981607437
57624aac43d874f42bc0f83501c9633519234bdd1a0b06db553987f2d7a669fd,ChatGLM,ChatGLM,other,unified_chip2/137643,0.9917982816696167,0.00237348023802042,0.005828212480992079
4c585c805fa0b5837a21b2105a03a3a6a437c38927817351b67dfaed38892228,MPT,MPT,other,unified_chip2/121945,4.769028601003811e-05,4.718539003079059e-06,0.9999475479125977
4c585c805fa0b5837a21b2105a03a3a6a437c38927817351b67dfaed38892228,Flan-T5,Flan-T5,other,unified_chip2/121945,0.00028731211205013096,0.9989926218986511,0.0007200700347311795
4c585c805fa0b5837a21b2105a03a3a6a437c38927817351b67dfaed38892228,ChatGLM,ChatGLM,other,unified_chip2/121945,0.9969993829727173,0.001443567918613553,0.0015570219838991761
d7f4d5e6e8907bac1aa78d14edf051e33f5d07dc9e9d0fe921ed37c40b20be87,ChatGLM,ChatGLM,other,unified_chip2/35052,0.9996119141578674,0.0003802973951678723,7.814824130036868e-06
d7f4d5e6e8907bac1aa78d14edf051e33f5d07dc9e9d0fe921ed37c40b20be87,MPT,MPT,other,unified_chip2/35052,7.859028846723959e-05,9.987899829866365e-06,0.9999114274978638
d7f4d5e6e8907bac1aa78d14edf051e33f5d07dc9e9d0fe921ed37c40b20be87,Flan-T5,Flan-T5,other,unified_chip2/35052,0.009683714248239994,0.9891381859779358,0.0011780594941228628
09825fdfc2d7cb5adf9baeb82ba396c07ae93d783f7720ed95082c396d872815,MPT,MPT,writing,unified_chip2/24391,0.0011754826409742236,1.1112573702121153e-05,0.9988135099411011
09825fdfc2d7cb5adf9baeb82ba396c07ae93d783f7720ed95082c396d872815,ChatGLM,ChatGLM,writing,unified_chip2/24391,0.9995949864387512,0.00034160411451011896,6.333526835078374e-05
09825fdfc2d7cb5adf9baeb82ba396c07ae93d783f7720ed95082c396d872815,Flan-T5,Flan-T5,writing,unified_chip2/24391,0.0010892805876210332,0.9988526105880737,5.8122364862356335e-05
bfb0140117388ec1977007e859a530cbe96d3973105c6a145014e70fa0421392,ChatGLM,ChatGLM,other,dolly_15k/open_qa/1371,0.9926593899726868,0.006099363788962364,0.0012412319192662835
bfb0140117388ec1977007e859a530cbe96d3973105c6a145014e70fa0421392,Flan-T5,Flan-T5,other,dolly_15k/open_qa/1371,0.029963595792651176,0.9696225523948669,0.0004138436634093523
bfb0140117388ec1977007e859a530cbe96d3973105c6a145014e70fa0421392,MPT,MPT,other,dolly_15k/open_qa/1371,0.0009422277798876166,7.110242222552188e-06,0.9990506768226624
f38708ec7ba2735e80413423806d602335093c4f26318482fbd45647a35d2c32,Flan-T5,Flan-T5,other,unified_chip2/143994,0.014407974667847157,0.985453724861145,0.00013823577319271863
f38708ec7ba2735e80413423806d602335093c4f26318482fbd45647a35d2c32,MPT,MPT,other,unified_chip2/143994,0.00012081054592272267,9.944905468728393e-05,0.9997797608375549
f38708ec7ba2735e80413423806d602335093c4f26318482fbd45647a35d2c32,ChatGLM,ChatGLM,other,unified_chip2/143994,0.9998639822006226,4.775734487338923e-05,8.818366768537089e-05
6ad73fa5e556c669fd23c556b698cab6eafd06c4715fcc1755c51f25e4726f33,Flan-T5,Flan-T5,other,unified_chip2/73865,0.0021123643964529037,0.99664306640625,0.0012446215841919184
6ad73fa5e556c669fd23c556b698cab6eafd06c4715fcc1755c51f25e4726f33,MPT,MPT,other,unified_chip2/73865,0.0017366607207804918,0.0003807217290159315,0.9978825449943542
6ad73fa5e556c669fd23c556b698cab6eafd06c4715fcc1755c51f25e4726f33,ChatGLM,ChatGLM,other,unified_chip2/73865,0.9973816275596619,0.0015573874115943909,0.0010609120363369584
9e1c5fe9f09ba6089d7ebfeafe004d66f32fc1c1617b3223fc19a4e3ed65543b,ChatGLM,ChatGLM,other,unified_chip2/99666,0.9973589777946472,0.0026035397313535213,3.745521098608151e-05
9e1c5fe9f09ba6089d7ebfeafe004d66f32fc1c1617b3223fc19a4e3ed65543b,MPT,MPT,other,unified_chip2/99666,0.00011327576794428751,4.53962911706185e-06,0.9998822212219238
9e1c5fe9f09ba6089d7ebfeafe004d66f32fc1c1617b3223fc19a4e3ed65543b,Flan-T5,Flan-T5,other,unified_chip2/99666,0.02357519418001175,0.9744798541069031,0.0019449098035693169
504ea7431400ccf940b6a5494e9f4759fde57338f640f43124f48ef2fe2af89d,Flan-T5,Flan-T5,other,unified_chip2/24398,0.008191139437258244,0.9885791540145874,0.003229784779250622
504ea7431400ccf940b6a5494e9f4759fde57338f640f43124f48ef2fe2af89d,ChatGLM,ChatGLM,other,unified_chip2/24398,0.99689781665802,0.0030819105450063944,2.034418866969645e-05
504ea7431400ccf940b6a5494e9f4759fde57338f640f43124f48ef2fe2af89d,MPT,MPT,other,unified_chip2/24398,0.47850310802459717,0.0034494553692638874,0.5180473923683167
432f953edabf74dc3ff8fd8595dcea4ea67a866cf4c6b9fbc6e802c3d710a8c7,Flan-T5,Flan-T5,other,unified_chip2/87140,0.012588738463819027,0.9873046278953552,0.00010661144915502518
432f953edabf74dc3ff8fd8595dcea4ea67a866cf4c6b9fbc6e802c3d710a8c7,ChatGLM,ChatGLM,other,unified_chip2/87140,0.999779999256134,1.6950567442108877e-05,0.0002030991017818451
432f953edabf74dc3ff8fd8595dcea4ea67a866cf4c6b9fbc6e802c3d710a8c7,MPT,MPT,other,unified_chip2/87140,0.005177090410143137,2.2934073058422655e-05,0.9947999715805054
1bfea125aa6fca21cc1673e8460c00a586f287de5c2ecc2a828470bc4a62acf5,ChatGLM,ChatGLM,other,unified_chip2/138542,0.9938083291053772,0.0006313265184871852,0.005560361780226231
1bfea125aa6fca21cc1673e8460c00a586f287de5c2ecc2a828470bc4a62acf5,MPT,MPT,other,unified_chip2/138542,0.0002490345505066216,0.0006485917838290334,0.9991023540496826
1bfea125aa6fca21cc1673e8460c00a586f287de5c2ecc2a828470bc4a62acf5,Flan-T5,Flan-T5,other,unified_chip2/138542,0.004097994416952133,0.9958412051200867,6.08355512667913e-05
f8d092936e5dc24b23e557e50b3e78f66dd34b69f914350b95fd84384aa03390,Flan-T5,Flan-T5,other,unified_chip2/108109,0.022058172151446342,0.9775811433792114,0.00036071380600333214
f8d092936e5dc24b23e557e50b3e78f66dd34b69f914350b95fd84384aa03390,MPT,MPT,other,unified_chip2/108109,0.003530002199113369,0.00055588164832443,0.9959141612052917
f8d092936e5dc24b23e557e50b3e78f66dd34b69f914350b95fd84384aa03390,ChatGLM,ChatGLM,other,unified_chip2/108109,0.9994065761566162,4.404094852361595e-06,0.0005890638567507267
1b41bdc4fe43519f962f55809b99314fab9e53e700b630aeb862f05ed1ed160d,ChatGLM,ChatGLM,other,unified_chip2/43989,0.9964185953140259,0.002399945631623268,0.001181410625576973
1b41bdc4fe43519f962f55809b99314fab9e53e700b630aeb862f05ed1ed160d,MPT,MPT,other,unified_chip2/43989,0.00010166729043703526,1.4745405678695533e-06,0.9998968839645386
1b41bdc4fe43519f962f55809b99314fab9e53e700b630aeb862f05ed1ed160d,Flan-T5,Flan-T5,other,unified_chip2/43989,0.048928290605545044,0.9508737325668335,0.00019800092559307814
dd76e33255d07ce3b5d0766ec8aa00a82bd01ec2baba3fb268e5b77ec00a4dd0,Flan-T5,Flan-T5,other,unified_chip2/131493,0.026442265138030052,0.9712060689926147,0.0023516772780567408
dd76e33255d07ce3b5d0766ec8aa00a82bd01ec2baba3fb268e5b77ec00a4dd0,ChatGLM,ChatGLM,other,unified_chip2/131493,0.9989379048347473,0.00012329366290941834,0.0009388713515363634
dd76e33255d07ce3b5d0766ec8aa00a82bd01ec2baba3fb268e5b77ec00a4dd0,MPT,MPT,other,unified_chip2/131493,0.00013040401972830296,3.771665433305316e-05,0.9998319149017334
13924808f05f0bb654c4b0213dcc8920c29caf922ce075e99403837a4c082909,ChatGLM,ChatGLM,other,unified_chip2/47772,0.999922513961792,6.608131661778316e-05,1.1457438631623518e-05
13924808f05f0bb654c4b0213dcc8920c29caf922ce075e99403837a4c082909,Flan-T5,Flan-T5,other,unified_chip2/47772,0.0017552452627569437,0.9980872273445129,0.0001575419446453452
13924808f05f0bb654c4b0213dcc8920c29caf922ce075e99403837a4c082909,MPT,MPT,other,unified_chip2/47772,2.808107456075959e-05,1.7441564068576554e-06,0.9999700784683228
a9dccb69bc4ce432afca43705f4a47f1def24926adf1a7cfe8f61ed22df49112,MPT,MPT,other,unified_chip2/74878,0.009260685183107853,0.0010025562951341271,0.989736795425415
a9dccb69bc4ce432afca43705f4a47f1def24926adf1a7cfe8f61ed22df49112,Flan-T5,Flan-T5,other,unified_chip2/74878,0.021726857870817184,0.9697582721710205,0.008514816872775555
a9dccb69bc4ce432afca43705f4a47f1def24926adf1a7cfe8f61ed22df49112,ChatGLM,ChatGLM,other,unified_chip2/74878,0.9967808723449707,0.0002137014816980809,0.0030054424423724413
ff273e1d292a63d5773d05deaa3494251c4fd49cea4210c1dbd29cf9dbb6cdc6,Flan-T5,Flan-T5,other,unified_chip2/3114,0.012797592207789421,0.987159252166748,4.310268195695244e-05
ff273e1d292a63d5773d05deaa3494251c4fd49cea4210c1dbd29cf9dbb6cdc6,ChatGLM,ChatGLM,other,unified_chip2/3114,0.9998822212219238,6.840872811153531e-05,4.930355862597935e-05
ff273e1d292a63d5773d05deaa3494251c4fd49cea4210c1dbd29cf9dbb6cdc6,MPT,MPT,other,unified_chip2/3114,0.06295625120401382,0.00012661541404668242,0.9369171261787415
8bcc14a670df5e1877f679c51256212e017174eee86621fc8e2df382794e97a4,Flan-T5,Flan-T5,other,unified_chip2/153923,0.015768885612487793,0.9832239151000977,0.001007139915600419
8bcc14a670df5e1877f679c51256212e017174eee86621fc8e2df382794e97a4,MPT,MPT,other,unified_chip2/153923,2.813369246723596e-05,1.8014527086052112e-05,0.9999538660049438
8bcc14a670df5e1877f679c51256212e017174eee86621fc8e2df382794e97a4,ChatGLM,ChatGLM,other,unified_chip2/153923,0.9997292160987854,2.74005469691474e-05,0.00024339322408195585
285d6b94263a02006205657efd81748d058162b8c7f86a0aabba420937a5020b,MPT,MPT,other,unified_chip2/142767,0.012512966990470886,0.000252071360591799,0.987234890460968
285d6b94263a02006205657efd81748d058162b8c7f86a0aabba420937a5020b,ChatGLM,ChatGLM,other,unified_chip2/142767,0.9998341798782349,0.00016125020920298994,4.48120999863022e-06
285d6b94263a02006205657efd81748d058162b8c7f86a0aabba420937a5020b,Flan-T5,Flan-T5,other,unified_chip2/142767,0.0017552452627569437,0.9980872273445129,0.0001575419446453452
b80113755f56d973754b0416e9486b9f2f008b9f30021371456188ee8c69dc63,MPT,MPT,other,unified_chip2/46727,0.00021276703046169132,4.763750985148363e-05,0.9997395873069763
b80113755f56d973754b0416e9486b9f2f008b9f30021371456188ee8c69dc63,ChatGLM,ChatGLM,other,unified_chip2/46727,0.9998325109481812,0.00016285503807011992,4.6761269913986325e-06
b80113755f56d973754b0416e9486b9f2f008b9f30021371456188ee8c69dc63,Flan-T5,Flan-T5,other,unified_chip2/46727,0.0005323361838236451,0.999126136302948,0.0003415477694943547
0e5f7d53f09bbd562791513919a3a0e46d4f3172cccaf0285db38ef7d0aaff21,MPT,MPT,math,unified_chip2/103600,0.0004091958689969033,1.8855597261335788e-07,0.9995905756950378
0e5f7d53f09bbd562791513919a3a0e46d4f3172cccaf0285db38ef7d0aaff21,ChatGLM,ChatGLM,math,unified_chip2/103600,0.7760663032531738,0.22384434938430786,8.936489757616073e-05
0e5f7d53f09bbd562791513919a3a0e46d4f3172cccaf0285db38ef7d0aaff21,Flan-T5,Flan-T5,math,unified_chip2/103600,0.15680085122585297,0.8431525230407715,4.663738582166843e-05
ce9214481124bbee0f36308e0abddba59a8ccf86e6c9732b490bd970fbb5a00a,Flan-T5,Flan-T5,other,unified_chip2/5856,0.0017552452627569437,0.9980872273445129,0.0001575419446453452
ce9214481124bbee0f36308e0abddba59a8ccf86e6c9732b490bd970fbb5a00a,MPT,MPT,other,unified_chip2/5856,1.7278900486417115e-05,8.497039743815549e-06,0.999974250793457
ce9214481124bbee0f36308e0abddba59a8ccf86e6c9732b490bd970fbb5a00a,ChatGLM,ChatGLM,other,unified_chip2/5856,0.9990221261978149,0.0008180406293831766,0.0001598135568201542
f3edc1bcf2ec45bb049f3fef583c8126bcf74eb371ec52569f46a6a373008268,Flan-T5,Flan-T5,other,unified_chip2/71107,0.026487259194254875,0.9729210734367371,0.0005916345398873091
f3edc1bcf2ec45bb049f3fef583c8126bcf74eb371ec52569f46a6a373008268,ChatGLM,ChatGLM,other,unified_chip2/71107,0.9999833106994629,3.3314181564492173e-06,1.3401348041952588e-05
f3edc1bcf2ec45bb049f3fef583c8126bcf74eb371ec52569f46a6a373008268,MPT,MPT,other,unified_chip2/71107,0.2768006920814514,0.004343854729086161,0.7188555002212524
06e00460a5f203dcb796545b60b468b676d6a74b78b074f14a1c07772a1e4346,ChatGLM,ChatGLM,other,unified_chip2/50352,0.9998427629470825,6.449900683946908e-05,9.267991845263168e-05
06e00460a5f203dcb796545b60b468b676d6a74b78b074f14a1c07772a1e4346,MPT,MPT,other,unified_chip2/50352,1.5215815437841229e-05,4.950189122610027e-06,0.9999797344207764
06e00460a5f203dcb796545b60b468b676d6a74b78b074f14a1c07772a1e4346,Flan-T5,Flan-T5,other,unified_chip2/50352,0.002353664953261614,0.9976287484169006,1.7575352103449404e-05
96c5c0e4946a3c5d313d2c560e9d2a4ec12e022fd3f9b0be7bdb786bd9e3102f,ChatGLM,ChatGLM,other,unified_chip2/107231,0.9978955984115601,0.0019854591228067875,0.00011900110257556662
96c5c0e4946a3c5d313d2c560e9d2a4ec12e022fd3f9b0be7bdb786bd9e3102f,Flan-T5,Flan-T5,other,unified_chip2/107231,0.13099125027656555,0.7187947630882263,0.15021401643753052
96c5c0e4946a3c5d313d2c560e9d2a4ec12e022fd3f9b0be7bdb786bd9e3102f,MPT,MPT,other,unified_chip2/107231,0.00029381836066022515,3.3570519008208066e-05,0.999672532081604
5112836f37f554d635dd0eebdcdae40275799ab33dfa7f6af2462854f3b9fa88,ChatGLM,ChatGLM,other,dolly_15k/open_qa/2963,0.9118777513504028,0.08654507994651794,0.0015771370381116867
5112836f37f554d635dd0eebdcdae40275799ab33dfa7f6af2462854f3b9fa88,MPT,MPT,other,dolly_15k/open_qa/2963,8.342788351001218e-05,1.0826451216416899e-05,0.9999057054519653
5112836f37f554d635dd0eebdcdae40275799ab33dfa7f6af2462854f3b9fa88,Flan-T5,Flan-T5,other,dolly_15k/open_qa/2963,0.000458721537142992,0.9993352293968201,0.00020597886759787798
0cfb2176b1d7f19001eacb5f5944aa2c8c3adea555957fd637d9b6c7cd2e0205,MPT,MPT,other,dolly_15k/classification/110,0.00014952060882933438,2.929871880041901e-05,0.9998212456703186
0cfb2176b1d7f19001eacb5f5944aa2c8c3adea555957fd637d9b6c7cd2e0205,ChatGLM,Flan-T5,other,dolly_15k/classification/110,0.20454660058021545,0.7952942848205566,0.00015911427908577025
0cfb2176b1d7f19001eacb5f5944aa2c8c3adea555957fd637d9b6c7cd2e0205,Flan-T5,Flan-T5,other,dolly_15k/classification/110,0.08136815577745438,0.8695083856582642,0.04912348836660385
801e2a8f81c57a5620045b2369f3fefd988f66037c19f9feb6c7e1e93c807406,ChatGLM,ChatGLM,other,unified_chip2/139220,0.999669075012207,0.0003153878205921501,1.5512874597334303e-05
801e2a8f81c57a5620045b2369f3fefd988f66037c19f9feb6c7e1e93c807406,Flan-T5,Flan-T5,other,unified_chip2/139220,0.016596555709838867,0.9793542623519897,0.004049135372042656
801e2a8f81c57a5620045b2369f3fefd988f66037c19f9feb6c7e1e93c807406,MPT,MPT,other,unified_chip2/139220,2.0731487893499434e-05,3.208709313184954e-05,0.999947190284729
0c08669ae1f68ef256c03758e549e832ec209b56a0800a90715f28081afac124,Flan-T5,Flan-T5,other,unified_chip2/135464,0.05387764051556587,0.9454663991928101,0.0006559510948136449
0c08669ae1f68ef256c03758e549e832ec209b56a0800a90715f28081afac124,MPT,MPT,other,unified_chip2/135464,9.852844959823415e-05,1.0987539099005517e-05,0.9998904466629028
0c08669ae1f68ef256c03758e549e832ec209b56a0800a90715f28081afac124,ChatGLM,ChatGLM,other,unified_chip2/135464,0.9515064358711243,0.047856830060482025,0.0006367543246597052
4d83663168aceccb96ee6399dadbe01991b0006469177a74ebfbccbc0b43a23f,Flan-T5,Flan-T5,other,unified_chip2/49466,0.025416605174541473,0.9739817976951599,0.0006015780381858349
4d83663168aceccb96ee6399dadbe01991b0006469177a74ebfbccbc0b43a23f,MPT,MPT,other,unified_chip2/49466,0.006907841190695763,0.000558546104002744,0.9925335645675659
4d83663168aceccb96ee6399dadbe01991b0006469177a74ebfbccbc0b43a23f,ChatGLM,ChatGLM,other,unified_chip2/49466,0.9987598657608032,0.00019117743067909032,0.001048922073096037
40107ee8ee6ddee15fcc5cc0dcdd94889f6709154b8c8a22edf176599221d294,MPT,MPT,other,dolly_15k/summarization/1002,0.04344034940004349,0.0001636558590689674,0.9563960433006287
40107ee8ee6ddee15fcc5cc0dcdd94889f6709154b8c8a22edf176599221d294,Flan-T5,Flan-T5,other,dolly_15k/summarization/1002,0.00378821580670774,0.9918592572212219,0.004352510906755924
40107ee8ee6ddee15fcc5cc0dcdd94889f6709154b8c8a22edf176599221d294,ChatGLM,ChatGLM,other,dolly_15k/summarization/1002,0.9882457256317139,0.01103261299431324,0.0007216784870252013
87ef1214422e1aa2289834a606269d252b9b8e4ce3c112d6121399b03a6b454c,MPT,MPT,other,unified_chip2/55271,0.0005942311836406589,3.964968527725432e-06,0.9994018077850342
87ef1214422e1aa2289834a606269d252b9b8e4ce3c112d6121399b03a6b454c,ChatGLM,ChatGLM,other,unified_chip2/55271,0.997217059135437,1.6708101611584425e-05,0.0027661360800266266
87ef1214422e1aa2289834a606269d252b9b8e4ce3c112d6121399b03a6b454c,Flan-T5,Flan-T5,other,unified_chip2/55271,0.10395745933055878,0.8959713578224182,7.115883636288345e-05
0e0d0dcf42ba96b5874aa129e61527c084931b3503723d9756e24df1184c4baf,Flan-T5,ChatGLM,other,dolly_15k/brainstorming/208,0.9472455978393555,0.052069880068302155,0.0006845712196081877
0e0d0dcf42ba96b5874aa129e61527c084931b3503723d9756e24df1184c4baf,ChatGLM,ChatGLM,other,dolly_15k/brainstorming/208,0.999879002571106,9.267072891816497e-05,2.8324875529506244e-05
0e0d0dcf42ba96b5874aa129e61527c084931b3503723d9756e24df1184c4baf,MPT,MPT,other,dolly_15k/brainstorming/208,0.20812425017356873,0.00016498244076501578,0.7917107939720154
f4b16d4a314ac5c121becf818650bf7e7acaa59acf739e542bd78a3ad5509cf5,MPT,MPT,other,unified_chip2/113623,0.0016640819376334548,0.00074801966547966,0.9975879192352295
f4b16d4a314ac5c121becf818650bf7e7acaa59acf739e542bd78a3ad5509cf5,Flan-T5,Flan-T5,other,unified_chip2/113623,0.0032522922847419977,0.9966369867324829,0.00011066221486544237
f4b16d4a314ac5c121becf818650bf7e7acaa59acf739e542bd78a3ad5509cf5,ChatGLM,ChatGLM,other,unified_chip2/113623,0.9999052286148071,8.109123882604763e-05,1.3682516510016285e-05
2f8f93f78613b700ec1a771aecca6fdaa4345b9855ec96c77d79f22754c18960,ChatGLM,MPT,other,unified_chip2/55055,0.028446044772863388,0.009077089838683605,0.9624767899513245
2f8f93f78613b700ec1a771aecca6fdaa4345b9855ec96c77d79f22754c18960,MPT,MPT,other,unified_chip2/55055,0.002393454546108842,3.0218036044971086e-05,0.9975762963294983
2f8f93f78613b700ec1a771aecca6fdaa4345b9855ec96c77d79f22754c18960,Flan-T5,Flan-T5,other,unified_chip2/55055,0.2749037742614746,0.7211105227470398,0.003985763993114233
4f155c6ad152b1cbbc6cbc55d702aa09bb6200ee6bb466764920eb2519bd842c,MPT,MPT,other,unified_chip2/71091,0.1153784766793251,0.005970841273665428,0.8786506056785583
4f155c6ad152b1cbbc6cbc55d702aa09bb6200ee6bb466764920eb2519bd842c,Flan-T5,Flan-T5,other,unified_chip2/71091,0.01003925409168005,0.978655219078064,0.011305470950901508
4f155c6ad152b1cbbc6cbc55d702aa09bb6200ee6bb466764920eb2519bd842c,ChatGLM,ChatGLM,other,unified_chip2/71091,0.9922532439231873,0.004868219140917063,0.0028786000330001116
23d180c2ee1648f524933110947f40a25990dabf105e16135b5ff10a5d6e8785,Flan-T5,Flan-T5,other,unified_chip2/104908,0.009683714248239994,0.9891381859779358,0.0011780594941228628
23d180c2ee1648f524933110947f40a25990dabf105e16135b5ff10a5d6e8785,MPT,MPT,other,unified_chip2/104908,0.0041584414429962635,1.5538966181338765e-05,0.995826005935669
23d180c2ee1648f524933110947f40a25990dabf105e16135b5ff10a5d6e8785,ChatGLM,ChatGLM,other,unified_chip2/104908,0.9977828860282898,0.00025040324544534087,0.001966784941032529
af525959225079a7c262b431ed02f1575b7ffe7fbe8fad820171955a674d23c6,ChatGLM,ChatGLM,other,dolly_15k/brainstorming/1170,0.8575512766838074,0.002218840643763542,0.14022986590862274
af525959225079a7c262b431ed02f1575b7ffe7fbe8fad820171955a674d23c6,Flan-T5,Flan-T5,other,dolly_15k/brainstorming/1170,0.4749152660369873,0.513772189617157,0.01131251361221075
af525959225079a7c262b431ed02f1575b7ffe7fbe8fad820171955a674d23c6,MPT,MPT,other,dolly_15k/brainstorming/1170,0.014272618107497692,4.520577203948051e-05,0.9856820702552795
65401525be3a02056ed78e9a1b87b334089d69cdc2e821f6f27186200a91616a,Flan-T5,Flan-T5,other,unified_chip2/140731,0.010623560287058353,0.988336980342865,0.00103943538852036
65401525be3a02056ed78e9a1b87b334089d69cdc2e821f6f27186200a91616a,ChatGLM,ChatGLM,other,unified_chip2/140731,0.9982777833938599,0.0015057917917147279,0.00021652352006640285
65401525be3a02056ed78e9a1b87b334089d69cdc2e821f6f27186200a91616a,MPT,MPT,other,unified_chip2/140731,6.831555947428569e-05,7.712127262493595e-05,0.999854564666748
9544a3dcd5ddbbe5df22e09536b05c95948dafb0041b1252344eda49a0c87c54,Flan-T5,Flan-T5,other,unified_chip2/41125,0.02122136950492859,0.9786654114723206,0.00011319644545437768
9544a3dcd5ddbbe5df22e09536b05c95948dafb0041b1252344eda49a0c87c54,MPT,MPT,other,unified_chip2/41125,2.5701561753521673e-05,1.0908163858402986e-05,0.9999632835388184
9544a3dcd5ddbbe5df22e09536b05c95948dafb0041b1252344eda49a0c87c54,ChatGLM,ChatGLM,other,unified_chip2/41125,0.9982278943061829,0.0016539222560822964,0.00011815095058409497
1f596a71977bbdb0cfa4a887b3513e887e90c73e4ce4859cbaff1d350439da9b,ChatGLM,ChatGLM,other,unified_chip2/104053,0.9987906813621521,0.0011907744919881225,1.854196125350427e-05
1f596a71977bbdb0cfa4a887b3513e887e90c73e4ce4859cbaff1d350439da9b,Flan-T5,Flan-T5,other,unified_chip2/104053,0.013143683783710003,0.9847582578659058,0.00209812237881124
1f596a71977bbdb0cfa4a887b3513e887e90c73e4ce4859cbaff1d350439da9b,MPT,MPT,other,unified_chip2/104053,0.007667474914342165,0.004400099627673626,0.9879323840141296
07d81cebb55f6e4332e7321a01d1f3134218210b83a483131b24af7a34dbf895,MPT,MPT,other,unified_chip2/104635,0.00040317673119716346,4.680695383285638e-06,0.9995922446250916
07d81cebb55f6e4332e7321a01d1f3134218210b83a483131b24af7a34dbf895,Flan-T5,Flan-T5,other,unified_chip2/104635,0.018027139827609062,0.9801116585731506,0.0018612121930345893
07d81cebb55f6e4332e7321a01d1f3134218210b83a483131b24af7a34dbf895,ChatGLM,ChatGLM,other,unified_chip2/104635,0.9991574287414551,9.012922964757308e-05,0.0007524064276367426
64833d8d99980897a13fb5c3ea18df6e96c1bc942a350c2e5dec14a762b370bc,ChatGLM,ChatGLM,other,unified_chip2/77842,0.9993921518325806,0.0001218602410517633,0.00048599622095935047
64833d8d99980897a13fb5c3ea18df6e96c1bc942a350c2e5dec14a762b370bc,MPT,MPT,other,unified_chip2/77842,0.008010980673134327,0.00044324350892566144,0.9915457367897034
64833d8d99980897a13fb5c3ea18df6e96c1bc942a350c2e5dec14a762b370bc,Flan-T5,Flan-T5,other,unified_chip2/77842,0.0012418150436133146,0.9987428784370422,1.5318437363021076e-05
35eea3679de80e04589d2c971a0b1730ecf3fe82ae801d969db3812147a11295,MPT,MPT,other,unified_chip2/68594,1.3292365110828541e-05,5.721063303099072e-07,0.9999860525131226
35eea3679de80e04589d2c971a0b1730ecf3fe82ae801d969db3812147a11295,Flan-T5,Flan-T5,other,unified_chip2/68594,0.0926513820886612,0.9072158932685852,0.00013275125820655376
35eea3679de80e04589d2c971a0b1730ecf3fe82ae801d969db3812147a11295,ChatGLM,ChatGLM,other,unified_chip2/68594,0.9996532201766968,4.7868918045423925e-05,0.00029892640304751694
8e726155bb54549c41d844cbd1f8ded79280dc4715134e4190c579a2b32afb4b,ChatGLM,ChatGLM,other,unified_chip2/7835,0.9986664056777954,0.0013221866684034467,1.1459755114628933e-05
8e726155bb54549c41d844cbd1f8ded79280dc4715134e4190c579a2b32afb4b,MPT,MPT,other,unified_chip2/7835,0.00011793092562584206,0.0005355006433092058,0.9993465542793274
8e726155bb54549c41d844cbd1f8ded79280dc4715134e4190c579a2b32afb4b,Flan-T5,Flan-T5,other,unified_chip2/7835,0.009683714248239994,0.9891381859779358,0.0011780594941228628
15f6476948ee26ea9a869f6a8366935dbbf3e7e58a3df791aa729cb633dea5ce,MPT,MPT,other,unified_chip2/33236,0.001337100868113339,9.06402783584781e-06,0.998653769493103
15f6476948ee26ea9a869f6a8366935dbbf3e7e58a3df791aa729cb633dea5ce,ChatGLM,ChatGLM,other,unified_chip2/33236,0.9979473948478699,0.0013271188363432884,0.0007254867814481258
15f6476948ee26ea9a869f6a8366935dbbf3e7e58a3df791aa729cb633dea5ce,Flan-T5,Flan-T5,other,unified_chip2/33236,0.009683714248239994,0.9891381859779358,0.0011780594941228628
74d4393816b3e873dda712902fb299370df74fe8f3dd0fc306386240efc4689c,Flan-T5,Flan-T5,other,unified_chip2/48428,0.006652801763266325,0.9910334944725037,0.002313755452632904
74d4393816b3e873dda712902fb299370df74fe8f3dd0fc306386240efc4689c,ChatGLM,ChatGLM,other,unified_chip2/48428,0.9999006986618042,5.724859147449024e-05,4.210487531963736e-05
74d4393816b3e873dda712902fb299370df74fe8f3dd0fc306386240efc4689c,MPT,MPT,other,unified_chip2/48428,0.00016651125042699277,5.697913820768008e-06,0.9998277425765991
bdccea16c721209dc9a8e7782e1c99da81a91681fc1f6af86a59fbbf67e66ad1,Flan-T5,Flan-T5,other,unified_chip2/124870,0.002387678250670433,0.9975579977035522,5.434682680061087e-05
bdccea16c721209dc9a8e7782e1c99da81a91681fc1f6af86a59fbbf67e66ad1,ChatGLM,Flan-T5,other,unified_chip2/124870,0.06674975901842117,0.932429850101471,0.0008203907054848969
bdccea16c721209dc9a8e7782e1c99da81a91681fc1f6af86a59fbbf67e66ad1,MPT,MPT,other,unified_chip2/124870,0.006799396127462387,0.0032859216444194317,0.9899146556854248
6f2fc80adbbb1ca92f20c8aa87e46da74630c755f944e91ef99b6db24e23801a,MPT,MPT,other,unified_chip2/93354,0.028860917314887047,0.0002736244350671768,0.9708654880523682
6f2fc80adbbb1ca92f20c8aa87e46da74630c755f944e91ef99b6db24e23801a,Flan-T5,Flan-T5,other,unified_chip2/93354,0.02760622650384903,0.9571510553359985,0.015242640860378742
6f2fc80adbbb1ca92f20c8aa87e46da74630c755f944e91ef99b6db24e23801a,ChatGLM,ChatGLM,other,unified_chip2/93354,0.9959426522254944,0.0036503029987215996,0.00040699823875911534
db5e5ba1b8f3b61c0a3ebbabadacd506fb9d259ca8d2d8350e265cb207c7c75c,ChatGLM,ChatGLM,other,unified_chip2/149076,0.9998979568481445,8.10862475191243e-05,2.1029854906373657e-05
db5e5ba1b8f3b61c0a3ebbabadacd506fb9d259ca8d2d8350e265cb207c7c75c,MPT,MPT,other,unified_chip2/149076,0.013645780272781849,0.0001057945701177232,0.9862484335899353
db5e5ba1b8f3b61c0a3ebbabadacd506fb9d259ca8d2d8350e265cb207c7c75c,Flan-T5,Flan-T5,other,unified_chip2/149076,0.003678456647321582,0.9959272742271423,0.0003942975017707795
ab812f58668278ff4f92560a80d2492c23c34a8ae96ab4a8832395a9b5aa7f90,MPT,MPT,other,unified_chip2/31890,0.00822441652417183,0.004091900773346424,0.9876837134361267
ab812f58668278ff4f92560a80d2492c23c34a8ae96ab4a8832395a9b5aa7f90,ChatGLM,ChatGLM,other,unified_chip2/31890,0.9984455704689026,0.001498321769759059,5.620498995995149e-05
ab812f58668278ff4f92560a80d2492c23c34a8ae96ab4a8832395a9b5aa7f90,Flan-T5,Flan-T5,other,unified_chip2/31890,0.0005562073783949018,0.9993627667427063,8.108598558465019e-05
51881dde8f32e30472b72ba1014a3206888907ed8ecf72c9ce2d89ea0110c2f4,MPT,MPT,other,unified_chip2/114199,0.0020628657657653093,1.2493170288507827e-05,0.9979245662689209
51881dde8f32e30472b72ba1014a3206888907ed8ecf72c9ce2d89ea0110c2f4,Flan-T5,Flan-T5,other,unified_chip2/114199,0.002291581127792597,0.9976603984832764,4.79752998217009e-05
51881dde8f32e30472b72ba1014a3206888907ed8ecf72c9ce2d89ea0110c2f4,ChatGLM,ChatGLM,other,unified_chip2/114199,0.99854975938797,0.0012769720051437616,0.00017316589946858585
eadacf35609c96f7f0a0f46eb93d9aa79e67cb8ed8bd00d19e51e538fa268533,Flan-T5,Flan-T5,other,unified_chip2/159584,0.0010370112722739577,0.998862624168396,0.00010043242218671367
eadacf35609c96f7f0a0f46eb93d9aa79e67cb8ed8bd00d19e51e538fa268533,MPT,MPT,other,unified_chip2/159584,0.001114215119741857,7.199393439805135e-05,0.9988137483596802
eadacf35609c96f7f0a0f46eb93d9aa79e67cb8ed8bd00d19e51e538fa268533,ChatGLM,ChatGLM,other,unified_chip2/159584,0.9993602633476257,0.0002123111771652475,0.00042744792881421745
e3bd813f0c0bf0659cd8fccc08d14a67c5863f2452152d81083c019cf553f1db,ChatGLM,ChatGLM,other,unified_chip2/144906,0.9997686743736267,3.0961491574998945e-05,0.00020032045722473413
e3bd813f0c0bf0659cd8fccc08d14a67c5863f2452152d81083c019cf553f1db,MPT,MPT,other,unified_chip2/144906,0.00011558097321540117,3.3042702852981165e-05,0.9998513460159302
e3bd813f0c0bf0659cd8fccc08d14a67c5863f2452152d81083c019cf553f1db,Flan-T5,Flan-T5,other,unified_chip2/144906,0.043157629668712616,0.9381791949272156,0.01866324059665203
05e6c32dd618c0c8de96b08ab697b906f5ec6bad9da6bbfed4cad0c3c2782ab1,Flan-T5,Flan-T5,other,unified_chip2/42906,0.09993494302034378,0.8166061043739319,0.08345900475978851
05e6c32dd618c0c8de96b08ab697b906f5ec6bad9da6bbfed4cad0c3c2782ab1,MPT,MPT,other,unified_chip2/42906,0.0002785294782370329,1.0218293482466834e-06,0.9997203946113586
05e6c32dd618c0c8de96b08ab697b906f5ec6bad9da6bbfed4cad0c3c2782ab1,ChatGLM,ChatGLM,other,unified_chip2/42906,0.9999065399169922,6.208465492818505e-05,3.131978155579418e-05
60591553c8776f5df3110a9a9bce9b3fda9f7814150d2a0bdd0c26a952b988df,Flan-T5,Flan-T5,other,unified_chip2/113954,0.009683714248239994,0.9891381859779358,0.0011780594941228628
60591553c8776f5df3110a9a9bce9b3fda9f7814150d2a0bdd0c26a952b988df,ChatGLM,ChatGLM,other,unified_chip2/113954,0.9998601675033569,7.953673048177734e-05,6.0270962421782315e-05
60591553c8776f5df3110a9a9bce9b3fda9f7814150d2a0bdd0c26a952b988df,MPT,MPT,other,unified_chip2/113954,0.0006040259613655508,0.00025441322941333055,0.9991415739059448
b7eae051f6e10091c58e29e4b55df40e1ee4670488cd9df772aad0c54e7cd739,ChatGLM,ChatGLM,other,unified_chip2/102302,0.9996111989021301,0.0001960593945113942,0.000192758918274194
b7eae051f6e10091c58e29e4b55df40e1ee4670488cd9df772aad0c54e7cd739,Flan-T5,Flan-T5,other,unified_chip2/102302,0.008079633116722107,0.9905785918235779,0.0013417790178209543
b7eae051f6e10091c58e29e4b55df40e1ee4670488cd9df772aad0c54e7cd739,MPT,MPT,other,unified_chip2/102302,0.00032192154321819544,0.00011293376155663282,0.999565064907074
8d5f7a7bcbe519183a7cf2cffeba9439f401b530bf1f467889c771cdfa29455b,Flan-T5,Flan-T5,other,unified_chip2/126619,0.0017552452627569437,0.9980872273445129,0.0001575419446453452
8d5f7a7bcbe519183a7cf2cffeba9439f401b530bf1f467889c771cdfa29455b,ChatGLM,ChatGLM,other,unified_chip2/126619,0.9945624470710754,3.6716461181640625e-05,0.005400791298598051
8d5f7a7bcbe519183a7cf2cffeba9439f401b530bf1f467889c771cdfa29455b,MPT,MPT,other,unified_chip2/126619,6.042930544936098e-05,1.1497334526211489e-05,0.9999281167984009
8ff0f1dd5e7d0df02ea2ecd64895b9a3bb4e0812c44ee7f3019392a00e0d7817,Flan-T5,Flan-T5,other,unified_chip2/64051,0.24585799872875214,0.7540416121482849,0.00010040323832072318
8ff0f1dd5e7d0df02ea2ecd64895b9a3bb4e0812c44ee7f3019392a00e0d7817,ChatGLM,ChatGLM,other,unified_chip2/64051,0.9990102052688599,0.0008807855192571878,0.00010894925071625039
8ff0f1dd5e7d0df02ea2ecd64895b9a3bb4e0812c44ee7f3019392a00e0d7817,MPT,MPT,other,unified_chip2/64051,0.0006393055082298815,7.687426091251837e-07,0.9993600249290466
44e0840d8f22f60885ab3f0e53688a340f63d4b40ec513651e8b113c87f53398,Flan-T5,Flan-T5,other,dolly_15k/brainstorming/1518,0.007633085362613201,0.9921919703483582,0.00017494471103418618
44e0840d8f22f60885ab3f0e53688a340f63d4b40ec513651e8b113c87f53398,ChatGLM,ChatGLM,other,dolly_15k/brainstorming/1518,0.9986360669136047,0.0002292775607202202,0.0011346387909725308
44e0840d8f22f60885ab3f0e53688a340f63d4b40ec513651e8b113c87f53398,MPT,MPT,other,dolly_15k/brainstorming/1518,0.15266530215740204,0.0020106888841837645,0.8453240394592285
1b257a1406f4101d48a85ccdc4b7e1720c0006eceb539056996bb58bb4cc9889,Flan-T5,Flan-T5,other,unified_chip2/13399,0.009683714248239994,0.9891381859779358,0.0011780594941228628
1b257a1406f4101d48a85ccdc4b7e1720c0006eceb539056996bb58bb4cc9889,MPT,MPT,other,unified_chip2/13399,0.00035865948302671313,1.9072447685175575e-05,0.9996222257614136
1b257a1406f4101d48a85ccdc4b7e1720c0006eceb539056996bb58bb4cc9889,ChatGLM,ChatGLM,other,unified_chip2/13399,0.99934321641922,0.0006371866911649704,1.9478005924611352e-05
d8545112b78d3a78c84a76c93cd6f84bb1b0be5ba2b6ffff7d1264d56233b968,Flan-T5,Flan-T5,other,unified_chip2/165210,0.0005323361838236451,0.999126136302948,0.0003415477694943547
d8545112b78d3a78c84a76c93cd6f84bb1b0be5ba2b6ffff7d1264d56233b968,ChatGLM,ChatGLM,other,unified_chip2/165210,0.999900221824646,9.466439951211214e-05,5.172852070245426e-06
d8545112b78d3a78c84a76c93cd6f84bb1b0be5ba2b6ffff7d1264d56233b968,MPT,MPT,other,unified_chip2/165210,1.1381540389265865e-05,7.222910426207818e-06,0.9999814033508301
ab6e7563ee1f64e4fa67f41f794d7380f83f6af2b9b54a3d7ce253708fcc86b5,MPT,MPT,other,unified_chip2/140543,2.4699897039681673e-05,2.235648935311474e-06,0.9999730587005615
ab6e7563ee1f64e4fa67f41f794d7380f83f6af2b9b54a3d7ce253708fcc86b5,Flan-T5,Flan-T5,other,unified_chip2/140543,0.08662762492895126,0.9132805466651917,9.179546759696677e-05
ab6e7563ee1f64e4fa67f41f794d7380f83f6af2b9b54a3d7ce253708fcc86b5,ChatGLM,ChatGLM,other,unified_chip2/140543,0.998337984085083,0.00010308421769877896,0.0015589147806167603
cdf441292ea1a61435683f1e16725822e77171f84e3d9dd8dfb12d2be9ee6d66,Flan-T5,Flan-T5,other,unified_chip2/66725,0.08195371180772781,0.9172883033752441,0.0007580253877677023
cdf441292ea1a61435683f1e16725822e77171f84e3d9dd8dfb12d2be9ee6d66,ChatGLM,ChatGLM,other,unified_chip2/66725,0.5043949484825134,0.00032383319921791553,0.4952811598777771
cdf441292ea1a61435683f1e16725822e77171f84e3d9dd8dfb12d2be9ee6d66,MPT,ChatGLM,other,unified_chip2/66725,0.955250084400177,0.00031798818963579834,0.044432006776332855
aa3eff3d61333da1ca01688dd76de9d0e6571d4ddeba4586ded8871607570499,ChatGLM,ChatGLM,other,unified_chip2/153030,0.9996516704559326,0.0003264292608946562,2.198218680860009e-05
aa3eff3d61333da1ca01688dd76de9d0e6571d4ddeba4586ded8871607570499,Flan-T5,Flan-T5,other,unified_chip2/153030,0.07390518486499786,0.9215689301490784,0.004525839351117611
aa3eff3d61333da1ca01688dd76de9d0e6571d4ddeba4586ded8871607570499,MPT,MPT,other,unified_chip2/153030,4.370703754830174e-05,1.870770392997656e-05,0.9999375343322754
589bcea6a34a5863767dbc63c9f79f2b57bb314d2de219fc72640bf000dc2b91,MPT,MPT,other,unified_chip2/27400,2.5359404389746487e-05,1.052159973369271e-06,0.9999735355377197
589bcea6a34a5863767dbc63c9f79f2b57bb314d2de219fc72640bf000dc2b91,ChatGLM,ChatGLM,other,unified_chip2/27400,0.9999357461929321,1.2816348316846415e-05,5.131880971021019e-05
589bcea6a34a5863767dbc63c9f79f2b57bb314d2de219fc72640bf000dc2b91,Flan-T5,Flan-T5,other,unified_chip2/27400,0.012966932728886604,0.9869676232337952,6.541523907799274e-05
0e3dd9768b3f16bd635c3d658044cc34f0e906fa5833b123733ddfcc90b5f689,ChatGLM,ChatGLM,other,unified_chip2/51558,0.9937096834182739,6.339672836475074e-05,0.006226973608136177
0e3dd9768b3f16bd635c3d658044cc34f0e906fa5833b123733ddfcc90b5f689,Flan-T5,Flan-T5,other,unified_chip2/51558,0.00019950690330006182,0.9997312426567078,6.921297608641908e-05
0e3dd9768b3f16bd635c3d658044cc34f0e906fa5833b123733ddfcc90b5f689,MPT,MPT,other,unified_chip2/51558,6.634816963924095e-05,1.636679598959745e-06,0.9999319314956665
e04c63188042753ed1468f4201fdd2b10ac0c33f03f181a454cf23e1770c980f,Flan-T5,Flan-T5,writing,dolly_15k/classification/1938,0.03854341059923172,0.9399703145027161,0.02148633450269699
e04c63188042753ed1468f4201fdd2b10ac0c33f03f181a454cf23e1770c980f,MPT,MPT,writing,dolly_15k/classification/1938,0.009282741695642471,6.122380000306293e-06,0.9907111525535583
e04c63188042753ed1468f4201fdd2b10ac0c33f03f181a454cf23e1770c980f,ChatGLM,ChatGLM,writing,dolly_15k/classification/1938,0.9088846445083618,0.01885196752846241,0.07226339727640152
45788bc9b89d7b5ca8654bffb066fb6cb2666784ef8315bbaadee37186ce9160,Flan-T5,Flan-T5,other,unified_chip2/121801,0.0005323361838236451,0.999126136302948,0.0003415477694943547
45788bc9b89d7b5ca8654bffb066fb6cb2666784ef8315bbaadee37186ce9160,ChatGLM,ChatGLM,other,unified_chip2/121801,0.9999319314956665,5.459962994791567e-05,1.3458678040478844e-05
45788bc9b89d7b5ca8654bffb066fb6cb2666784ef8315bbaadee37186ce9160,MPT,MPT,other,unified_chip2/121801,0.0004803345655091107,0.0003339970135129988,0.9991856217384338
fa43b3640affa2009cabd7c2605c154df9e2665af076265c9db11954d21a51b0,MPT,MPT,other,unified_chip2/9515,0.0004231167840771377,0.0030878589022904634,0.9964890480041504
fa43b3640affa2009cabd7c2605c154df9e2665af076265c9db11954d21a51b0,ChatGLM,ChatGLM,other,unified_chip2/9515,0.9993290901184082,0.00029597364482469857,0.0003749648167286068
fa43b3640affa2009cabd7c2605c154df9e2665af076265c9db11954d21a51b0,Flan-T5,Flan-T5,other,unified_chip2/9515,0.002878562081605196,0.9928193688392639,0.004302055109292269
1e698ab5ce5c0564e407d3edc30c171a3c7ebcc7920dfab814cdcb5343262069,MPT,MPT,other,unified_chip2/67985,0.0014667680952697992,6.44860920147039e-05,0.9984686970710754
1e698ab5ce5c0564e407d3edc30c171a3c7ebcc7920dfab814cdcb5343262069,ChatGLM,ChatGLM,other,unified_chip2/67985,0.9972255229949951,0.00027307498385198414,0.002501410897821188
1e698ab5ce5c0564e407d3edc30c171a3c7ebcc7920dfab814cdcb5343262069,Flan-T5,Flan-T5,other,unified_chip2/67985,0.010453784838318825,0.9889830946922302,0.0005631525418721139
ae024ce68e01df4af19237b1f877d2f8579e125e42a2c29b8cad0e82544e3544,Flan-T5,ChatGLM,other,unified_chip2/34647,0.9973002076148987,0.0008899475797079504,0.001809855573810637
ae024ce68e01df4af19237b1f877d2f8579e125e42a2c29b8cad0e82544e3544,ChatGLM,ChatGLM,other,unified_chip2/34647,0.9994838237762451,2.6299047021893784e-05,0.0004898568149656057
ae024ce68e01df4af19237b1f877d2f8579e125e42a2c29b8cad0e82544e3544,MPT,MPT,other,unified_chip2/34647,0.0006853615632280707,1.1190742952749133e-05,0.9993034601211548
b070cdeb054623308a5f3aa58f3885caf1ce2c69afca3581e62c75e84401300b,ChatGLM,ChatGLM,other,unified_chip2/21525,0.9999687671661377,2.7153739210916683e-05,4.050738425576128e-06
b070cdeb054623308a5f3aa58f3885caf1ce2c69afca3581e62c75e84401300b,Flan-T5,Flan-T5,other,unified_chip2/21525,0.015958642587065697,0.9824745059013367,0.0015668089035898447
b070cdeb054623308a5f3aa58f3885caf1ce2c69afca3581e62c75e84401300b,MPT,MPT,other,unified_chip2/21525,0.00012108383816666901,3.490155722829513e-05,0.999843955039978
d664a83afe567dc0f81b0dff82e858853d42f344350ffd8903d4c7f417f5f64c,ChatGLM,ChatGLM,other,unified_chip2/149515,0.999755322933197,0.00015482990420423448,8.985462045529857e-05
d664a83afe567dc0f81b0dff82e858853d42f344350ffd8903d4c7f417f5f64c,MPT,MPT,other,unified_chip2/149515,0.023997483775019646,0.005283778999000788,0.9707186818122864
d664a83afe567dc0f81b0dff82e858853d42f344350ffd8903d4c7f417f5f64c,Flan-T5,Flan-T5,other,unified_chip2/149515,0.009068155661225319,0.9909104704856873,2.1340976672945544e-05
5dbfa0d6655b79634903fc4822869b7f82193ab47db30374574e831b50f25518,MPT,ChatGLM,other,unified_chip2/149614,0.9997738003730774,9.299978410126641e-05,0.00013324309838935733
5dbfa0d6655b79634903fc4822869b7f82193ab47db30374574e831b50f25518,Flan-T5,Flan-T5,other,unified_chip2/149614,0.0030818143859505653,0.9964740872383118,0.00044402151252143085
5dbfa0d6655b79634903fc4822869b7f82193ab47db30374574e831b50f25518,ChatGLM,ChatGLM,other,unified_chip2/149614,0.998857855796814,9.305513231083751e-05,0.0010491219582036138
bdb85a8ebbda1c466e5a614e6ce8bf5167e0e39f1394c0a0b7c92d43f3cde1dd,ChatGLM,ChatGLM,other,unified_chip2/132655,0.9998868703842163,0.00010882938659051433,4.289443040761398e-06
bdb85a8ebbda1c466e5a614e6ce8bf5167e0e39f1394c0a0b7c92d43f3cde1dd,Flan-T5,Flan-T5,other,unified_chip2/132655,0.0011317686876282096,0.9985490441322327,0.0003191510040778667
bdb85a8ebbda1c466e5a614e6ce8bf5167e0e39f1394c0a0b7c92d43f3cde1dd,MPT,MPT,other,unified_chip2/132655,7.650003681192175e-06,1.3194077837397344e-05,0.9999791383743286
934f59980cb88efb688b6dfcd07ff81c0f41794907f11a326707d468fa98b2d1,MPT,MPT,other,unified_chip2/88556,0.00012011404032818973,1.1180585715919733e-05,0.999868631362915
934f59980cb88efb688b6dfcd07ff81c0f41794907f11a326707d468fa98b2d1,Flan-T5,Flan-T5,other,unified_chip2/88556,0.0034862065222114325,0.9924963712692261,0.004017435014247894
934f59980cb88efb688b6dfcd07ff81c0f41794907f11a326707d468fa98b2d1,ChatGLM,ChatGLM,other,unified_chip2/88556,0.9794254899024963,0.0005585147300735116,0.020015938207507133
364bd9ed7c8ed16c0d2dae5e62da49e9bd33a7b6a2345a5e7ee5a6aa84afe3c9,ChatGLM,ChatGLM,other,unified_chip2/125027,0.9859794974327087,0.013645278289914131,0.0003751308540813625
364bd9ed7c8ed16c0d2dae5e62da49e9bd33a7b6a2345a5e7ee5a6aa84afe3c9,MPT,ChatGLM,other,unified_chip2/125027,0.5746312141418457,0.004256397020071745,0.4211123585700989
364bd9ed7c8ed16c0d2dae5e62da49e9bd33a7b6a2345a5e7ee5a6aa84afe3c9,Flan-T5,Flan-T5,other,unified_chip2/125027,0.0009755581268109381,0.9955306649208069,0.0034937779419124126
6fb2e865efee8b44512eca10da1364e445f9c001c502d3ffc5fd5afd8a17fcb5,MPT,MPT,other,unified_chip2/24758,0.00029986887238919735,2.7000838599633425e-05,0.9996731281280518
6fb2e865efee8b44512eca10da1364e445f9c001c502d3ffc5fd5afd8a17fcb5,Flan-T5,Flan-T5,other,unified_chip2/24758,0.0005323361838236451,0.999126136302948,0.0003415477694943547
6fb2e865efee8b44512eca10da1364e445f9c001c502d3ffc5fd5afd8a17fcb5,ChatGLM,ChatGLM,other,unified_chip2/24758,0.9818757176399231,0.00038629668415524065,0.017737993970513344
ba8ab4b9c0d74f642d153a3faf07a18756e9c6fb998acc095d7e52a9b7838139,MPT,MPT,other,unified_chip2/21645,3.375279266037978e-05,4.027082241009339e-07,0.9999659061431885
ba8ab4b9c0d74f642d153a3faf07a18756e9c6fb998acc095d7e52a9b7838139,ChatGLM,ChatGLM,other,unified_chip2/21645,0.9993027448654175,0.0006752705085091293,2.1948751964373514e-05
ba8ab4b9c0d74f642d153a3faf07a18756e9c6fb998acc095d7e52a9b7838139,Flan-T5,Flan-T5,other,unified_chip2/21645,0.007256188429892063,0.9911854863166809,0.0015583107015118003
c196d41f7a68801fc74fbad0c2503b835b9e15a31d3d0499e051bb2a7089a13b,Flan-T5,Flan-T5,other,unified_chip2/4228,0.06768166273832321,0.8627157807350159,0.06960252672433853
c196d41f7a68801fc74fbad0c2503b835b9e15a31d3d0499e051bb2a7089a13b,ChatGLM,Flan-T5,other,unified_chip2/4228,0.04482995346188545,0.9548982977867126,0.00027171458350494504
c196d41f7a68801fc74fbad0c2503b835b9e15a31d3d0499e051bb2a7089a13b,MPT,MPT,other,unified_chip2/4228,1.4528993233398069e-05,2.7570749807637185e-06,0.9999827146530151
451c4178d39b89b5077a46b45b7383f0600f7808cb7271fdcb96f9329b46ce43,Flan-T5,Flan-T5,other,unified_chip2/51397,0.0016555977053940296,0.9979543685913086,0.0003900031151715666
451c4178d39b89b5077a46b45b7383f0600f7808cb7271fdcb96f9329b46ce43,ChatGLM,ChatGLM,other,unified_chip2/51397,0.9993661046028137,0.0006072555552236736,2.6745376089820638e-05
451c4178d39b89b5077a46b45b7383f0600f7808cb7271fdcb96f9329b46ce43,MPT,MPT,other,unified_chip2/51397,1.753736250975635e-05,6.820967428211588e-06,0.9999756813049316
c49b7bd2fa3e04437dbe8f4c43c712c65b55fc1196b9d001757c1510a9a28a3b,ChatGLM,ChatGLM,other,unified_chip2/89002,0.9980989098548889,0.0015689096180722117,0.0003322445845697075
c49b7bd2fa3e04437dbe8f4c43c712c65b55fc1196b9d001757c1510a9a28a3b,MPT,MPT,other,unified_chip2/89002,1.0744533028628211e-05,3.5904658943763934e-06,0.9999856948852539
c49b7bd2fa3e04437dbe8f4c43c712c65b55fc1196b9d001757c1510a9a28a3b,Flan-T5,Flan-T5,other,unified_chip2/89002,0.0005323361838236451,0.999126136302948,0.0003415477694943547
0de473e5cf1a4a3f41b966ac0fefd41498703f5e6d44824ef891ba58272f8050,Flan-T5,Flan-T5,other,unified_chip2/66211,0.018378067761659622,0.9815027117729187,0.00011921276745852083
0de473e5cf1a4a3f41b966ac0fefd41498703f5e6d44824ef891ba58272f8050,ChatGLM,ChatGLM,other,unified_chip2/66211,0.9999948740005493,9.227717896465037e-07,4.216205979901133e-06
0de473e5cf1a4a3f41b966ac0fefd41498703f5e6d44824ef891ba58272f8050,MPT,MPT,other,unified_chip2/66211,0.000361536251148209,3.5770368413068354e-05,0.999602735042572
3bbcabe4968765b1b49503f72814af3d5d2c810e5161954caae61dd0d93b700e,Flan-T5,Flan-T5,other,unified_chip2/67762,0.0030907962936908007,0.9968771934509277,3.19629289151635e-05
3bbcabe4968765b1b49503f72814af3d5d2c810e5161954caae61dd0d93b700e,ChatGLM,ChatGLM,other,unified_chip2/67762,0.9998694658279419,9.57301162998192e-05,3.482863030512817e-05
3bbcabe4968765b1b49503f72814af3d5d2c810e5161954caae61dd0d93b700e,MPT,MPT,other,unified_chip2/67762,6.546058284584433e-05,1.3324819519766606e-05,0.9999212026596069
72057d04e40cc0ece792a2186de2a3df5400adc7f9aa8bbde4d5839c2b0b756e,Flan-T5,Flan-T5,other,unified_chip2/73020,0.01578872837126255,0.9103745222091675,0.07383674383163452
72057d04e40cc0ece792a2186de2a3df5400adc7f9aa8bbde4d5839c2b0b756e,MPT,MPT,other,unified_chip2/73020,1.0637878403940704e-05,2.2795472887082724e-06,0.9999871253967285
72057d04e40cc0ece792a2186de2a3df5400adc7f9aa8bbde4d5839c2b0b756e,ChatGLM,ChatGLM,other,unified_chip2/73020,0.9987903237342834,0.0011099965777248144,9.966948709916323e-05
6acd40f6a073d0717eb98713ce64335363744fd914341ca61521106ca8f619d6,Flan-T5,Flan-T5,other,unified_chip2/52944,0.005411805585026741,0.9945119619369507,7.623267447343096e-05
6acd40f6a073d0717eb98713ce64335363744fd914341ca61521106ca8f619d6,MPT,MPT,other,unified_chip2/52944,0.0006480732699856162,0.002271463396027684,0.9970805048942566
6acd40f6a073d0717eb98713ce64335363744fd914341ca61521106ca8f619d6,ChatGLM,ChatGLM,other,unified_chip2/52944,0.996498703956604,0.0008945074514485896,0.002606784924864769
ad2119088a4a809929e2a797ef42b39c1dc6582b3b961bd218c37421ae5c1b18,Flan-T5,Flan-T5,other,unified_chip2/31939,0.038526903837919235,0.9597642421722412,0.0017088331514969468
ad2119088a4a809929e2a797ef42b39c1dc6582b3b961bd218c37421ae5c1b18,MPT,MPT,other,unified_chip2/31939,0.00046130266855470836,0.00039099817513488233,0.9991476535797119
ad2119088a4a809929e2a797ef42b39c1dc6582b3b961bd218c37421ae5c1b18,ChatGLM,ChatGLM,other,unified_chip2/31939,0.9946461319923401,0.004810923244804144,0.0005429601878859103
0e4d278126a4edfd02c131e9c5dd584937b30ca1eaa324f4d7eb90ea5adebdb7,Flan-T5,Flan-T5,other,unified_chip2/162221,0.26528576016426086,0.7346181273460388,9.609794506104663e-05
0e4d278126a4edfd02c131e9c5dd584937b30ca1eaa324f4d7eb90ea5adebdb7,MPT,MPT,other,unified_chip2/162221,0.033223822712898254,4.137186988373287e-05,0.966734766960144
0e4d278126a4edfd02c131e9c5dd584937b30ca1eaa324f4d7eb90ea5adebdb7,ChatGLM,ChatGLM,other,unified_chip2/162221,0.9988573789596558,0.001120209228247404,2.2393236577045172e-05
f7d1fb78e033ecc36971605a696b55b22fb16d426ed1d28f26dcd11cf93fe376,ChatGLM,ChatGLM,other,unified_chip2/9431,0.9997677206993103,2.369688263570424e-05,0.00020850979490205646
f7d1fb78e033ecc36971605a696b55b22fb16d426ed1d28f26dcd11cf93fe376,MPT,MPT,other,unified_chip2/9431,1.1448972145444714e-05,2.215307858932647e-06,0.9999862909317017
f7d1fb78e033ecc36971605a696b55b22fb16d426ed1d28f26dcd11cf93fe376,Flan-T5,Flan-T5,other,unified_chip2/9431,0.048384279012680054,0.9490252733230591,0.0025904951617121696
6f8cad2f45823be77007cd5505e6e2fd32c4c01bbb2e5b88d517cd9ba8d7a234,Flan-T5,Flan-T5,other,unified_chip2/64657,0.08224067091941833,0.9175406694412231,0.00021868542535230517
6f8cad2f45823be77007cd5505e6e2fd32c4c01bbb2e5b88d517cd9ba8d7a234,MPT,MPT,other,unified_chip2/64657,0.0003260117955505848,0.00022332288790494204,0.9994507431983948
6f8cad2f45823be77007cd5505e6e2fd32c4c01bbb2e5b88d517cd9ba8d7a234,ChatGLM,ChatGLM,other,unified_chip2/64657,0.9997982382774353,0.0001849065738497302,1.689648524916265e-05
49870af5634ede20e47fcfc733ee590756e087e670b0d98610e67ae7a39fd6cb,MPT,MPT,other,unified_chip2/26891,7.045004167594016e-05,8.849477239891712e-07,0.9999287128448486
49870af5634ede20e47fcfc733ee590756e087e670b0d98610e67ae7a39fd6cb,ChatGLM,ChatGLM,other,unified_chip2/26891,0.9999356269836426,5.975462045171298e-05,4.689864454121562e-06
49870af5634ede20e47fcfc733ee590756e087e670b0d98610e67ae7a39fd6cb,Flan-T5,Flan-T5,other,unified_chip2/26891,0.10764773190021515,0.8919903039932251,0.00036191006074659526
b5eb95916be504084462dba6f0194e05c68f355810ee42615a3a9993e8ba499b,Flan-T5,Flan-T5,other,dolly_15k/brainstorming/1067,0.08885915577411652,0.9109236001968384,0.00021721293160226196
b5eb95916be504084462dba6f0194e05c68f355810ee42615a3a9993e8ba499b,MPT,MPT,other,dolly_15k/brainstorming/1067,0.00014034853666089475,3.884173202095553e-05,0.9998207688331604
b5eb95916be504084462dba6f0194e05c68f355810ee42615a3a9993e8ba499b,ChatGLM,ChatGLM,other,dolly_15k/brainstorming/1067,0.5725520849227905,0.3184644877910614,0.10898341238498688
a93207982163a1cb78b2ad882f76e15498def48dd3806d1572a6f84016b4676e,ChatGLM,ChatGLM,other,unified_chip2/134312,0.9990884065628052,0.0008948265458457172,1.6758383935666643e-05
a93207982163a1cb78b2ad882f76e15498def48dd3806d1572a6f84016b4676e,Flan-T5,Flan-T5,other,unified_chip2/134312,0.0017552452627569437,0.9980872273445129,0.0001575419446453452
a93207982163a1cb78b2ad882f76e15498def48dd3806d1572a6f84016b4676e,MPT,MPT,other,unified_chip2/134312,0.002123419661074877,0.00013509922428056598,0.9977414608001709
cd2a526afee84a3855511cb7fd344ea177a68418794272d32be700dc2d5992e2,ChatGLM,ChatGLM,other,unified_chip2/52872,0.9998196959495544,0.00017174045206047595,8.590954166720621e-06
cd2a526afee84a3855511cb7fd344ea177a68418794272d32be700dc2d5992e2,MPT,MPT,other,unified_chip2/52872,7.095924229361117e-05,3.582317003747448e-05,0.9998931884765625
cd2a526afee84a3855511cb7fd344ea177a68418794272d32be700dc2d5992e2,Flan-T5,Flan-T5,other,unified_chip2/52872,0.0005323361838236451,0.999126136302948,0.0003415477694943547
934119f8c5e6441c70acfe5c2f0f565b64c31ecdadf8b55654cac19f2cbfd6a1,Flan-T5,Flan-T5,other,unified_chip2/152469,0.0017552452627569437,0.9980872273445129,0.0001575419446453452
934119f8c5e6441c70acfe5c2f0f565b64c31ecdadf8b55654cac19f2cbfd6a1,MPT,MPT,other,unified_chip2/152469,7.048671250231564e-06,1.1448909162936616e-06,0.999991774559021
934119f8c5e6441c70acfe5c2f0f565b64c31ecdadf8b55654cac19f2cbfd6a1,ChatGLM,ChatGLM,other,unified_chip2/152469,0.9984675049781799,6.895274509588489e-06,0.0015255942707881331
7935e570e873c22f0f1b6ebfd71028a3ec7a483789b21a72396c02343f4b04f8,Flan-T5,ChatGLM,other,unified_chip2/163268,0.8861632943153381,0.11369948834180832,0.00013727114128414541
7935e570e873c22f0f1b6ebfd71028a3ec7a483789b21a72396c02343f4b04f8,ChatGLM,ChatGLM,other,unified_chip2/163268,0.9997242093086243,4.0544331568526104e-05,0.00023530660837423056
7935e570e873c22f0f1b6ebfd71028a3ec7a483789b21a72396c02343f4b04f8,MPT,MPT,other,unified_chip2/163268,0.0011089785257354379,0.0001837947784224525,0.9987071752548218
10fba7e7cf9c3eeda808fa1490cf84b95ae8e545a79bf0e20ffa773fb26767b3,MPT,MPT,other,unified_chip2/159031,0.01934991218149662,0.0016639706445857882,0.9789861440658569
10fba7e7cf9c3eeda808fa1490cf84b95ae8e545a79bf0e20ffa773fb26767b3,ChatGLM,ChatGLM,other,unified_chip2/159031,0.9996963739395142,0.0002831938909366727,2.0471812604228035e-05
10fba7e7cf9c3eeda808fa1490cf84b95ae8e545a79bf0e20ffa773fb26767b3,Flan-T5,Flan-T5,other,unified_chip2/159031,0.004611646756529808,0.9951879978179932,0.00020028046856168658
4658d1f20370d71a803442b868fb3402503bf6405cfa45df8520b9880946c6e5,ChatGLM,ChatGLM,other,unified_chip2/25530,0.9999887943267822,5.460296961246058e-06,5.6698345360928215e-06
4658d1f20370d71a803442b868fb3402503bf6405cfa45df8520b9880946c6e5,Flan-T5,Flan-T5,other,unified_chip2/25530,0.006246896926313639,0.9936656355857849,8.738396718399599e-05
4658d1f20370d71a803442b868fb3402503bf6405cfa45df8520b9880946c6e5,MPT,MPT,other,unified_chip2/25530,0.0015363054117187858,0.00020393762679304928,0.9982597231864929
03e3dfeba2b184b0b27ec08ea13bdf1c16bbb3577149eb578fd1aa6809053289,Flan-T5,Flan-T5,other,unified_chip2/87880,0.021642999723553658,0.978095531463623,0.0002614751865621656
03e3dfeba2b184b0b27ec08ea13bdf1c16bbb3577149eb578fd1aa6809053289,ChatGLM,ChatGLM,other,unified_chip2/87880,0.999936580657959,1.222769424202852e-05,5.113423685543239e-05
03e3dfeba2b184b0b27ec08ea13bdf1c16bbb3577149eb578fd1aa6809053289,MPT,MPT,other,unified_chip2/87880,3.964185088989325e-05,7.259145604621153e-06,0.999953031539917
ac266c9e396b626fc22ab7fe1f1c9c95c162088665340d32999001f9cea0a9bd,MPT,MPT,other,unified_chip2/21239,7.6147289291839115e-06,9.632416322347126e-07,0.9999914169311523
ac266c9e396b626fc22ab7fe1f1c9c95c162088665340d32999001f9cea0a9bd,ChatGLM,ChatGLM,other,unified_chip2/21239,0.9999840259552002,1.0962734450004064e-05,4.95821404911112e-06
ac266c9e396b626fc22ab7fe1f1c9c95c162088665340d32999001f9cea0a9bd,Flan-T5,Flan-T5,other,unified_chip2/21239,0.0036846755538135767,0.9962990880012512,1.626202356419526e-05
041d763bbe8378c731805fbc2c2b79310fc465496b6f8e03c8b6776950238b51,Flan-T5,Flan-T5,writing,unified_chip2/68387,0.005173677112907171,0.994729220867157,9.712082101032138e-05
041d763bbe8378c731805fbc2c2b79310fc465496b6f8e03c8b6776950238b51,ChatGLM,ChatGLM,writing,unified_chip2/68387,0.9999169111251831,2.584955291240476e-05,5.71805467188824e-05
041d763bbe8378c731805fbc2c2b79310fc465496b6f8e03c8b6776950238b51,MPT,MPT,writing,unified_chip2/68387,0.0014856667257845402,0.0001049415732268244,0.9984093308448792
70e5977f4a2cfe14c854ace73f27e98caf2309ae61fb8581f33c6c49f614fec5,ChatGLM,ChatGLM,other,unified_chip2/148774,0.9995717406272888,0.0004168875457253307,1.1345478924340568e-05
70e5977f4a2cfe14c854ace73f27e98caf2309ae61fb8581f33c6c49f614fec5,Flan-T5,Flan-T5,other,unified_chip2/148774,0.07153932005167007,0.9283237457275391,0.0001369837118545547
70e5977f4a2cfe14c854ace73f27e98caf2309ae61fb8581f33c6c49f614fec5,MPT,MPT,other,unified_chip2/148774,0.00016070609854068607,1.2845879609812982e-05,0.9998264908790588
9d4e95c297a8765051dfb6959e0265661d3f1c2587b72e04b1d17192183e0a91,ChatGLM,ChatGLM,other,unified_chip2/110725,0.9995833039283752,0.00029142468702048063,0.00012521151802502573
9d4e95c297a8765051dfb6959e0265661d3f1c2587b72e04b1d17192183e0a91,MPT,MPT,other,unified_chip2/110725,0.006141616031527519,2.744870107562747e-05,0.9938309192657471
9d4e95c297a8765051dfb6959e0265661d3f1c2587b72e04b1d17192183e0a91,Flan-T5,Flan-T5,other,unified_chip2/110725,0.007436722982674837,0.9919887185096741,0.0005744972149841487
fb23d4a6e47329148e16d66822dbc4c4918b8099c11428dbdcfd1e2c29fd9c7f,ChatGLM,ChatGLM,other,unified_chip2/151352,0.9998125433921814,0.00016312564548570663,2.4264600142487325e-05
fb23d4a6e47329148e16d66822dbc4c4918b8099c11428dbdcfd1e2c29fd9c7f,MPT,MPT,other,unified_chip2/151352,0.48772844672203064,0.002227640710771084,0.5100438594818115
fb23d4a6e47329148e16d66822dbc4c4918b8099c11428dbdcfd1e2c29fd9c7f,Flan-T5,Flan-T5,other,unified_chip2/151352,0.11391999572515488,0.8833755850791931,0.002704429905861616
59552c87f9c739e15dd9b650037e75e774988d1f0254ffe4f6d7efbea8063591,ChatGLM,ChatGLM,other,unified_chip2/97577,0.9995009899139404,0.0004700130666606128,2.897787999245338e-05
59552c87f9c739e15dd9b650037e75e774988d1f0254ffe4f6d7efbea8063591,Flan-T5,Flan-T5,other,unified_chip2/97577,0.009240441955626011,0.9617758393287659,0.02898365445435047
59552c87f9c739e15dd9b650037e75e774988d1f0254ffe4f6d7efbea8063591,MPT,MPT,other,unified_chip2/97577,0.24240781366825104,0.0006914252880960703,0.7569007873535156
89649e2c2736a7d4b768d6a4b7cbd5455b428d82990540853d2e5a35a5683576,ChatGLM,ChatGLM,other,unified_chip2/53631,0.9996110796928406,0.00010476860916242003,0.00028424253105185926
89649e2c2736a7d4b768d6a4b7cbd5455b428d82990540853d2e5a35a5683576,Flan-T5,Flan-T5,other,unified_chip2/53631,0.07028095424175262,0.9296258687973022,9.317399235442281e-05
89649e2c2736a7d4b768d6a4b7cbd5455b428d82990540853d2e5a35a5683576,MPT,MPT,other,unified_chip2/53631,3.952877887059003e-05,2.8528836992336437e-05,0.9999319314956665
4f7d91e604c5745cd61541b0a838e473eca8ba2c23672ac0edf5a2dd542285ba,ChatGLM,ChatGLM,other,unified_chip2/59586,0.999409556388855,0.00017064118583220989,0.0004198159440420568
4f7d91e604c5745cd61541b0a838e473eca8ba2c23672ac0edf5a2dd542285ba,Flan-T5,Flan-T5,other,unified_chip2/59586,0.005350741557776928,0.9924129843711853,0.002236220519989729
4f7d91e604c5745cd61541b0a838e473eca8ba2c23672ac0edf5a2dd542285ba,MPT,ChatGLM,other,unified_chip2/59586,0.989900529384613,0.00012747172149829566,0.009972072206437588
f4b0de1bdfca5c282a6d91e4c872abf377ccc5288893bc0c393b5825ab533db7,ChatGLM,ChatGLM,other,unified_chip2/127908,0.9995505213737488,0.0003516297438181937,9.782208508113399e-05
f4b0de1bdfca5c282a6d91e4c872abf377ccc5288893bc0c393b5825ab533db7,MPT,MPT,other,unified_chip2/127908,0.0006594642181880772,6.0716283769579604e-05,0.999279797077179
f4b0de1bdfca5c282a6d91e4c872abf377ccc5288893bc0c393b5825ab533db7,Flan-T5,Flan-T5,other,unified_chip2/127908,0.013364284299314022,0.9865508079528809,8.487502782372758e-05
262111f04278c14b4a0c8010e0eb8dd2440b6d465837e045ebe50a1c2a924e29,Flan-T5,Flan-T5,other,dolly_15k/classification/1058,0.04044511914253235,0.9540359377861023,0.005518956109881401
262111f04278c14b4a0c8010e0eb8dd2440b6d465837e045ebe50a1c2a924e29,ChatGLM,ChatGLM,other,dolly_15k/classification/1058,0.9395106434822083,0.06037861108779907,0.00011077288945671171
262111f04278c14b4a0c8010e0eb8dd2440b6d465837e045ebe50a1c2a924e29,MPT,MPT,other,dolly_15k/classification/1058,0.0001512357557658106,2.9965417525090743e-06,0.9998457431793213
5eca13680f8f19f098d4590dc5c0ebb717e4d2ebd23f4c1f92570828f7933353,ChatGLM,ChatGLM,other,unified_chip2/17283,0.9998651742935181,0.00013023833162151277,4.4842518036603e-06
5eca13680f8f19f098d4590dc5c0ebb717e4d2ebd23f4c1f92570828f7933353,Flan-T5,Flan-T5,other,unified_chip2/17283,0.009108288213610649,0.990842342376709,4.939301288686693e-05
5eca13680f8f19f098d4590dc5c0ebb717e4d2ebd23f4c1f92570828f7933353,MPT,MPT,other,unified_chip2/17283,0.0003523144987411797,3.2849829949554987e-06,0.99964439868927
6c66e662143f873a2b03a8de7bf49c08d3c66acd840a601def9bd7a36753e428,Flan-T5,Flan-T5,other,unified_chip2/103015,0.06768166273832321,0.8627157807350159,0.06960252672433853
6c66e662143f873a2b03a8de7bf49c08d3c66acd840a601def9bd7a36753e428,MPT,MPT,other,unified_chip2/103015,0.00012565542419906706,5.2002710617671255e-06,0.9998691082000732
6c66e662143f873a2b03a8de7bf49c08d3c66acd840a601def9bd7a36753e428,ChatGLM,ChatGLM,other,unified_chip2/103015,0.9997726082801819,0.0001998680381802842,2.7477308321977034e-05
adf0c6f9c1b3f443494a2de983355c161138963ed1bc22f1739a39fdcbc291e6,Flan-T5,Flan-T5,other,unified_chip2/66289,0.0019554258324205875,0.9980329871177673,1.1538611943251453e-05
adf0c6f9c1b3f443494a2de983355c161138963ed1bc22f1739a39fdcbc291e6,MPT,MPT,other,unified_chip2/66289,0.0014732744311913848,2.906946792791132e-05,0.998497724533081
adf0c6f9c1b3f443494a2de983355c161138963ed1bc22f1739a39fdcbc291e6,ChatGLM,ChatGLM,other,unified_chip2/66289,0.9997679591178894,0.0002125582832377404,1.9593338947743177e-05
35a285bfb155346c63019bba022558fd6c097059ddd3a5442df1a8dd31220092,ChatGLM,ChatGLM,other,unified_chip2/51213,0.9998828172683716,9.710271842777729e-05,1.9991264707641676e-05
35a285bfb155346c63019bba022558fd6c097059ddd3a5442df1a8dd31220092,Flan-T5,Flan-T5,other,unified_chip2/51213,0.0029739029705524445,0.9731934070587158,0.023832667618989944
35a285bfb155346c63019bba022558fd6c097059ddd3a5442df1a8dd31220092,MPT,MPT,other,unified_chip2/51213,0.0005322305369190872,0.0010261248098686337,0.9984416365623474
db68d687b1e91cdbc8a6cf156e526a34b4add25ced5b13117830dddcb9d73d82,Flan-T5,Flan-T5,other,dolly_15k/classification/1915,0.024304017424583435,0.965239942073822,0.010456038638949394
db68d687b1e91cdbc8a6cf156e526a34b4add25ced5b13117830dddcb9d73d82,MPT,MPT,other,dolly_15k/classification/1915,0.0007064715609885752,7.188242307165638e-06,0.9992863535881042
db68d687b1e91cdbc8a6cf156e526a34b4add25ced5b13117830dddcb9d73d82,ChatGLM,ChatGLM,other,dolly_15k/classification/1915,0.9773975014686584,0.022585421800613403,1.702389636193402e-05
8f4bdfb7c6ef19c04910e28f7be40562eaa787f931f37d633779cd202874dfef,ChatGLM,ChatGLM,other,unified_chip2/165638,0.9995593428611755,0.00010570486483629793,0.0003349504549987614
8f4bdfb7c6ef19c04910e28f7be40562eaa787f931f37d633779cd202874dfef,Flan-T5,Flan-T5,other,unified_chip2/165638,0.0024505218025296926,0.9975281357765198,2.130361281160731e-05
8f4bdfb7c6ef19c04910e28f7be40562eaa787f931f37d633779cd202874dfef,MPT,MPT,other,unified_chip2/165638,0.0004830255638808012,6.634837336605415e-05,0.9994506239891052
4881b899151b9324a8ab9f4b980ae0098f7d8024acf4a993ffae3479695cd47f,Flan-T5,Flan-T5,other,unified_chip2/4135,0.0008072106866165996,0.9986385703086853,0.0005541907157748938
4881b899151b9324a8ab9f4b980ae0098f7d8024acf4a993ffae3479695cd47f,MPT,MPT,other,unified_chip2/4135,0.00046306848526000977,0.000174119311850518,0.9993627667427063
4881b899151b9324a8ab9f4b980ae0098f7d8024acf4a993ffae3479695cd47f,ChatGLM,ChatGLM,other,unified_chip2/4135,0.9999560117721558,3.766762893064879e-05,6.330689302558312e-06
4c90eef131faf899fe1b4670a5b718ec540a3cb3e5e2129d83f7dbc84b6dc2cc,MPT,MPT,other,unified_chip2/123719,0.0001408512471243739,0.0005187267088331282,0.9993404746055603
4c90eef131faf899fe1b4670a5b718ec540a3cb3e5e2129d83f7dbc84b6dc2cc,Flan-T5,Flan-T5,other,unified_chip2/123719,0.06241067871451378,0.937201976776123,0.0003873170353472233
4c90eef131faf899fe1b4670a5b718ec540a3cb3e5e2129d83f7dbc84b6dc2cc,ChatGLM,MPT,other,unified_chip2/123719,0.3221381902694702,5.6126817071344703e-05,0.6778056621551514
c2b164705924f156ddf5a501a83d49598a2f7891f8816213fabcc19ccabac114,ChatGLM,ChatGLM,other,unified_chip2/92102,0.9982534050941467,0.0009761875844560564,0.0007704725139774382
c2b164705924f156ddf5a501a83d49598a2f7891f8816213fabcc19ccabac114,MPT,MPT,other,unified_chip2/92102,0.00017492867482360452,1.540790435683448e-05,0.9998096823692322
c2b164705924f156ddf5a501a83d49598a2f7891f8816213fabcc19ccabac114,Flan-T5,Flan-T5,other,unified_chip2/92102,0.0005323361838236451,0.999126136302948,0.0003415477694943547
6d3e462678babb43a3e8e839f16c17518385cf3ee854fa8afa63a03bf674045f,MPT,MPT,other,unified_chip2/93854,9.557348676025867e-06,2.305415137016098e-06,0.9999881982803345
6d3e462678babb43a3e8e839f16c17518385cf3ee854fa8afa63a03bf674045f,Flan-T5,Flan-T5,other,unified_chip2/93854,0.0007539528887718916,0.9990105628967285,0.00023545481963083148
6d3e462678babb43a3e8e839f16c17518385cf3ee854fa8afa63a03bf674045f,ChatGLM,ChatGLM,other,unified_chip2/93854,0.9997743964195251,0.00020317602320574224,2.2432057448895648e-05
45dd156e4838ed9343edf7a9e976bb961815da31e2dbb37b5d26d16c08560762,Flan-T5,Flan-T5,other,dolly_15k/open_qa/2555,0.009683714248239994,0.9891381859779358,0.0011780594941228628
45dd156e4838ed9343edf7a9e976bb961815da31e2dbb37b5d26d16c08560762,ChatGLM,Flan-T5,other,dolly_15k/open_qa/2555,0.004611646756529808,0.9951879978179932,0.00020028046856168658
45dd156e4838ed9343edf7a9e976bb961815da31e2dbb37b5d26d16c08560762,MPT,ChatGLM,other,dolly_15k/open_qa/2555,0.5624616742134094,0.0036145206540822983,0.4339238107204437
d061d047fbe9a13eaa8ef813b317dd1a52ab99eaade62987bc5f700115e57487,MPT,MPT,other,unified_chip2/8221,0.00022814127441961318,1.0947482223855332e-05,0.9997609257698059
d061d047fbe9a13eaa8ef813b317dd1a52ab99eaade62987bc5f700115e57487,ChatGLM,ChatGLM,other,unified_chip2/8221,0.9998478889465332,4.182192060397938e-05,0.00011030647874576971
d061d047fbe9a13eaa8ef813b317dd1a52ab99eaade62987bc5f700115e57487,Flan-T5,Flan-T5,other,unified_chip2/8221,0.22823083400726318,0.7712642550468445,0.0005049078026786447
9973be97cb959a645b1aaa4a84b18afc0a1517c8a659b083e3d672de4ee6783a,ChatGLM,ChatGLM,other,unified_chip2/57344,0.998836100101471,0.0005799594218842685,0.0005839110817760229
9973be97cb959a645b1aaa4a84b18afc0a1517c8a659b083e3d672de4ee6783a,Flan-T5,Flan-T5,other,unified_chip2/57344,0.04063965007662773,0.9592403769493103,0.0001199433536385186
9973be97cb959a645b1aaa4a84b18afc0a1517c8a659b083e3d672de4ee6783a,MPT,MPT,other,unified_chip2/57344,0.026930686086416245,0.00726095587015152,0.9658082723617554
857bf64e94f55535e213cfdac6262dda05351df5b2ced458448afa5b47e75fe1,Flan-T5,Flan-T5,other,dolly_15k/general_qa/936,0.4265969693660736,0.5732749700546265,0.0001280773285543546
857bf64e94f55535e213cfdac6262dda05351df5b2ced458448afa5b47e75fe1,ChatGLM,ChatGLM,other,dolly_15k/general_qa/936,0.9992244243621826,0.0005807376001030207,0.0001948483841260895
857bf64e94f55535e213cfdac6262dda05351df5b2ced458448afa5b47e75fe1,MPT,MPT,other,dolly_15k/general_qa/936,0.02677781879901886,2.926366141764447e-05,0.9731929302215576
d402cb96e2204b8526d8717045cf39dbbfec4d02de881e92a530ab48010577d8,ChatGLM,ChatGLM,other,unified_chip2/138998,0.9997174143791199,0.00027298566419631243,9.499455700279213e-06
d402cb96e2204b8526d8717045cf39dbbfec4d02de881e92a530ab48010577d8,Flan-T5,Flan-T5,other,unified_chip2/138998,0.0009681908995844424,0.9957332015037537,0.003298569470643997
d402cb96e2204b8526d8717045cf39dbbfec4d02de881e92a530ab48010577d8,MPT,MPT,other,unified_chip2/138998,0.2808878421783447,0.002280580112710595,0.7168315649032593
99f30b6c03d59840175af9ac70f56d54501e738f1a5713edefccdc9e5029fbe4,ChatGLM,ChatGLM,other,unified_chip2/98985,0.9989626407623291,0.0006306500290520489,0.0004066916008014232
99f30b6c03d59840175af9ac70f56d54501e738f1a5713edefccdc9e5029fbe4,MPT,MPT,other,unified_chip2/98985,0.00023572515056002885,9.202030014421325e-06,0.9997550845146179
99f30b6c03d59840175af9ac70f56d54501e738f1a5713edefccdc9e5029fbe4,Flan-T5,Flan-T5,other,unified_chip2/98985,0.03716462850570679,0.9627623558044434,7.308009662665427e-05
1a69a05c32df78e641c4436f329c92d55ec3dd8ecc6ee9f094f7598b8d15ae55,ChatGLM,ChatGLM,other,unified_chip2/16115,0.9913623929023743,0.003480523359030485,0.005157103296369314
1a69a05c32df78e641c4436f329c92d55ec3dd8ecc6ee9f094f7598b8d15ae55,MPT,MPT,other,unified_chip2/16115,0.0013727713376283646,1.327155769104138e-05,0.9986139535903931
1a69a05c32df78e641c4436f329c92d55ec3dd8ecc6ee9f094f7598b8d15ae55,Flan-T5,Flan-T5,other,unified_chip2/16115,0.0022176599595695734,0.9958897233009338,0.0018925834447145462
a33f44508a00c526f33461059819339abe42398879d5e02449a6d6b653337b3d,MPT,MPT,other,unified_chip2/45175,0.00028426607605069876,2.1003115762141533e-05,0.99969482421875
a33f44508a00c526f33461059819339abe42398879d5e02449a6d6b653337b3d,Flan-T5,Flan-T5,other,unified_chip2/45175,0.43766599893569946,0.5390053391456604,0.023328706622123718
a33f44508a00c526f33461059819339abe42398879d5e02449a6d6b653337b3d,ChatGLM,ChatGLM,other,unified_chip2/45175,0.9933288097381592,0.006642038933932781,2.9154416552046314e-05
0fd32d89ca083c20a59e8691c57595eaaeedf877b5a7e5efc7727581f9d3e57d,ChatGLM,ChatGLM,other,unified_chip2/23788,0.9998481273651123,3.023924591616378e-06,0.00014883292897138745
0fd32d89ca083c20a59e8691c57595eaaeedf877b5a7e5efc7727581f9d3e57d,MPT,MPT,other,unified_chip2/23788,1.8082802853314206e-05,8.275629284071329e-07,0.9999810457229614
0fd32d89ca083c20a59e8691c57595eaaeedf877b5a7e5efc7727581f9d3e57d,Flan-T5,Flan-T5,other,unified_chip2/23788,0.004835168365389109,0.9947691559791565,0.0003956983855459839
1bee46ffc9f0f0905bcceb5d7b4c7b18faec81f53187703ecd1da78ed86ea2d1,MPT,MPT,other,unified_chip2/29475,2.6861593141802587e-05,4.076261575391982e-06,0.9999691247940063
1bee46ffc9f0f0905bcceb5d7b4c7b18faec81f53187703ecd1da78ed86ea2d1,Flan-T5,Flan-T5,other,unified_chip2/29475,0.014333580620586872,0.9599997997283936,0.025666572153568268
1bee46ffc9f0f0905bcceb5d7b4c7b18faec81f53187703ecd1da78ed86ea2d1,ChatGLM,ChatGLM,other,unified_chip2/29475,0.992786705493927,0.00036221323534846306,0.006851037498563528
37209a2b10c2999d4fbeba4da76f4a93c04ad8f3f46dfeb872a604760a5b756d,ChatGLM,ChatGLM,other,dolly_15k/open_qa/2055,0.9967057108879089,0.002839414868503809,0.00045492788194678724
37209a2b10c2999d4fbeba4da76f4a93c04ad8f3f46dfeb872a604760a5b756d,MPT,MPT,other,dolly_15k/open_qa/2055,0.00040696104406379163,1.561991098242288e-06,0.9995915293693542
37209a2b10c2999d4fbeba4da76f4a93c04ad8f3f46dfeb872a604760a5b756d,Flan-T5,Flan-T5,other,dolly_15k/open_qa/2055,0.0030330887529999018,0.982001781463623,0.014965072274208069
8def10468b6d41e2d6dccd5a131232acf252cae4bfd3e6ccd491f258861df4f4,Flan-T5,Flan-T5,other,unified_chip2/80311,0.008953371085226536,0.9910005927085876,4.6011366066522896e-05
8def10468b6d41e2d6dccd5a131232acf252cae4bfd3e6ccd491f258861df4f4,ChatGLM,ChatGLM,other,unified_chip2/80311,0.9999732971191406,1.5208260265353601e-05,1.1399284630897455e-05
8def10468b6d41e2d6dccd5a131232acf252cae4bfd3e6ccd491f258861df4f4,MPT,MPT,other,unified_chip2/80311,0.020809916779398918,0.004225452896207571,0.9749646186828613
47a15dbf7bd2465d21c07aeea8f34900962e8ccafeab09504ea378ce7a49cee8,MPT,MPT,other,dolly_15k/classification/652,0.01937416009604931,1.650088233873248e-05,0.9806093573570251
47a15dbf7bd2465d21c07aeea8f34900962e8ccafeab09504ea378ce7a49cee8,Flan-T5,Flan-T5,other,dolly_15k/classification/652,0.03545331582427025,0.9264103770256042,0.038136281073093414
47a15dbf7bd2465d21c07aeea8f34900962e8ccafeab09504ea378ce7a49cee8,ChatGLM,ChatGLM,other,dolly_15k/classification/652,0.9821121692657471,0.01782817579805851,5.976139800623059e-05
408ed543299ea75c0f19af06d42737e24aeae453489f4f6c61c94efa6600d392,Flan-T5,Flan-T5,other,unified_chip2/107172,0.0017552452627569437,0.9980872273445129,0.0001575419446453452
408ed543299ea75c0f19af06d42737e24aeae453489f4f6c61c94efa6600d392,ChatGLM,ChatGLM,other,unified_chip2/107172,0.9986525177955627,0.0012308331206440926,0.00011672600521706045
408ed543299ea75c0f19af06d42737e24aeae453489f4f6c61c94efa6600d392,MPT,MPT,other,unified_chip2/107172,0.00047919427743181586,4.893226287094876e-05,0.9994718432426453
bd0bfde67b71ac10f82689f809dfaa9b80ea936bc66a3ec4fbcc7cca2f873146,ChatGLM,ChatGLM,other,unified_chip2/161360,0.9998816251754761,0.00010667584137991071,1.1648929103103e-05
bd0bfde67b71ac10f82689f809dfaa9b80ea936bc66a3ec4fbcc7cca2f873146,Flan-T5,Flan-T5,other,unified_chip2/161360,0.0017552452627569437,0.9980872273445129,0.0001575419446453452
bd0bfde67b71ac10f82689f809dfaa9b80ea936bc66a3ec4fbcc7cca2f873146,MPT,MPT,other,unified_chip2/161360,9.820776540436782e-06,1.43838462918211e-06,0.9999887943267822
839ed13e56e113bfe96861cff6eba2abff11109d075e6802cb7ab3294703b55b,Flan-T5,Flan-T5,other,unified_chip2/137961,0.002270369092002511,0.9973329305648804,0.0003967511001974344
839ed13e56e113bfe96861cff6eba2abff11109d075e6802cb7ab3294703b55b,ChatGLM,ChatGLM,other,unified_chip2/137961,0.9999698400497437,2.574141944933217e-05,4.381780854600947e-06
839ed13e56e113bfe96861cff6eba2abff11109d075e6802cb7ab3294703b55b,MPT,MPT,other,unified_chip2/137961,0.00017395780014339834,0.0007111275917850435,0.9991148114204407
2580c2b8c69688015b59ab5aa56c927d933b492b492abf4ffa553e015ea0e796,Flan-T5,Flan-T5,other,unified_chip2/31928,0.0016371057135984302,0.9962989687919617,0.0020639668218791485
2580c2b8c69688015b59ab5aa56c927d933b492b492abf4ffa553e015ea0e796,MPT,MPT,other,unified_chip2/31928,0.000384122715331614,3.607375401770696e-05,0.9995797276496887
2580c2b8c69688015b59ab5aa56c927d933b492b492abf4ffa553e015ea0e796,ChatGLM,ChatGLM,other,unified_chip2/31928,0.9995405673980713,0.00034916511503979564,0.0001102958049159497
a4708c305b5c96d50c921db2899d5ad30e78ec7733b4bf624645a839c5581231,Flan-T5,Flan-T5,other,unified_chip2/13438,0.007237426470965147,0.9926430583000183,0.0001195850782096386
a4708c305b5c96d50c921db2899d5ad30e78ec7733b4bf624645a839c5581231,ChatGLM,ChatGLM,other,unified_chip2/13438,0.9997928738594055,0.00019672118651214987,1.0313598977518268e-05
a4708c305b5c96d50c921db2899d5ad30e78ec7733b4bf624645a839c5581231,MPT,MPT,other,unified_chip2/13438,2.194651278841775e-05,3.632266327713296e-07,0.999977707862854
004f3fdef7c5f31629b7a2660cd9b6d781d7c00e15bf0a75274246d644361174,MPT,MPT,other,unified_chip2/128872,0.0002271118137286976,0.0014671583194285631,0.9983057975769043
004f3fdef7c5f31629b7a2660cd9b6d781d7c00e15bf0a75274246d644361174,ChatGLM,ChatGLM,other,unified_chip2/128872,0.9983137845993042,0.0016594277694821358,2.682597732928116e-05
004f3fdef7c5f31629b7a2660cd9b6d781d7c00e15bf0a75274246d644361174,Flan-T5,Flan-T5,other,unified_chip2/128872,0.02618563361465931,0.9725738763809204,0.0012405673041939735
48a504c1c74efaf42edf955ba5a6d59167c90dc833a010df8b2b1ffc432e1f93,Flan-T5,Flan-T5,other,unified_chip2/57640,0.04395570978522301,0.9556140899658203,0.0004302098823245615
48a504c1c74efaf42edf955ba5a6d59167c90dc833a010df8b2b1ffc432e1f93,MPT,MPT,other,unified_chip2/57640,8.587426418671384e-05,6.9552615968859755e-06,0.9999072551727295
48a504c1c74efaf42edf955ba5a6d59167c90dc833a010df8b2b1ffc432e1f93,ChatGLM,ChatGLM,other,unified_chip2/57640,0.9964393973350525,0.0008766091195866466,0.002683988306671381
0992b1aa80e2d9bcb21ffbcf04928332a3e7a20a1942b38080253353976cb2f0,MPT,MPT,other,unified_chip2/109478,2.35459901887225e-05,2.909093609559932e-06,0.9999735355377197
0992b1aa80e2d9bcb21ffbcf04928332a3e7a20a1942b38080253353976cb2f0,ChatGLM,ChatGLM,other,unified_chip2/109478,0.9998334646224976,0.0001579259696882218,8.52258199302014e-06
0992b1aa80e2d9bcb21ffbcf04928332a3e7a20a1942b38080253353976cb2f0,Flan-T5,Flan-T5,other,unified_chip2/109478,0.0005323361838236451,0.999126136302948,0.0003415477694943547
4eae13be42575d307e0803967098b551128ebb62cfae9582b52d972d6787a737,ChatGLM,ChatGLM,other,unified_chip2/68907,0.9952349066734314,0.0046597630716860294,0.00010532003943808377
4eae13be42575d307e0803967098b551128ebb62cfae9582b52d972d6787a737,MPT,MPT,other,unified_chip2/68907,0.2139064520597458,0.0002390531008131802,0.7858544588088989
4eae13be42575d307e0803967098b551128ebb62cfae9582b52d972d6787a737,Flan-T5,Flan-T5,other,unified_chip2/68907,0.009683714248239994,0.9891381859779358,0.0011780594941228628
ba176513c906b86005ba353f2611f53d446e816d127978c8d64c80268e86897d,Flan-T5,Flan-T5,other,unified_chip2/59983,0.009683714248239994,0.9891381859779358,0.0011780594941228628
ba176513c906b86005ba353f2611f53d446e816d127978c8d64c80268e86897d,MPT,MPT,other,unified_chip2/59983,0.0005105810705572367,0.0006831358186900616,0.998806357383728
ba176513c906b86005ba353f2611f53d446e816d127978c8d64c80268e86897d,ChatGLM,ChatGLM,other,unified_chip2/59983,0.9608602523803711,4.446132152224891e-05,0.03909524902701378
f031da535ec640e720cd154c42ab1bb0c7c08aebb1ede7e03e4c5aaae8adac6d,ChatGLM,ChatGLM,other,unified_chip2/131849,0.9996916055679321,0.0001826511579565704,0.00012568342208396643
f031da535ec640e720cd154c42ab1bb0c7c08aebb1ede7e03e4c5aaae8adac6d,Flan-T5,Flan-T5,other,unified_chip2/131849,0.0005323361838236451,0.999126136302948,0.0003415477694943547
f031da535ec640e720cd154c42ab1bb0c7c08aebb1ede7e03e4c5aaae8adac6d,MPT,MPT,other,unified_chip2/131849,0.00017826649127528071,0.0002225251664640382,0.999599277973175
02a4ae5dd1c16b30403d7b3a83d6cd840af85ca3b0a90363727d5283815be127,ChatGLM,ChatGLM,other,unified_chip2/11090,0.9994797110557556,8.241716568591073e-05,0.0004378290905151516
02a4ae5dd1c16b30403d7b3a83d6cd840af85ca3b0a90363727d5283815be127,Flan-T5,Flan-T5,other,unified_chip2/11090,0.018983757123351097,0.9791309833526611,0.0018851899076253176
02a4ae5dd1c16b30403d7b3a83d6cd840af85ca3b0a90363727d5283815be127,MPT,MPT,other,unified_chip2/11090,0.0007365360506810248,0.00016096080071292818,0.9991025924682617
9b620e55f39e8a4695642e2fb05bb3ef03c29e6e68e1ed49e7a03f7c13485ef9,MPT,MPT,other,unified_chip2/37522,0.004068357869982719,0.0002650526294019073,0.9956666231155396
9b620e55f39e8a4695642e2fb05bb3ef03c29e6e68e1ed49e7a03f7c13485ef9,ChatGLM,ChatGLM,other,unified_chip2/37522,0.9989442229270935,0.0003634463937487453,0.00069232820533216
9b620e55f39e8a4695642e2fb05bb3ef03c29e6e68e1ed49e7a03f7c13485ef9,Flan-T5,Flan-T5,other,unified_chip2/37522,0.14116598665714264,0.8586021065711975,0.0002318831393495202
1a2ecbfb5351a4685ac82242bf26bc7eb3f695b919d6170aa5ba367e1ee2266f,ChatGLM,ChatGLM,other,unified_chip2/89456,0.9986121654510498,0.0009473546524532139,0.00044050809810869396
1a2ecbfb5351a4685ac82242bf26bc7eb3f695b919d6170aa5ba367e1ee2266f,MPT,MPT,other,unified_chip2/89456,0.0001907473779283464,1.692451405688189e-05,0.9997923970222473
1a2ecbfb5351a4685ac82242bf26bc7eb3f695b919d6170aa5ba367e1ee2266f,Flan-T5,Flan-T5,other,unified_chip2/89456,0.0005323361838236451,0.999126136302948,0.0003415477694943547
85b67e58f2b61de20d6cd481a9e0dfccf4e219cf5796e97508e31532950f95e6,Flan-T5,Flan-T5,other,unified_chip2/78508,0.10647576302289963,0.8933007121086121,0.00022353576787281781
85b67e58f2b61de20d6cd481a9e0dfccf4e219cf5796e97508e31532950f95e6,ChatGLM,ChatGLM,other,unified_chip2/78508,0.9965447783470154,0.0034341535065323114,2.0991035853512585e-05
85b67e58f2b61de20d6cd481a9e0dfccf4e219cf5796e97508e31532950f95e6,MPT,MPT,other,unified_chip2/78508,0.00010574889165582135,1.521384547231719e-06,0.9998927116394043
0a1a838a7b37585e3bb928016af05c73d1a15475e7e4d30636d84dedfcb3ef58,Flan-T5,Flan-T5,other,unified_chip2/141128,0.003419245360419154,0.9938613176345825,0.002719445154070854
0a1a838a7b37585e3bb928016af05c73d1a15475e7e4d30636d84dedfcb3ef58,ChatGLM,ChatGLM,other,unified_chip2/141128,0.9994657635688782,6.796803791075945e-05,0.0004662860301323235
0a1a838a7b37585e3bb928016af05c73d1a15475e7e4d30636d84dedfcb3ef58,MPT,MPT,other,unified_chip2/141128,0.0004906991380266845,0.0008978652767837048,0.9986114501953125
75f52b2d281242b93a0e544dc035ab1b0c7b5cc4e205f19c6bde80b5139e4dba,ChatGLM,ChatGLM,other,unified_chip2/74408,0.999313235282898,0.0006430516950786114,4.376192737254314e-05
75f52b2d281242b93a0e544dc035ab1b0c7b5cc4e205f19c6bde80b5139e4dba,MPT,MPT,other,unified_chip2/74408,0.00033548136707395315,1.3743609770244802e-06,0.9996631145477295
75f52b2d281242b93a0e544dc035ab1b0c7b5cc4e205f19c6bde80b5139e4dba,Flan-T5,Flan-T5,other,unified_chip2/74408,0.06022174283862114,0.8851072788238525,0.05467101186513901
f006a34f6c3014379ce542d2dc41db4ca0f51ee4a6136e14b5444251f2b44da2,ChatGLM,ChatGLM,other,unified_chip2/124786,0.8563881516456604,0.0003231185837648809,0.1432887613773346
f006a34f6c3014379ce542d2dc41db4ca0f51ee4a6136e14b5444251f2b44da2,MPT,MPT,other,unified_chip2/124786,1.7087846572394483e-05,6.529786787723424e-06,0.999976396560669
f006a34f6c3014379ce542d2dc41db4ca0f51ee4a6136e14b5444251f2b44da2,Flan-T5,Flan-T5,other,unified_chip2/124786,0.0012676514452323318,0.9963176250457764,0.0024147084914147854
04931ffadbc70efe265a67bc6f7f26b13e0a96161e7b1fcb92b29e55494fb710,Flan-T5,Flan-T5,other,unified_chip2/97628,0.009683714248239994,0.9891381859779358,0.0011780594941228628
04931ffadbc70efe265a67bc6f7f26b13e0a96161e7b1fcb92b29e55494fb710,MPT,MPT,other,unified_chip2/97628,5.6602020777063444e-06,2.592168357296032e-06,0.999991774559021
04931ffadbc70efe265a67bc6f7f26b13e0a96161e7b1fcb92b29e55494fb710,ChatGLM,ChatGLM,other,unified_chip2/97628,0.9840673208236694,0.00022598291980102658,0.015706779435276985
71d5ab626434f10e26f15307806276ab21b7ad6105b4fa80453d1e1dc2ed1b72,ChatGLM,ChatGLM,other,unified_chip2/98161,0.9999176263809204,4.3287120206514373e-05,3.9102254959288985e-05
71d5ab626434f10e26f15307806276ab21b7ad6105b4fa80453d1e1dc2ed1b72,MPT,MPT,other,unified_chip2/98161,0.0005883678677491844,2.5113538868026808e-05,0.9993864297866821
71d5ab626434f10e26f15307806276ab21b7ad6105b4fa80453d1e1dc2ed1b72,Flan-T5,Flan-T5,other,unified_chip2/98161,0.026182515546679497,0.9737608432769775,5.6651279010111466e-05
fc53110aecf29ac0e6176db8651b2c488de3157e924f9bbab66c1b26c7c524c0,Flan-T5,Flan-T5,other,unified_chip2/99740,0.003965185955166817,0.9786778688430786,0.017357010394334793
fc53110aecf29ac0e6176db8651b2c488de3157e924f9bbab66c1b26c7c524c0,MPT,MPT,other,unified_chip2/99740,0.0007126136333681643,0.00013976695481687784,0.9991476535797119
fc53110aecf29ac0e6176db8651b2c488de3157e924f9bbab66c1b26c7c524c0,ChatGLM,ChatGLM,other,unified_chip2/99740,0.9984460473060608,0.0004126617859583348,0.001141333719715476
c80e8e67720d07f95e91062d0f33c863b55dd3a15a7f785f93f8c9f4942c4da5,ChatGLM,ChatGLM,other,unified_chip2/13982,0.9997789263725281,0.00021134618145879358,9.785744623513892e-06
c80e8e67720d07f95e91062d0f33c863b55dd3a15a7f785f93f8c9f4942c4da5,MPT,MPT,other,unified_chip2/13982,4.280429857317358e-05,6.5779886426753365e-06,0.999950647354126
c80e8e67720d07f95e91062d0f33c863b55dd3a15a7f785f93f8c9f4942c4da5,Flan-T5,Flan-T5,other,unified_chip2/13982,0.0008600548608228564,0.9989007711410522,0.00023921373940538615
bd5bf472810ac605901fba0c75418bdaa71639e7954b5d27b0b47dc3510af023,Flan-T5,Flan-T5,other,unified_chip2/16992,0.0017552452627569437,0.9980872273445129,0.0001575419446453452
bd5bf472810ac605901fba0c75418bdaa71639e7954b5d27b0b47dc3510af023,MPT,MPT,other,unified_chip2/16992,0.00010192635818384588,6.551985279656947e-05,0.9998325109481812
bd5bf472810ac605901fba0c75418bdaa71639e7954b5d27b0b47dc3510af023,ChatGLM,ChatGLM,other,unified_chip2/16992,0.9997275471687317,3.507178553263657e-05,0.00023740796314086765
a90f9755d60d8d415a9a775f57989ef4ed7c79b8097cf8c9efa0825634d8ca94,MPT,MPT,other,dolly_15k/open_qa/697,0.0013245776062831283,6.628802566410741e-06,0.9986687898635864
a90f9755d60d8d415a9a775f57989ef4ed7c79b8097cf8c9efa0825634d8ca94,ChatGLM,ChatGLM,other,dolly_15k/open_qa/697,0.850257158279419,0.00025997526245191693,0.14948290586471558
a90f9755d60d8d415a9a775f57989ef4ed7c79b8097cf8c9efa0825634d8ca94,Flan-T5,MPT,other,dolly_15k/open_qa/697,0.47451722621917725,0.0037635029293596745,0.5217192769050598
d2b0378dcf39c1264d6a9d7ecb5ad3dc43e17bcba9569a8704ee10a8a15da326,Flan-T5,Flan-T5,other,unified_chip2/144873,0.011590952053666115,0.9883114695549011,9.761248657014221e-05
d2b0378dcf39c1264d6a9d7ecb5ad3dc43e17bcba9569a8704ee10a8a15da326,MPT,MPT,other,unified_chip2/144873,0.0007760161533951759,0.00047276681289076805,0.998751163482666
d2b0378dcf39c1264d6a9d7ecb5ad3dc43e17bcba9569a8704ee10a8a15da326,ChatGLM,ChatGLM,other,unified_chip2/144873,0.9994322657585144,0.00012663716915994883,0.00044109465670771897
ce1f9f5d0a2480c8e79978feff9d5a410a47702d5e0b85b6daf67047dd950229,Flan-T5,Flan-T5,other,unified_chip2/148362,0.15655778348445892,0.7350568175315857,0.1083853542804718
ce1f9f5d0a2480c8e79978feff9d5a410a47702d5e0b85b6daf67047dd950229,ChatGLM,Flan-T5,other,unified_chip2/148362,0.12018396705389023,0.8784956932067871,0.0013203549897298217
ce1f9f5d0a2480c8e79978feff9d5a410a47702d5e0b85b6daf67047dd950229,MPT,MPT,other,unified_chip2/148362,8.342934597749263e-05,1.1459621418907773e-05,0.9999051094055176
22d3dcc3e19bf034fb9b6a1d500de77f18e73575dc3265b9f45dd8cd23147649,ChatGLM,ChatGLM,other,unified_chip2/55087,0.9994335770606995,4.6007953642401844e-05,0.0005204229382798076
22d3dcc3e19bf034fb9b6a1d500de77f18e73575dc3265b9f45dd8cd23147649,Flan-T5,Flan-T5,other,unified_chip2/55087,0.025533122941851616,0.9579417705535889,0.016525108367204666
22d3dcc3e19bf034fb9b6a1d500de77f18e73575dc3265b9f45dd8cd23147649,MPT,MPT,other,unified_chip2/55087,2.457146365486551e-05,1.070549842552282e-06,0.9999743700027466
8a9aa6d5b0bbeddbef98bbd0605fd3fb24122866b673c24365c047e366ba5d77,ChatGLM,ChatGLM,other,unified_chip2/21003,0.9998397827148438,0.00012474230607040226,3.53758514393121e-05
8a9aa6d5b0bbeddbef98bbd0605fd3fb24122866b673c24365c047e366ba5d77,Flan-T5,Flan-T5,other,unified_chip2/21003,0.0016864939825609326,0.9979838132858276,0.000329642731230706
8a9aa6d5b0bbeddbef98bbd0605fd3fb24122866b673c24365c047e366ba5d77,MPT,MPT,other,unified_chip2/21003,0.013487541116774082,0.000430478248745203,0.9860819578170776
a6b07775733da2bacabdca6f4ec5c172d7e36dd29e6ab8a809e96abda1143e45,ChatGLM,ChatGLM,other,unified_chip2/87695,0.9995606541633606,0.00041761749889701605,2.1729432774009183e-05
a6b07775733da2bacabdca6f4ec5c172d7e36dd29e6ab8a809e96abda1143e45,Flan-T5,Flan-T5,other,unified_chip2/87695,0.0031760430429130793,0.996359646320343,0.0004643501597456634
a6b07775733da2bacabdca6f4ec5c172d7e36dd29e6ab8a809e96abda1143e45,MPT,MPT,other,unified_chip2/87695,0.0007362710894085467,8.470335160382092e-05,0.9991790652275085
2e128a467c8247e57176c7d7252682ae1db5e153457a5107c732b6c27ba95c5f,Flan-T5,Flan-T5,other,unified_chip2/134378,0.02881178818643093,0.9707796573638916,0.0004085380642209202
2e128a467c8247e57176c7d7252682ae1db5e153457a5107c732b6c27ba95c5f,ChatGLM,ChatGLM,other,unified_chip2/134378,0.9972397089004517,0.001372037804685533,0.0013883162755519152
2e128a467c8247e57176c7d7252682ae1db5e153457a5107c732b6c27ba95c5f,MPT,MPT,other,unified_chip2/134378,5.5607590184081346e-05,7.236036617541686e-05,0.9998719692230225
dfde3d5889ae1186d03fec3786f9f1e8111b90b37a7b518e72f3a4851591ce61,Flan-T5,Flan-T5,other,unified_chip2/153883,0.03216886147856712,0.932548463344574,0.035282671451568604
dfde3d5889ae1186d03fec3786f9f1e8111b90b37a7b518e72f3a4851591ce61,ChatGLM,ChatGLM,other,unified_chip2/153883,0.9977217316627502,4.440098564373329e-05,0.002233940176665783
dfde3d5889ae1186d03fec3786f9f1e8111b90b37a7b518e72f3a4851591ce61,MPT,MPT,other,unified_chip2/153883,0.0007948066340759397,0.0002584828471299261,0.9989467263221741
748b23b4b613ac9150a16b082acc7786fe28ccee607e035f97365229dc62ed1d,Flan-T5,Flan-T5,other,unified_chip2/77325,0.008043982088565826,0.989896297454834,0.0020596657413989305
748b23b4b613ac9150a16b082acc7786fe28ccee607e035f97365229dc62ed1d,MPT,MPT,other,unified_chip2/77325,5.989625788060948e-05,2.679623503354378e-05,0.9999133348464966
748b23b4b613ac9150a16b082acc7786fe28ccee607e035f97365229dc62ed1d,ChatGLM,ChatGLM,other,unified_chip2/77325,0.9999237060546875,6.390106864273548e-05,1.237106971530011e-05
c3003c1d7f280d6f25374a06f9c73972380f7e641f6004fa589e9e440b8aa1e1,MPT,MPT,other,unified_chip2/26327,0.00019523098308127373,0.00023447611602023244,0.9995703101158142
c3003c1d7f280d6f25374a06f9c73972380f7e641f6004fa589e9e440b8aa1e1,Flan-T5,Flan-T5,other,unified_chip2/26327,0.00979351345449686,0.9895070195198059,0.0006994790746830404
c3003c1d7f280d6f25374a06f9c73972380f7e641f6004fa589e9e440b8aa1e1,ChatGLM,ChatGLM,other,unified_chip2/26327,0.9995800852775574,0.0004069996066391468,1.2868902558693662e-05
c5da051f034cef2c21bf71edc89c3e8e3c135c7a1be1bea0be8df15660eaaae5,ChatGLM,Flan-T5,other,dolly_15k/open_qa/1092,0.05017165094614029,0.9400342702865601,0.00979408249258995
c5da051f034cef2c21bf71edc89c3e8e3c135c7a1be1bea0be8df15660eaaae5,MPT,MPT,other,dolly_15k/open_qa/1092,0.00023012545716483146,4.045021796628134e-06,0.9997658133506775
c5da051f034cef2c21bf71edc89c3e8e3c135c7a1be1bea0be8df15660eaaae5,Flan-T5,Flan-T5,other,dolly_15k/open_qa/1092,0.030926823616027832,0.9553529024124146,0.013720277696847916
de45c94b4f83e7b82a97b6462330be482eb98d4e8589d349caeb2588df198ebe,MPT,MPT,writing,dolly_15k/closed_qa/1609,0.014011478051543236,0.00031680529355071485,0.9856717586517334
de45c94b4f83e7b82a97b6462330be482eb98d4e8589d349caeb2588df198ebe,ChatGLM,ChatGLM,writing,dolly_15k/closed_qa/1609,0.9982331991195679,0.0017003261018544436,6.638582999585196e-05
de45c94b4f83e7b82a97b6462330be482eb98d4e8589d349caeb2588df198ebe,Flan-T5,Flan-T5,writing,dolly_15k/closed_qa/1609,0.04627759009599686,0.918850302696228,0.034872058779001236
1171d003b5892461809d61425a1bb80d59200ad3e627c6b7d49dcf6942aa7780,MPT,MPT,other,unified_chip2/91287,3.6160021409159526e-05,1.3695664165425114e-05,0.9999501705169678
1171d003b5892461809d61425a1bb80d59200ad3e627c6b7d49dcf6942aa7780,Flan-T5,Flan-T5,other,unified_chip2/91287,0.030599169433116913,0.9421679973602295,0.02723287232220173
1171d003b5892461809d61425a1bb80d59200ad3e627c6b7d49dcf6942aa7780,ChatGLM,ChatGLM,other,unified_chip2/91287,0.866881787776947,0.0004715251852758229,0.13264666497707367
9449d25e400a0ddecc5b38b6a5aba48e06c522c19d201e65bd48edd43260bd96,Flan-T5,Flan-T5,other,unified_chip2/87279,0.00013174577907193452,0.9997288584709167,0.00013937943731434643
9449d25e400a0ddecc5b38b6a5aba48e06c522c19d201e65bd48edd43260bd96,MPT,MPT,other,unified_chip2/87279,8.552411600248888e-06,2.1949723304715008e-05,0.999969482421875
9449d25e400a0ddecc5b38b6a5aba48e06c522c19d201e65bd48edd43260bd96,ChatGLM,ChatGLM,other,unified_chip2/87279,0.999843955039978,7.0805317591293715e-06,0.00014900129463057965
595fca32e64b4d1151585524efdf3a2a63aab44dc5f5bd23e1f94382ee550b40,ChatGLM,ChatGLM,other,unified_chip2/6151,0.7147762775421143,0.24187356233596802,0.04335016757249832
595fca32e64b4d1151585524efdf3a2a63aab44dc5f5bd23e1f94382ee550b40,Flan-T5,Flan-T5,other,unified_chip2/6151,0.00027411713381297886,0.9996556043624878,7.030276174191386e-05
595fca32e64b4d1151585524efdf3a2a63aab44dc5f5bd23e1f94382ee550b40,MPT,MPT,other,unified_chip2/6151,2.4168539312086068e-05,1.4849403669359162e-05,0.9999608993530273
746df58f71addbb379a7fc0fab792a7213bc528fe60945b50ced3f3d89f44297,Flan-T5,ChatGLM,other,dolly_15k/classification/968,0.9567099809646606,0.04160189628601074,0.0016881772316992283
746df58f71addbb379a7fc0fab792a7213bc528fe60945b50ced3f3d89f44297,ChatGLM,ChatGLM,other,dolly_15k/classification/968,0.9897508025169373,0.010151960887014866,9.716481145005673e-05
746df58f71addbb379a7fc0fab792a7213bc528fe60945b50ced3f3d89f44297,MPT,MPT,other,dolly_15k/classification/968,0.0010405092034488916,0.00026821575011126697,0.9986912608146667
75607638ff58e64e013e800a88b0cfe0f588d1570c7ae7b214cc02db2b08fd0d,Flan-T5,Flan-T5,other,unified_chip2/154914,0.0017552452627569437,0.9980872273445129,0.0001575419446453452
75607638ff58e64e013e800a88b0cfe0f588d1570c7ae7b214cc02db2b08fd0d,MPT,MPT,other,unified_chip2/154914,0.0001890599523903802,0.0010691737988963723,0.9987418055534363
75607638ff58e64e013e800a88b0cfe0f588d1570c7ae7b214cc02db2b08fd0d,ChatGLM,ChatGLM,other,unified_chip2/154914,0.9999464750289917,4.4639065890805796e-05,8.940884072217159e-06
68d28c25958c6fcd4b9294a137973622f6f20d99fa7b4214be537080ce1d10e3,Flan-T5,Flan-T5,other,unified_chip2/101515,0.01285675261169672,0.9858221411705017,0.0013211509212851524
68d28c25958c6fcd4b9294a137973622f6f20d99fa7b4214be537080ce1d10e3,MPT,MPT,other,unified_chip2/101515,0.007354055996984243,0.0003315050562378019,0.9923145174980164
68d28c25958c6fcd4b9294a137973622f6f20d99fa7b4214be537080ce1d10e3,ChatGLM,ChatGLM,other,unified_chip2/101515,0.9997668862342834,0.00021917322010267526,1.3886390661355108e-05
9e319cc09664380c083204d6501d7ced09575f7ad40be8666fa4086244ceeb97,ChatGLM,ChatGLM,other,unified_chip2/82618,0.9993970394134521,0.0005961175775155425,6.73867953082663e-06
9e319cc09664380c083204d6501d7ced09575f7ad40be8666fa4086244ceeb97,MPT,MPT,other,unified_chip2/82618,0.05309867113828659,0.00048100322601385415,0.9464203119277954
9e319cc09664380c083204d6501d7ced09575f7ad40be8666fa4086244ceeb97,Flan-T5,Flan-T5,other,unified_chip2/82618,0.05756407976150513,0.9423972964286804,3.859182106680237e-05
3fd5f72da779099d05d2777ea05e9f14816d9273878d4ae18cc1faccbafcd5ff,Flan-T5,Flan-T5,other,unified_chip2/16481,0.0014234321424737573,0.993202805519104,0.005373708438128233
3fd5f72da779099d05d2777ea05e9f14816d9273878d4ae18cc1faccbafcd5ff,MPT,MPT,other,unified_chip2/16481,9.204972593579441e-05,8.373971468245145e-06,0.9998996257781982
3fd5f72da779099d05d2777ea05e9f14816d9273878d4ae18cc1faccbafcd5ff,ChatGLM,ChatGLM,other,unified_chip2/16481,0.9998207688331604,7.330717926379293e-05,0.00010595376079436392
99f82929dadb1369ef81efc634dc7c673a88e922bccf91fdddbb2819261c97e7,ChatGLM,ChatGLM,other,unified_chip2/140335,0.9920360445976257,0.003299014177173376,0.004664942156523466
99f82929dadb1369ef81efc634dc7c673a88e922bccf91fdddbb2819261c97e7,Flan-T5,Flan-T5,other,unified_chip2/140335,0.019226400181651115,0.9806892275810242,8.437677752226591e-05
99f82929dadb1369ef81efc634dc7c673a88e922bccf91fdddbb2819261c97e7,MPT,MPT,other,unified_chip2/140335,0.0049330564215779305,0.0001982302201213315,0.9948687553405762
799f2cb8f781545311ecec5b515b2f768733ae06e59ca07decb3f623017baad0,ChatGLM,ChatGLM,other,unified_chip2/164447,0.9998724460601807,7.559996447525918e-05,5.1996765250805765e-05
799f2cb8f781545311ecec5b515b2f768733ae06e59ca07decb3f623017baad0,MPT,MPT,other,unified_chip2/164447,0.00023615035752300173,2.9118975362507626e-05,0.9997348189353943
799f2cb8f781545311ecec5b515b2f768733ae06e59ca07decb3f623017baad0,Flan-T5,Flan-T5,other,unified_chip2/164447,0.0017552452627569437,0.9980872273445129,0.0001575419446453452
27bff06e9231d45c9bf28a7a40ddaf1caa67fb931c65a8454fc51db2801b101e,MPT,MPT,other,unified_chip2/60770,0.0001318543218076229,0.00019123715173918754,0.9996769428253174
27bff06e9231d45c9bf28a7a40ddaf1caa67fb931c65a8454fc51db2801b101e,Flan-T5,Flan-T5,other,unified_chip2/60770,0.19343088567256927,0.8062987327575684,0.00027035080711357296
27bff06e9231d45c9bf28a7a40ddaf1caa67fb931c65a8454fc51db2801b101e,ChatGLM,ChatGLM,other,unified_chip2/60770,0.9994994401931763,0.000494514883030206,6.086190751375398e-06
6d2957879610dbbdc7223facaa1a1796a194ac2c253ade0085270a9d6ef1807b,MPT,MPT,other,unified_chip2/8003,5.0108232244383544e-05,8.063750283326954e-05,0.9998692274093628
6d2957879610dbbdc7223facaa1a1796a194ac2c253ade0085270a9d6ef1807b,ChatGLM,ChatGLM,other,unified_chip2/8003,0.9998266100883484,4.346252899267711e-05,0.00012988886737730354
6d2957879610dbbdc7223facaa1a1796a194ac2c253ade0085270a9d6ef1807b,Flan-T5,Flan-T5,other,unified_chip2/8003,0.01563853584229946,0.9842223525047302,0.00013911881251260638
6c87965f6dec3960bd53b06d9ddf0d1c25cb132c8469f1050e842e9e9ef1d19d,ChatGLM,ChatGLM,other,unified_chip2/153987,0.999950647354126,4.437533061718568e-05,5.04630452269339e-06
6c87965f6dec3960bd53b06d9ddf0d1c25cb132c8469f1050e842e9e9ef1d19d,MPT,ChatGLM,other,unified_chip2/153987,0.8050623536109924,0.001332754734903574,0.19360493123531342
6c87965f6dec3960bd53b06d9ddf0d1c25cb132c8469f1050e842e9e9ef1d19d,Flan-T5,Flan-T5,other,unified_chip2/153987,0.0028615694027394056,0.9964939951896667,0.0006444124737754464
aa9aaff16fa01382de098a4ac2b30902c88497fa9b9df2e5561920c2ec7777c8,Flan-T5,Flan-T5,other,unified_chip2/132646,0.0034311406780034304,0.9965235590934753,4.532290404313244e-05
aa9aaff16fa01382de098a4ac2b30902c88497fa9b9df2e5561920c2ec7777c8,ChatGLM,ChatGLM,other,unified_chip2/132646,0.9998759031295776,0.00012059792061336339,3.415544824747485e-06
aa9aaff16fa01382de098a4ac2b30902c88497fa9b9df2e5561920c2ec7777c8,MPT,MPT,other,unified_chip2/132646,0.0031475198920816183,0.0007626189617440104,0.9960899353027344
6e0ddc65621858cc6fc7608d825f0eb762fd272622e580ffcf053b9e1884eaa5,ChatGLM,ChatGLM,other,dolly_15k/open_qa/111,0.9989354014396667,0.0010540561052039266,1.0634456884872634e-05
6e0ddc65621858cc6fc7608d825f0eb762fd272622e580ffcf053b9e1884eaa5,MPT,MPT,other,dolly_15k/open_qa/111,0.0014430772280320525,0.005280531011521816,0.9932764768600464
6e0ddc65621858cc6fc7608d825f0eb762fd272622e580ffcf053b9e1884eaa5,Flan-T5,Flan-T5,other,dolly_15k/open_qa/111,0.24679701030254364,0.7531061172485352,9.691658488009125e-05
6ce33c2ccebfc8841091adaa9e4fe7db613ffd522e8a79be30a97bca537f7c33,Flan-T5,Flan-T5,other,unified_chip2/151374,0.011991824023425579,0.9875119924545288,0.0004962300299666822
6ce33c2ccebfc8841091adaa9e4fe7db613ffd522e8a79be30a97bca537f7c33,ChatGLM,Flan-T5,other,unified_chip2/151374,0.26557138562202454,0.7260407209396362,0.008387892507016659
6ce33c2ccebfc8841091adaa9e4fe7db613ffd522e8a79be30a97bca537f7c33,MPT,MPT,other,unified_chip2/151374,7.434595772792818e-06,3.160993401252199e-06,0.99998939037323
e29864ecabdb88641ed45d0028947fc9ffbcc06ac57f95655664d96a533f91cb,MPT,MPT,other,unified_chip2/45474,0.00045534875243902206,0.0017274925485253334,0.9978171586990356
e29864ecabdb88641ed45d0028947fc9ffbcc06ac57f95655664d96a533f91cb,Flan-T5,Flan-T5,other,unified_chip2/45474,0.016217058524489403,0.8548079133033752,0.12897498905658722
e29864ecabdb88641ed45d0028947fc9ffbcc06ac57f95655664d96a533f91cb,ChatGLM,ChatGLM,other,unified_chip2/45474,0.9998801946640015,0.00010835807188414037,1.138656534749316e-05
3c5ed61c1566350188b4f60bf764b0c5cb81335081cae7af283ed12436330e56,Flan-T5,Flan-T5,other,unified_chip2/102842,0.004299072548747063,0.9722810983657837,0.02341987006366253
3c5ed61c1566350188b4f60bf764b0c5cb81335081cae7af283ed12436330e56,ChatGLM,ChatGLM,other,unified_chip2/102842,0.9990270137786865,0.0001423619978595525,0.0008307280368171632
3c5ed61c1566350188b4f60bf764b0c5cb81335081cae7af283ed12436330e56,MPT,MPT,other,unified_chip2/102842,1.0837651643669233e-05,1.173833788925549e-05,0.9999774694442749
a45f472ab040681e7f10006d8d1c5b768950d99b57fd068ccbffbe739011e323,Flan-T5,Flan-T5,other,unified_chip2/48229,0.1468030959367752,0.8521541357040405,0.001042763004079461
a45f472ab040681e7f10006d8d1c5b768950d99b57fd068ccbffbe739011e323,MPT,MPT,other,unified_chip2/48229,4.49827712145634e-05,2.3249383957590908e-05,0.999931812286377
a45f472ab040681e7f10006d8d1c5b768950d99b57fd068ccbffbe739011e323,ChatGLM,ChatGLM,other,unified_chip2/48229,0.99491947889328,0.0020654804538935423,0.0030149933882057667
e318fb30d5ec12ca7bb7a3282fc111b369f1f8ea9ed6004910112eed3a4ee7ae,Flan-T5,Flan-T5,other,dolly_15k/brainstorming/1051,0.032314665615558624,0.9493749737739563,0.018310315907001495
e318fb30d5ec12ca7bb7a3282fc111b369f1f8ea9ed6004910112eed3a4ee7ae,MPT,MPT,other,dolly_15k/brainstorming/1051,5.3430834668688476e-05,1.5892038618403603e-06,0.9999450445175171
e318fb30d5ec12ca7bb7a3282fc111b369f1f8ea9ed6004910112eed3a4ee7ae,ChatGLM,ChatGLM,other,dolly_15k/brainstorming/1051,0.9889484643936157,0.0017732389969751239,0.009278366342186928
59a7e5785b4e21c6e9d7981295e3aebe09db3852bf9ce0930db612aeb929581d,ChatGLM,ChatGLM,other,unified_chip2/105030,0.9783329367637634,0.019990582019090652,0.0016765244072303176
59a7e5785b4e21c6e9d7981295e3aebe09db3852bf9ce0930db612aeb929581d,MPT,MPT,other,unified_chip2/105030,0.000974208815023303,0.0005583574529737234,0.9984673857688904
59a7e5785b4e21c6e9d7981295e3aebe09db3852bf9ce0930db612aeb929581d,Flan-T5,Flan-T5,other,unified_chip2/105030,0.006114088464528322,0.9921028017997742,0.0017831427976489067
ab2ec1c1010f2582e7ee2cf06ef24a043c4bc1735c22e992313ae0e1e21105e9,ChatGLM,ChatGLM,other,unified_chip2/15836,0.9982643723487854,0.001715581165626645,2.009655872825533e-05
ab2ec1c1010f2582e7ee2cf06ef24a043c4bc1735c22e992313ae0e1e21105e9,MPT,MPT,other,unified_chip2/15836,2.402752943453379e-05,1.669595621933695e-05,0.9999592304229736
ab2ec1c1010f2582e7ee2cf06ef24a043c4bc1735c22e992313ae0e1e21105e9,Flan-T5,Flan-T5,other,unified_chip2/15836,0.009683714248239994,0.9891381859779358,0.0011780594941228628
8cff8f6f708dbdbdc268aa4eb6fdfd89b627a7ef31c7f0f632f7336601dfb10c,Flan-T5,ChatGLM,other,unified_chip2/98780,0.5879884362220764,0.41190025210380554,0.00011123465083073825
8cff8f6f708dbdbdc268aa4eb6fdfd89b627a7ef31c7f0f632f7336601dfb10c,MPT,MPT,other,unified_chip2/98780,0.0037630810402333736,2.5627255126892123e-06,0.9962343573570251
8cff8f6f708dbdbdc268aa4eb6fdfd89b627a7ef31c7f0f632f7336601dfb10c,ChatGLM,ChatGLM,other,unified_chip2/98780,0.9995953440666199,0.00019977371266577393,0.0002048412716249004
83d14de127cf7de13a0c138526bf5e04799a1f98236656a577dda1df51066454,MPT,MPT,other,unified_chip2/58899,0.08071593195199966,0.00036065178574062884,0.9189234972000122
83d14de127cf7de13a0c138526bf5e04799a1f98236656a577dda1df51066454,ChatGLM,ChatGLM,other,unified_chip2/58899,0.9890660047531128,6.7058699642075226e-06,0.010927245952188969
83d14de127cf7de13a0c138526bf5e04799a1f98236656a577dda1df51066454,Flan-T5,Flan-T5,other,unified_chip2/58899,0.014060383662581444,0.9694223999977112,0.016517233103513718
ecc3c771c0526da54b85060ce01cf73f61f64a6d7460fd9446d5517a56419ff8,Flan-T5,Flan-T5,other,unified_chip2/10842,0.03894960880279541,0.9602586030960083,0.0007917548646219075
ecc3c771c0526da54b85060ce01cf73f61f64a6d7460fd9446d5517a56419ff8,MPT,ChatGLM,other,unified_chip2/10842,0.9923872947692871,0.0011526932939887047,0.006459983065724373
ecc3c771c0526da54b85060ce01cf73f61f64a6d7460fd9446d5517a56419ff8,ChatGLM,ChatGLM,other,unified_chip2/10842,0.9991695880889893,0.00073424750007689,9.628788393456489e-05
206f95c3a0e1e1bdb720a420eea5f72ec102c7f1b723a9aea06d558f361e25e2,ChatGLM,ChatGLM,other,unified_chip2/9101,0.9967683553695679,0.0011457540094852448,0.0020859490614384413
206f95c3a0e1e1bdb720a420eea5f72ec102c7f1b723a9aea06d558f361e25e2,Flan-T5,Flan-T5,other,unified_chip2/9101,0.022138988599181175,0.9775781631469727,0.00028288966859690845
206f95c3a0e1e1bdb720a420eea5f72ec102c7f1b723a9aea06d558f361e25e2,MPT,MPT,other,unified_chip2/9101,0.00033891209750436246,2.991697510879021e-05,0.9996311664581299
d1d7a80481ffdf0c3f7912d1dd56774fb145333d802347aaaec25d9d10a69512,ChatGLM,ChatGLM,other,unified_chip2/100226,0.9995142221450806,0.0004464633238967508,3.93356749555096e-05
d1d7a80481ffdf0c3f7912d1dd56774fb145333d802347aaaec25d9d10a69512,MPT,MPT,other,unified_chip2/100226,0.0035033326130360365,0.0010929590789601207,0.9954036474227905
d1d7a80481ffdf0c3f7912d1dd56774fb145333d802347aaaec25d9d10a69512,Flan-T5,Flan-T5,other,unified_chip2/100226,0.0005323361838236451,0.999126136302948,0.0003415477694943547
8a4f0051e7c606b33e724d1dab348eb37321a060c75226f5f539336dd081f3df,ChatGLM,ChatGLM,other,unified_chip2/152484,0.9987271428108215,0.0012600976042449474,1.275637714570621e-05
8a4f0051e7c606b33e724d1dab348eb37321a060c75226f5f539336dd081f3df,MPT,MPT,other,unified_chip2/152484,0.04971131309866905,9.241900443157647e-06,0.9502794742584229
8a4f0051e7c606b33e724d1dab348eb37321a060c75226f5f539336dd081f3df,Flan-T5,Flan-T5,other,unified_chip2/152484,0.0005323361838236451,0.999126136302948,0.0003415477694943547
ef574bc22ff77b66283718cc0475989b87b4238ecde73492a01570730e795614,MPT,MPT,other,unified_chip2/111129,0.026835564523935318,0.00032101853867061436,0.9728434085845947
ef574bc22ff77b66283718cc0475989b87b4238ecde73492a01570730e795614,ChatGLM,ChatGLM,other,unified_chip2/111129,0.9982612729072571,0.00172889931127429,9.856496944848914e-06
ef574bc22ff77b66283718cc0475989b87b4238ecde73492a01570730e795614,Flan-T5,Flan-T5,other,unified_chip2/111129,0.007562055718153715,0.9896988272666931,0.0027391177136451006
0d1e72d8f1999ef7c0f4713145728234b7e481428b4c437ae9c3c5a3c2896597,MPT,MPT,other,unified_chip2/87105,8.156921830959618e-05,4.147341678617522e-05,0.9998769760131836
0d1e72d8f1999ef7c0f4713145728234b7e481428b4c437ae9c3c5a3c2896597,ChatGLM,ChatGLM,other,unified_chip2/87105,0.9972383975982666,2.5172460027533816e-06,0.002759060822427273
0d1e72d8f1999ef7c0f4713145728234b7e481428b4c437ae9c3c5a3c2896597,Flan-T5,Flan-T5,other,unified_chip2/87105,0.0028272385243326426,0.9969688057899475,0.00020396994659677148
cb0a44238d66c13eef908f65e6461deeafc3a9e369edd704cb2e904e8d341176,MPT,MPT,other,unified_chip2/155846,9.589461114956066e-05,5.550549758481793e-06,0.9998984336853027
cb0a44238d66c13eef908f65e6461deeafc3a9e369edd704cb2e904e8d341176,Flan-T5,ChatGLM,other,unified_chip2/155846,0.8862854242324829,0.11047878116369247,0.0032358444295823574
cb0a44238d66c13eef908f65e6461deeafc3a9e369edd704cb2e904e8d341176,ChatGLM,ChatGLM,other,unified_chip2/155846,0.7293105125427246,0.00016902692732401192,0.27052050828933716
e684edff7bdbb9334eb2ceaccb1bc50201cf3a3bf69eff12b930e9758542fb09,ChatGLM,ChatGLM,writing,unified_chip2/146154,0.9999152421951294,5.42056659469381e-05,3.0503484595101327e-05
e684edff7bdbb9334eb2ceaccb1bc50201cf3a3bf69eff12b930e9758542fb09,MPT,MPT,writing,unified_chip2/146154,0.0003930367238353938,3.7387246266007423e-05,0.9995695948600769
e684edff7bdbb9334eb2ceaccb1bc50201cf3a3bf69eff12b930e9758542fb09,Flan-T5,Flan-T5,writing,unified_chip2/146154,0.0023628186900168657,0.9971165657043457,0.0005205885390751064
33f5dceeeaff0f27ff576504143395e7ae9cd41642e3e3184c6caa099fd4c5d8,MPT,MPT,other,unified_chip2/65925,9.353193308925256e-05,1.6500993297086097e-05,0.9998899698257446
33f5dceeeaff0f27ff576504143395e7ae9cd41642e3e3184c6caa099fd4c5d8,Flan-T5,Flan-T5,other,unified_chip2/65925,0.020863959565758705,0.9782298803329468,0.000906141591258347
33f5dceeeaff0f27ff576504143395e7ae9cd41642e3e3184c6caa099fd4c5d8,ChatGLM,ChatGLM,other,unified_chip2/65925,0.9999083280563354,8.036403596634045e-05,1.1311264643154573e-05
20c2e4ace359ad515467820c145365066200f78ea10f99e78da9148a764ad80e,Flan-T5,Flan-T5,other,dolly_15k/classification/1988,0.0119931660592556,0.9825016856193542,0.005505203735083342
20c2e4ace359ad515467820c145365066200f78ea10f99e78da9148a764ad80e,ChatGLM,ChatGLM,other,dolly_15k/classification/1988,0.8456490635871887,0.00037295560468919575,0.15397793054580688
20c2e4ace359ad515467820c145365066200f78ea10f99e78da9148a764ad80e,MPT,MPT,other,dolly_15k/classification/1988,0.04565146192908287,0.009338718838989735,0.9450098872184753
3c3d8cfb6ddc6d9229b2e3e636546706fd68127df373ab6e97218d3073c1ab71,Flan-T5,Flan-T5,other,unified_chip2/92153,0.0009259789367206395,0.998892605304718,0.00018144756904803216
3c3d8cfb6ddc6d9229b2e3e636546706fd68127df373ab6e97218d3073c1ab71,MPT,MPT,other,unified_chip2/92153,0.00023482232063543051,1.2710836926999036e-05,0.9997524619102478
3c3d8cfb6ddc6d9229b2e3e636546706fd68127df373ab6e97218d3073c1ab71,ChatGLM,ChatGLM,other,unified_chip2/92153,0.9995868802070618,4.191162588540465e-06,0.0004089064314030111
df898abfc136ce161c3460d1ca3979c7b4453ce68705cd62753b90b6f4526824,MPT,MPT,other,unified_chip2/62452,0.004051359370350838,0.0012835643719881773,0.9946650266647339
df898abfc136ce161c3460d1ca3979c7b4453ce68705cd62753b90b6f4526824,Flan-T5,Flan-T5,other,unified_chip2/62452,0.0017954360228031874,0.9981244206428528,8.015566709218547e-05
df898abfc136ce161c3460d1ca3979c7b4453ce68705cd62753b90b6f4526824,ChatGLM,ChatGLM,other,unified_chip2/62452,0.999764621257782,1.0391777323093265e-05,0.00022497317695524544
431b8a5340f2b8880b44ac685cc8694fc12ec8954d905aa60e639df90e07f0f9,MPT,MPT,other,dolly_15k/open_qa/1961,0.0016472595743834972,1.9440423670857854e-07,0.9983525276184082
431b8a5340f2b8880b44ac685cc8694fc12ec8954d905aa60e639df90e07f0f9,Flan-T5,Flan-T5,other,dolly_15k/open_qa/1961,0.027370626106858253,0.9723954796791077,0.00023388968838844448
431b8a5340f2b8880b44ac685cc8694fc12ec8954d905aa60e639df90e07f0f9,ChatGLM,ChatGLM,other,dolly_15k/open_qa/1961,0.9888851642608643,0.009513425640761852,0.0016014714492484927
819f5b573fe9fa6a7b1e353531d18ff39a0c6f914d17dfd6ba808ef1674b8a66,Flan-T5,Flan-T5,other,unified_chip2/66913,0.007178945932537317,0.9925750494003296,0.0002460723917465657
819f5b573fe9fa6a7b1e353531d18ff39a0c6f914d17dfd6ba808ef1674b8a66,ChatGLM,ChatGLM,other,unified_chip2/66913,0.9996119141578674,0.00028588995337486267,0.00010221406409982592
819f5b573fe9fa6a7b1e353531d18ff39a0c6f914d17dfd6ba808ef1674b8a66,MPT,MPT,other,unified_chip2/66913,0.0005422160029411316,0.00020536397641990334,0.9992523789405823
2838ba6622fa22bd8b89450b255669875e42d9e40713d7adde3fe6d05574a827,Flan-T5,Flan-T5,other,dolly_15k/brainstorming/637,0.04486403986811638,0.9509250521659851,0.004210970364511013
2838ba6622fa22bd8b89450b255669875e42d9e40713d7adde3fe6d05574a827,ChatGLM,ChatGLM,other,dolly_15k/brainstorming/637,0.9611197710037231,0.0005487422458827496,0.0383315235376358
2838ba6622fa22bd8b89450b255669875e42d9e40713d7adde3fe6d05574a827,MPT,MPT,other,dolly_15k/brainstorming/637,6.182215292938054e-05,4.747435923491139e-06,0.9999333620071411
b668bea33cbf14c566a8b4b0ecf0f7ed051ca9169f1bb0efb32bfded29396abb,ChatGLM,ChatGLM,other,unified_chip2/149994,0.9997116923332214,0.0002598889695946127,2.8319540433585644e-05
b668bea33cbf14c566a8b4b0ecf0f7ed051ca9169f1bb0efb32bfded29396abb,MPT,MPT,other,unified_chip2/149994,0.3827863037586212,0.0029037457425147295,0.6143099069595337
b668bea33cbf14c566a8b4b0ecf0f7ed051ca9169f1bb0efb32bfded29396abb,Flan-T5,Flan-T5,other,unified_chip2/149994,0.0008178934222087264,0.9989270567893982,0.00025500491028651595
90cf410295f314d7ea2c67bdb37b0e07b445dc276e5785ac17e1ace734c42a1c,ChatGLM,ChatGLM,other,unified_chip2/28985,0.9962879419326782,4.062681455252459e-06,0.0037080429028719664
90cf410295f314d7ea2c67bdb37b0e07b445dc276e5785ac17e1ace734c42a1c,Flan-T5,Flan-T5,other,unified_chip2/28985,0.00732430862262845,0.9903134107589722,0.0023623548913747072
90cf410295f314d7ea2c67bdb37b0e07b445dc276e5785ac17e1ace734c42a1c,MPT,MPT,other,unified_chip2/28985,1.3538709026761353e-05,5.005225830245763e-06,0.9999814033508301
7e50ff1ad5a3009329bb32c3bc5459659cfa0d7d684253ee27f4677b9c461d1e,MPT,MPT,other,unified_chip2/132249,0.00023057097860146314,1.540459152238327e-06,0.9997678399085999
7e50ff1ad5a3009329bb32c3bc5459659cfa0d7d684253ee27f4677b9c461d1e,ChatGLM,ChatGLM,other,unified_chip2/132249,0.9998157620429993,0.00017319968901574612,1.1041833204217255e-05
7e50ff1ad5a3009329bb32c3bc5459659cfa0d7d684253ee27f4677b9c461d1e,Flan-T5,Flan-T5,other,unified_chip2/132249,0.009683714248239994,0.9891381859779358,0.0011780594941228628
955f90a6b55354932149a5507c58f86c2042314f1804d2a3b9edea3cbdba3758,MPT,MPT,other,unified_chip2/4756,0.0006135906442068517,0.0007297946722246706,0.9986566305160522
955f90a6b55354932149a5507c58f86c2042314f1804d2a3b9edea3cbdba3758,Flan-T5,Flan-T5,other,unified_chip2/4756,0.11416416615247726,0.8855960965156555,0.0002397150528850034
955f90a6b55354932149a5507c58f86c2042314f1804d2a3b9edea3cbdba3758,ChatGLM,ChatGLM,other,unified_chip2/4756,0.9992266893386841,8.329517004312947e-05,0.0006900912849232554
d9d0eab7d4fe4c22744f9675071b2b79791200f4a8fe39cfee2ab07a755162f5,Flan-T5,Flan-T5,other,unified_chip2/106866,0.02488533779978752,0.975045382976532,6.932646647328511e-05
d9d0eab7d4fe4c22744f9675071b2b79791200f4a8fe39cfee2ab07a755162f5,MPT,MPT,other,unified_chip2/106866,0.00033546151826158166,5.873699251424114e-07,0.9996639490127563
d9d0eab7d4fe4c22744f9675071b2b79791200f4a8fe39cfee2ab07a755162f5,ChatGLM,ChatGLM,other,unified_chip2/106866,0.9999333620071411,5.792404044768773e-05,8.653218174003996e-06
c784145820312e30669c53ea24d57decdbd648dc00cd9cb389aee0cc6e8dda00,MPT,MPT,other,unified_chip2/46225,2.8997841582167894e-05,2.7408916594140464e-06,0.9999682903289795
c784145820312e30669c53ea24d57decdbd648dc00cd9cb389aee0cc6e8dda00,ChatGLM,ChatGLM,other,unified_chip2/46225,0.9992715716362,0.0007185408612713218,9.897694326355122e-06
c784145820312e30669c53ea24d57decdbd648dc00cd9cb389aee0cc6e8dda00,Flan-T5,Flan-T5,other,unified_chip2/46225,0.009683714248239994,0.9891381859779358,0.0011780594941228628
8806cfafd4dc1dffa9eafe8a4dfeb42a5c0fae2514a38e736593868b286e0360,ChatGLM,ChatGLM,other,unified_chip2/20972,0.992693305015564,0.0004689493216574192,0.006837718188762665
8806cfafd4dc1dffa9eafe8a4dfeb42a5c0fae2514a38e736593868b286e0360,Flan-T5,Flan-T5,other,unified_chip2/20972,0.01998366229236126,0.9799385070800781,7.777038990752771e-05
8806cfafd4dc1dffa9eafe8a4dfeb42a5c0fae2514a38e736593868b286e0360,MPT,MPT,other,unified_chip2/20972,1.1617640666372608e-05,3.957942681154236e-06,0.9999845027923584
672d03cf848f7e5e523d5c5ef15206dd9fb339d6e104e0332f6dc7bf3ae8783c,MPT,ChatGLM,other,dolly_15k/summarization/280,0.984495222568512,0.01295093260705471,0.0025538867339491844
672d03cf848f7e5e523d5c5ef15206dd9fb339d6e104e0332f6dc7bf3ae8783c,Flan-T5,Flan-T5,other,dolly_15k/summarization/280,0.004611646756529808,0.9951879978179932,0.00020028046856168658
672d03cf848f7e5e523d5c5ef15206dd9fb339d6e104e0332f6dc7bf3ae8783c,ChatGLM,ChatGLM,other,dolly_15k/summarization/280,0.9987677335739136,0.0012046960182487965,2.75796319328947e-05
1925c5b08e75a3b20cd1c89ca0232f0c832e7abf5e419b02291c72878b4df7ef,MPT,MPT,other,unified_chip2/12125,0.030987439677119255,0.003525098320096731,0.9654874801635742
1925c5b08e75a3b20cd1c89ca0232f0c832e7abf5e419b02291c72878b4df7ef,ChatGLM,ChatGLM,other,unified_chip2/12125,0.9992577433586121,0.0007215330260805786,2.072719689749647e-05
1925c5b08e75a3b20cd1c89ca0232f0c832e7abf5e419b02291c72878b4df7ef,Flan-T5,Flan-T5,other,unified_chip2/12125,0.014712599106132984,0.984035313129425,0.0012520923046395183
e54d01fc47051e46a3383ecfcb478c67902cbf633d96739289f9bd251e4f96aa,MPT,MPT,other,unified_chip2/21299,2.0942272385582328e-05,3.0126070669211913e-06,0.9999760389328003
e54d01fc47051e46a3383ecfcb478c67902cbf633d96739289f9bd251e4f96aa,Flan-T5,Flan-T5,other,unified_chip2/21299,0.006306803785264492,0.9934915900230408,0.00020152873184997588
e54d01fc47051e46a3383ecfcb478c67902cbf633d96739289f9bd251e4f96aa,ChatGLM,ChatGLM,other,unified_chip2/21299,0.9992455244064331,0.00027967742062173784,0.0004747993079945445
8cdaead4f7f1dfbd4cfa04fc65c0c9207f5ffa3c725feceb1f8cb3d182c6d9b8,MPT,MPT,other,unified_chip2/111336,4.257260661688633e-05,7.175607606768608e-05,0.9998856782913208
8cdaead4f7f1dfbd4cfa04fc65c0c9207f5ffa3c725feceb1f8cb3d182c6d9b8,ChatGLM,ChatGLM,other,unified_chip2/111336,0.9992364645004272,0.0002942366118077189,0.00046933264820836484
8cdaead4f7f1dfbd4cfa04fc65c0c9207f5ffa3c725feceb1f8cb3d182c6d9b8,Flan-T5,ChatGLM,other,unified_chip2/111336,0.8456623554229736,0.06697665899991989,0.08736089617013931
163c8331b25e31b2ac60f9ade481365b297be53b6b693c3c1d3b4947762b0129,MPT,MPT,other,unified_chip2/54845,7.319715950870886e-05,2.0132463760091923e-05,0.9999066591262817
163c8331b25e31b2ac60f9ade481365b297be53b6b693c3c1d3b4947762b0129,ChatGLM,ChatGLM,other,unified_chip2/54845,0.9984184503555298,0.0015622039791196585,1.9348688510945067e-05
163c8331b25e31b2ac60f9ade481365b297be53b6b693c3c1d3b4947762b0129,Flan-T5,Flan-T5,other,unified_chip2/54845,0.0033021860290318727,0.9963567852973938,0.0003410571371205151
cbf78133e159ab5a1e011c5687e881b2b30d24aeef445d6bf9f2f70312b87f9c,Flan-T5,Flan-T5,other,unified_chip2/70101,0.0017552452627569437,0.9980872273445129,0.0001575419446453452
cbf78133e159ab5a1e011c5687e881b2b30d24aeef445d6bf9f2f70312b87f9c,MPT,MPT,other,unified_chip2/70101,4.7437344619538635e-05,8.254655767814256e-06,0.9999443292617798
cbf78133e159ab5a1e011c5687e881b2b30d24aeef445d6bf9f2f70312b87f9c,ChatGLM,ChatGLM,other,unified_chip2/70101,0.99960857629776,0.0003861613222397864,5.252424671198241e-06
caa38c3c2c4d4ec001f7d616533ff1d366e7a9a876cfa428367b87f7d1648899,ChatGLM,ChatGLM,other,unified_chip2/58109,0.9992148876190186,0.0005168503266759217,0.0002683047205209732
caa38c3c2c4d4ec001f7d616533ff1d366e7a9a876cfa428367b87f7d1648899,MPT,MPT,other,unified_chip2/58109,0.0006069804658181965,6.892882993270177e-06,0.9993860721588135
caa38c3c2c4d4ec001f7d616533ff1d366e7a9a876cfa428367b87f7d1648899,Flan-T5,Flan-T5,other,unified_chip2/58109,0.005939176771789789,0.9868660569190979,0.007194750476628542
d1556a7b3a13f1f200f70441daa08299a6eddc8e1ab11e8b76261a30673d174d,MPT,MPT,other,unified_chip2/56909,0.0006551318801939487,0.00018364297284279019,0.9991612434387207
d1556a7b3a13f1f200f70441daa08299a6eddc8e1ab11e8b76261a30673d174d,ChatGLM,ChatGLM,other,unified_chip2/56909,0.991376519203186,0.007898415438830853,0.0007250516209751368
d1556a7b3a13f1f200f70441daa08299a6eddc8e1ab11e8b76261a30673d174d,Flan-T5,ChatGLM,other,unified_chip2/56909,0.5596053004264832,0.43973031640052795,0.0006643413798883557
f8ea04cab8eaba864254837f0fb9914feb7affacf4c296e852eb7d9c42b29f3a,MPT,MPT,other,unified_chip2/37868,0.26219505071640015,0.0002535995445214212,0.7375513911247253
f8ea04cab8eaba864254837f0fb9914feb7affacf4c296e852eb7d9c42b29f3a,Flan-T5,Flan-T5,other,unified_chip2/37868,0.007104014046490192,0.9927443265914917,0.0001516885677119717
f8ea04cab8eaba864254837f0fb9914feb7affacf4c296e852eb7d9c42b29f3a,ChatGLM,ChatGLM,other,unified_chip2/37868,0.999640941619873,7.941789226606488e-05,0.0002796576591208577
394cd1cd69292b8e950fed5c24d8ea621744bced5e6e90f48d3883ed0492be82,Flan-T5,Flan-T5,other,unified_chip2/148760,0.001729318406432867,0.9955604076385498,0.0027103046886622906
394cd1cd69292b8e950fed5c24d8ea621744bced5e6e90f48d3883ed0492be82,MPT,MPT,other,unified_chip2/148760,5.215617784415372e-05,3.950194695789833e-06,0.9999438524246216
394cd1cd69292b8e950fed5c24d8ea621744bced5e6e90f48d3883ed0492be82,ChatGLM,ChatGLM,other,unified_chip2/148760,0.9993863105773926,6.944312917767093e-05,0.0005442013498395681
0e5fb98cb02b83b4e7674fb69b4d38c8b83bb380b242f4421f4c0eeb92894ddc,MPT,MPT,other,unified_chip2/159845,0.016107017174363136,5.857964788447134e-05,0.9838343858718872
0e5fb98cb02b83b4e7674fb69b4d38c8b83bb380b242f4421f4c0eeb92894ddc,Flan-T5,Flan-T5,other,unified_chip2/159845,0.03025365248322487,0.9663290977478027,0.0034172669984400272
0e5fb98cb02b83b4e7674fb69b4d38c8b83bb380b242f4421f4c0eeb92894ddc,ChatGLM,ChatGLM,other,unified_chip2/159845,0.9998759031295776,0.00011397658818168566,1.0081316759169567e-05
b347756f4425e9bbcd04f129f64f77cf33e0e3d82806246fc5170782abe317fb,ChatGLM,ChatGLM,other,unified_chip2/74770,0.9997555613517761,0.0002414769260212779,2.9255456865939777e-06
b347756f4425e9bbcd04f129f64f77cf33e0e3d82806246fc5170782abe317fb,Flan-T5,Flan-T5,other,unified_chip2/74770,0.026756301522254944,0.9724828600883484,0.000760852184612304
b347756f4425e9bbcd04f129f64f77cf33e0e3d82806246fc5170782abe317fb,MPT,MPT,other,unified_chip2/74770,0.00021704759274143726,3.336430017952807e-05,0.9997496008872986
4c5180cf5be0bb2176c69991f05e89d8a276dfeeaa44b377b84cbe3c1793a8b5,MPT,MPT,other,unified_chip2/155831,6.154528819024563e-05,4.589463060256094e-06,0.9999338388442993
4c5180cf5be0bb2176c69991f05e89d8a276dfeeaa44b377b84cbe3c1793a8b5,Flan-T5,Flan-T5,other,unified_chip2/155831,0.0014094272628426552,0.9961256384849548,0.002464898396283388
4c5180cf5be0bb2176c69991f05e89d8a276dfeeaa44b377b84cbe3c1793a8b5,ChatGLM,ChatGLM,other,unified_chip2/155831,0.9931408762931824,0.00014317574095912278,0.006716002710163593
3268a72b5129e4f44e1e35cad784af5506ebc2849591a64eb28ed5c77f5d9ab1,MPT,MPT,other,unified_chip2/62286,0.00014296051813289523,0.0002542317961342633,0.9996028542518616
3268a72b5129e4f44e1e35cad784af5506ebc2849591a64eb28ed5c77f5d9ab1,Flan-T5,Flan-T5,other,unified_chip2/62286,0.002976283198222518,0.9969995021820068,2.4237437173724174e-05
3268a72b5129e4f44e1e35cad784af5506ebc2849591a64eb28ed5c77f5d9ab1,ChatGLM,ChatGLM,other,unified_chip2/62286,0.9959308505058289,4.005202208645642e-05,0.004029196221381426
c43bd07664a6482bf29b565326e1a38e4b099a17bda90e371ec5f8041b6f8877,MPT,MPT,other,unified_chip2/63240,0.001107150805182755,0.0003394302329979837,0.998553454875946
c43bd07664a6482bf29b565326e1a38e4b099a17bda90e371ec5f8041b6f8877,Flan-T5,Flan-T5,other,unified_chip2/63240,0.02135467156767845,0.978501558303833,0.00014377869956661016
c43bd07664a6482bf29b565326e1a38e4b099a17bda90e371ec5f8041b6f8877,ChatGLM,ChatGLM,other,unified_chip2/63240,0.9909459352493286,8.310862904181704e-05,0.00897093117237091
eac54a438342a91027488699fecd9202e651a8176330efc794e87a24d8502da4,ChatGLM,ChatGLM,other,unified_chip2/129954,0.9986020922660828,0.0010054224403575063,0.0003924765915144235
eac54a438342a91027488699fecd9202e651a8176330efc794e87a24d8502da4,Flan-T5,Flan-T5,other,unified_chip2/129954,0.1313209980726242,0.8668315410614014,0.0018475014949217439
eac54a438342a91027488699fecd9202e651a8176330efc794e87a24d8502da4,MPT,MPT,other,unified_chip2/129954,9.326207509730011e-05,1.745618828863371e-05,0.9998893737792969
4616a2be11e005968079e627af2c238744fb7c17e90b680a06ab99bce64e2b5b,Flan-T5,Flan-T5,other,unified_chip2/155315,0.009683714248239994,0.9891381859779358,0.0011780594941228628
4616a2be11e005968079e627af2c238744fb7c17e90b680a06ab99bce64e2b5b,MPT,MPT,other,unified_chip2/155315,0.011629996821284294,5.599219730356708e-05,0.9883140325546265
4616a2be11e005968079e627af2c238744fb7c17e90b680a06ab99bce64e2b5b,ChatGLM,ChatGLM,other,unified_chip2/155315,0.9998451471328735,0.00011661703319987282,3.826492320513353e-05
433423478019da9161016339ca0976490223c9477aaccd2eac8ff8342b9adc9a,ChatGLM,ChatGLM,other,dolly_15k/brainstorming/860,0.8345113396644592,0.040423501282930374,0.12506519258022308
433423478019da9161016339ca0976490223c9477aaccd2eac8ff8342b9adc9a,MPT,MPT,other,dolly_15k/brainstorming/860,0.34076473116874695,0.0003818348632194102,0.6588533520698547
433423478019da9161016339ca0976490223c9477aaccd2eac8ff8342b9adc9a,Flan-T5,Flan-T5,other,dolly_15k/brainstorming/860,0.009489908814430237,0.9651992917060852,0.02531077340245247
70bd43cdba67d0e8d1c89363ccf69457c6fd4e576ee1370f168bb0915f9813d7,MPT,MPT,other,unified_chip2/133683,0.0001083892275346443,1.4439009419220383e-06,0.9998902082443237
70bd43cdba67d0e8d1c89363ccf69457c6fd4e576ee1370f168bb0915f9813d7,ChatGLM,ChatGLM,other,unified_chip2/133683,0.9999351501464844,5.8916386478813365e-05,5.9815565691678785e-06
70bd43cdba67d0e8d1c89363ccf69457c6fd4e576ee1370f168bb0915f9813d7,Flan-T5,Flan-T5,other,unified_chip2/133683,0.0005323361838236451,0.999126136302948,0.0003415477694943547
07089fb9bc2a5dc2d2762dda764e81f012b7cea2c6ddf69401c779a4f1892028,MPT,MPT,other,dolly_15k/general_qa/1901,0.09303729981184006,6.034044417901896e-05,0.9069023132324219
07089fb9bc2a5dc2d2762dda764e81f012b7cea2c6ddf69401c779a4f1892028,ChatGLM,ChatGLM,other,dolly_15k/general_qa/1901,0.9970220923423767,0.0029497628565877676,2.820236113620922e-05
07089fb9bc2a5dc2d2762dda764e81f012b7cea2c6ddf69401c779a4f1892028,Flan-T5,Flan-T5,other,dolly_15k/general_qa/1901,0.017708145081996918,0.9577311277389526,0.024560706689953804
c1b71a1511c8a9d5f11a7d5ad72fc867de6141700f491fbcc502eee042150218,ChatGLM,ChatGLM,other,unified_chip2/155285,0.9999462366104126,3.2105490390677005e-05,2.1752934117102996e-05
c1b71a1511c8a9d5f11a7d5ad72fc867de6141700f491fbcc502eee042150218,Flan-T5,Flan-T5,other,unified_chip2/155285,0.0017552452627569437,0.9980872273445129,0.0001575419446453452
c1b71a1511c8a9d5f11a7d5ad72fc867de6141700f491fbcc502eee042150218,MPT,MPT,other,unified_chip2/155285,0.0010915682651102543,0.0005877928342670202,0.9983206391334534
84556d11228138d112ba142f7e66fc9b5ad9281e9e312dd2fe52f4b9484eb959,ChatGLM,ChatGLM,other,unified_chip2/63478,0.996304988861084,0.0031217748764902353,0.0005733310827054083
84556d11228138d112ba142f7e66fc9b5ad9281e9e312dd2fe52f4b9484eb959,MPT,MPT,other,unified_chip2/63478,0.0038869455456733704,0.00046977735473774374,0.9956432580947876
84556d11228138d112ba142f7e66fc9b5ad9281e9e312dd2fe52f4b9484eb959,Flan-T5,Flan-T5,other,unified_chip2/63478,0.0064734797924757,0.9931935667991638,0.0003329261962790042
8d132fdad7e9ee5e3711235f022bf20280bcae4e58ec9760a40a5ad805f4c3b7,ChatGLM,ChatGLM,other,unified_chip2/6671,0.9996566772460938,0.0003292852488812059,1.4104160072747618e-05
8d132fdad7e9ee5e3711235f022bf20280bcae4e58ec9760a40a5ad805f4c3b7,MPT,MPT,other,unified_chip2/6671,0.00014759779151063412,4.937220728606917e-05,0.9998031258583069
8d132fdad7e9ee5e3711235f022bf20280bcae4e58ec9760a40a5ad805f4c3b7,Flan-T5,Flan-T5,other,unified_chip2/6671,0.007686430122703314,0.9899897575378418,0.002323821419849992
224fb29c438db212317767b606f4c027f333bb41e8ca47fe170caee5a204fa7b,Flan-T5,Flan-T5,other,unified_chip2/40838,0.07419126480817795,0.9254505038261414,0.0003582933859433979
224fb29c438db212317767b606f4c027f333bb41e8ca47fe170caee5a204fa7b,ChatGLM,ChatGLM,other,unified_chip2/40838,0.9998031258583069,4.489322236622684e-06,0.00019233002967666835
224fb29c438db212317767b606f4c027f333bb41e8ca47fe170caee5a204fa7b,MPT,MPT,other,unified_chip2/40838,9.901174962578807e-06,4.742360943055246e-06,0.9999853372573853
8a52f9e6228d0129faafc75368f47cda4031d35a495d8eb5d897f0a6c23bc300,Flan-T5,Flan-T5,other,unified_chip2/56341,0.024844301864504814,0.9708071947097778,0.004348538815975189
8a52f9e6228d0129faafc75368f47cda4031d35a495d8eb5d897f0a6c23bc300,MPT,ChatGLM,other,unified_chip2/56341,0.9001663327217102,0.06908389925956726,0.030749712139368057
8a52f9e6228d0129faafc75368f47cda4031d35a495d8eb5d897f0a6c23bc300,ChatGLM,MPT,other,unified_chip2/56341,0.3773850202560425,7.423939678119496e-05,0.6225407123565674
3b339ba417c499e6e7b16a3957aa557162b3bd5345ab6d5ba8e8e3e9122eb169,Flan-T5,Flan-T5,other,unified_chip2/31240,0.012523531913757324,0.9872226715087891,0.0002537280379328877
3b339ba417c499e6e7b16a3957aa557162b3bd5345ab6d5ba8e8e3e9122eb169,MPT,MPT,other,unified_chip2/31240,5.336444519343786e-05,4.195057044853456e-06,0.999942421913147
3b339ba417c499e6e7b16a3957aa557162b3bd5345ab6d5ba8e8e3e9122eb169,ChatGLM,ChatGLM,other,unified_chip2/31240,0.9994522929191589,1.6908352336031385e-05,0.0005308195250108838
0ab1e5297553708a10910214ae99478b1b7a0ee23a1e386f0e6b7d57f07129b9,ChatGLM,ChatGLM,other,unified_chip2/20669,0.9925507307052612,9.277653589379042e-05,0.007356518879532814
0ab1e5297553708a10910214ae99478b1b7a0ee23a1e386f0e6b7d57f07129b9,MPT,MPT,other,unified_chip2/20669,0.00011141267896164209,4.141232238907833e-06,0.9998843669891357
0ab1e5297553708a10910214ae99478b1b7a0ee23a1e386f0e6b7d57f07129b9,Flan-T5,Flan-T5,other,unified_chip2/20669,0.010932683013379574,0.9881496429443359,0.0009176963940262794
23d8c94e0ee824d926de9be13507fafd0130978f3f5258d4b38d17255d5dafce,Flan-T5,Flan-T5,other,unified_chip2/39304,0.0017083827406167984,0.9968445301055908,0.0014470848254859447
23d8c94e0ee824d926de9be13507fafd0130978f3f5258d4b38d17255d5dafce,ChatGLM,ChatGLM,other,unified_chip2/39304,0.9737932085990906,5.684747520717792e-06,0.026201164349913597
23d8c94e0ee824d926de9be13507fafd0130978f3f5258d4b38d17255d5dafce,MPT,MPT,other,unified_chip2/39304,0.0009248664136976004,0.0003854661190416664,0.998689591884613
27b733fe04b95285ce869b3697920f1c3acc0f0cece1655ea8f5229af7cfdb43,MPT,MPT,other,unified_chip2/166,0.0005478568491525948,1.6068326658569276e-05,0.99943608045578
27b733fe04b95285ce869b3697920f1c3acc0f0cece1655ea8f5229af7cfdb43,ChatGLM,ChatGLM,other,unified_chip2/166,0.9495999217033386,0.0024334134068340063,0.04796665906906128
27b733fe04b95285ce869b3697920f1c3acc0f0cece1655ea8f5229af7cfdb43,Flan-T5,Flan-T5,other,unified_chip2/166,0.31557315587997437,0.6840062141418457,0.0004205879522487521
c3920c820b7ae117f6e61352bb30d6c22235a35c5e5601e343e2f4a7ccf92144,ChatGLM,ChatGLM,other,unified_chip2/121916,0.9997579455375671,0.00011749441182473674,0.00012450804933905602
c3920c820b7ae117f6e61352bb30d6c22235a35c5e5601e343e2f4a7ccf92144,MPT,MPT,other,unified_chip2/121916,0.00011917333904420957,8.916665137803648e-06,0.9998718500137329
c3920c820b7ae117f6e61352bb30d6c22235a35c5e5601e343e2f4a7ccf92144,Flan-T5,Flan-T5,other,unified_chip2/121916,0.0066860937513411045,0.9919438362121582,0.001370131503790617
8af101a9d839db41818fd3d34053b11dbc73936a0af25b94be1c76d02444c14e,ChatGLM,ChatGLM,other,unified_chip2/80238,0.9999891519546509,3.129115611955058e-06,7.700314199610148e-06
8af101a9d839db41818fd3d34053b11dbc73936a0af25b94be1c76d02444c14e,Flan-T5,Flan-T5,other,unified_chip2/80238,0.0514368861913681,0.9097386002540588,0.038824524730443954
8af101a9d839db41818fd3d34053b11dbc73936a0af25b94be1c76d02444c14e,MPT,MPT,other,unified_chip2/80238,6.730719906045124e-05,1.6833064364618622e-06,0.9999309778213501
a901154a5db353d1a9674997e1d14484daa8e94e5da708f3a7b50aef7fdfa93c,MPT,MPT,other,unified_chip2/9024,5.858570511918515e-05,0.00013192323967814445,0.9998094439506531
a901154a5db353d1a9674997e1d14484daa8e94e5da708f3a7b50aef7fdfa93c,ChatGLM,ChatGLM,other,unified_chip2/9024,0.9990518689155579,0.0003985633666161448,0.0005495112272910774
a901154a5db353d1a9674997e1d14484daa8e94e5da708f3a7b50aef7fdfa93c,Flan-T5,Flan-T5,other,unified_chip2/9024,0.01402105763554573,0.9859078526496887,7.104362885002047e-05
f0e2eb4cec42c1e9a06951792a10e3335cc91b04f10543b8d4fc143bfae9d0b4,MPT,MPT,other,unified_chip2/87761,3.228454079362564e-05,0.00028310497873462737,0.9996845722198486
f0e2eb4cec42c1e9a06951792a10e3335cc91b04f10543b8d4fc143bfae9d0b4,ChatGLM,ChatGLM,other,unified_chip2/87761,0.9897767305374146,0.00988653115928173,0.0003367809986229986
f0e2eb4cec42c1e9a06951792a10e3335cc91b04f10543b8d4fc143bfae9d0b4,Flan-T5,Flan-T5,other,unified_chip2/87761,0.28637245297431946,0.7135905623435974,3.7033576518297195e-05
d31a78d7a5c839a0b4599b40d3c94afb4b2e24a5ca42adafca03fafff739526a,MPT,MPT,other,unified_chip2/163532,0.006387044675648212,0.0012503592297434807,0.9923626184463501
d31a78d7a5c839a0b4599b40d3c94afb4b2e24a5ca42adafca03fafff739526a,Flan-T5,Flan-T5,other,unified_chip2/163532,0.0005323361838236451,0.999126136302948,0.0003415477694943547
d31a78d7a5c839a0b4599b40d3c94afb4b2e24a5ca42adafca03fafff739526a,ChatGLM,ChatGLM,other,unified_chip2/163532,0.9957471489906311,0.001006050151772797,0.0032469178549945354
1416e2d02b1b29b53b20f4698fcc33b2a00b33dee60e3a8a006b1b40e2a943ac,ChatGLM,ChatGLM,other,unified_chip2/82810,0.9989911913871765,0.001003123470582068,5.664604941557627e-06
1416e2d02b1b29b53b20f4698fcc33b2a00b33dee60e3a8a006b1b40e2a943ac,Flan-T5,Flan-T5,other,unified_chip2/82810,0.009683714248239994,0.9891381859779358,0.0011780594941228628
1416e2d02b1b29b53b20f4698fcc33b2a00b33dee60e3a8a006b1b40e2a943ac,MPT,MPT,other,unified_chip2/82810,0.015437576919794083,3.828791705018375e-06,0.9845585227012634
77e1827caaa501919d51c5727f646ac512126a8916da38f52b795c0bd8f11c15,Flan-T5,Flan-T5,other,unified_chip2/85890,0.005606132559478283,0.9942919015884399,0.00010201660916209221
77e1827caaa501919d51c5727f646ac512126a8916da38f52b795c0bd8f11c15,MPT,MPT,other,unified_chip2/85890,0.0007482693763449788,9.581381891621277e-05,0.9991559982299805
77e1827caaa501919d51c5727f646ac512126a8916da38f52b795c0bd8f11c15,ChatGLM,ChatGLM,other,unified_chip2/85890,0.9998414516448975,0.00013755280815530568,2.097728975058999e-05
bb5ea154742b3cbe8885d4f7438784cf5eac8fa61491ba14fd7b51a0adb214e8,MPT,MPT,other,unified_chip2/105253,0.001323225675150752,0.0006109655951149762,0.9980657696723938
bb5ea154742b3cbe8885d4f7438784cf5eac8fa61491ba14fd7b51a0adb214e8,ChatGLM,ChatGLM,other,unified_chip2/105253,0.9997143149375916,0.00026824709493666887,1.7435599147574976e-05
bb5ea154742b3cbe8885d4f7438784cf5eac8fa61491ba14fd7b51a0adb214e8,Flan-T5,Flan-T5,other,unified_chip2/105253,0.009514410980045795,0.9904429316520691,4.2618572479113936e-05
c06a11641948f78462700d6d05a12e4e4b16d5046373792eb6087f6a95514414,MPT,MPT,other,unified_chip2/57458,0.001806577667593956,6.486985512310639e-05,0.9981285929679871
c06a11641948f78462700d6d05a12e4e4b16d5046373792eb6087f6a95514414,ChatGLM,ChatGLM,other,unified_chip2/57458,0.9992077946662903,0.00047965487465262413,0.00031257851514965296
c06a11641948f78462700d6d05a12e4e4b16d5046373792eb6087f6a95514414,Flan-T5,Flan-T5,other,unified_chip2/57458,0.0009728732984513044,0.9983155727386475,0.0007115710759535432
e2bd2e8de7c1ee1d17a12617252c27b7e47b6ec60a217bd6bff1e2a19c5200f8,MPT,MPT,other,unified_chip2/81,1.4585340068151709e-05,5.789956958324183e-06,0.9999796152114868
e2bd2e8de7c1ee1d17a12617252c27b7e47b6ec60a217bd6bff1e2a19c5200f8,ChatGLM,ChatGLM,other,unified_chip2/81,0.9998419284820557,3.9616286812815815e-05,0.0001184705033665523
e2bd2e8de7c1ee1d17a12617252c27b7e47b6ec60a217bd6bff1e2a19c5200f8,Flan-T5,Flan-T5,other,unified_chip2/81,0.0017552452627569437,0.9980872273445129,0.0001575419446453452
86a67fd781fcb52686bc2ad09f078c69078f36dbc97f77b160147e537bfc8c57,Flan-T5,Flan-T5,other,unified_chip2/128023,0.0714772567152977,0.9284814596176147,4.131490277359262e-05
86a67fd781fcb52686bc2ad09f078c69078f36dbc97f77b160147e537bfc8c57,ChatGLM,ChatGLM,other,unified_chip2/128023,0.9967145919799805,0.0002412492030998692,0.0030442809220403433
86a67fd781fcb52686bc2ad09f078c69078f36dbc97f77b160147e537bfc8c57,MPT,MPT,other,unified_chip2/128023,0.00030369116575457156,0.00023080524988472462,0.9994655251502991
39916b7de42f55be21b23ea2b0c6507b9acacf652074f3ea26fd9dc70a9c8737,ChatGLM,ChatGLM,other,dolly_15k/classification/672,0.7894176244735718,0.21051019430160522,7.219749386422336e-05
39916b7de42f55be21b23ea2b0c6507b9acacf652074f3ea26fd9dc70a9c8737,MPT,MPT,other,dolly_15k/classification/672,0.005508007947355509,2.3499183953390457e-05,0.9944684505462646
39916b7de42f55be21b23ea2b0c6507b9acacf652074f3ea26fd9dc70a9c8737,Flan-T5,Flan-T5,other,dolly_15k/classification/672,0.004430396482348442,0.984187126159668,0.011382415890693665
5d5307af59b726be0b634149c72befe4840e6e162e5b61c65c185d24c7f055d7,MPT,MPT,other,dolly_15k/classification/591,0.02121482416987419,2.8208150979480706e-05,0.9787569642066956
5d5307af59b726be0b634149c72befe4840e6e162e5b61c65c185d24c7f055d7,Flan-T5,Flan-T5,other,dolly_15k/classification/591,0.04452056810259819,0.9313949942588806,0.024084489792585373
5d5307af59b726be0b634149c72befe4840e6e162e5b61c65c185d24c7f055d7,ChatGLM,ChatGLM,other,dolly_15k/classification/591,0.9953466057777405,0.00464248051866889,1.09155071186251e-05
35f68149d1ccde3ca266fd6c3ca968a3be9c5f539ae4511f680847a610d0f5b5,ChatGLM,ChatGLM,other,dolly_15k/open_qa/748,0.9998469352722168,0.00014130982162896544,1.1663752957247198e-05
35f68149d1ccde3ca266fd6c3ca968a3be9c5f539ae4511f680847a610d0f5b5,MPT,ChatGLM,other,dolly_15k/open_qa/748,0.7210653424263,1.3467193639371544e-05,0.2789211869239807
35f68149d1ccde3ca266fd6c3ca968a3be9c5f539ae4511f680847a610d0f5b5,Flan-T5,Flan-T5,other,dolly_15k/open_qa/748,0.005819586105644703,0.9915181994438171,0.0026622468139976263
f0e2024c99904b50cdc0fd758e2ea62cb47629611b93b151e1806dc350c23e15,MPT,MPT,other,unified_chip2/135496,0.007357948925346136,0.0012537194415926933,0.9913883805274963
f0e2024c99904b50cdc0fd758e2ea62cb47629611b93b151e1806dc350c23e15,Flan-T5,Flan-T5,other,unified_chip2/135496,0.0027946443296968937,0.9963447451591492,0.0008606627816334367
f0e2024c99904b50cdc0fd758e2ea62cb47629611b93b151e1806dc350c23e15,ChatGLM,ChatGLM,other,unified_chip2/135496,0.9920502305030823,2.6402080038678832e-05,0.007923389784991741
e4ce116a577746f3f4e62849abb000f0ff146f3f33315129c60f87c87876d193,MPT,MPT,other,unified_chip2/75407,8.569402416469529e-05,5.299022086546756e-05,0.9998612403869629
e4ce116a577746f3f4e62849abb000f0ff146f3f33315129c60f87c87876d193,ChatGLM,ChatGLM,other,unified_chip2/75407,0.9998387098312378,0.00013716364628635347,2.408613909210544e-05
e4ce116a577746f3f4e62849abb000f0ff146f3f33315129c60f87c87876d193,Flan-T5,Flan-T5,other,unified_chip2/75407,0.0023391791619360447,0.9972956776618958,0.0003651879960671067
12599001323923b13c8d90bad0d2e3469bf4c638ba7b0fbfa517b0e0b965194e,MPT,MPT,other,unified_chip2/77101,7.78512840042822e-05,0.00022875524882692844,0.9996933937072754
12599001323923b13c8d90bad0d2e3469bf4c638ba7b0fbfa517b0e0b965194e,Flan-T5,Flan-T5,other,unified_chip2/77101,0.00271438411436975,0.9955828785896301,0.0017027443973347545
12599001323923b13c8d90bad0d2e3469bf4c638ba7b0fbfa517b0e0b965194e,ChatGLM,ChatGLM,other,unified_chip2/77101,0.9983564019203186,0.0011834859615191817,0.0004600583924911916
e07bdc5e21e5bb449c1b70daed9a22d1569ea9e472fe04bb4b1bae1875f06758,ChatGLM,ChatGLM,other,unified_chip2/13149,0.9984265565872192,0.0015486113261431456,2.4934965040301904e-05
e07bdc5e21e5bb449c1b70daed9a22d1569ea9e472fe04bb4b1bae1875f06758,MPT,MPT,other,unified_chip2/13149,0.001018187147565186,0.00013911904534325004,0.998842716217041
e07bdc5e21e5bb449c1b70daed9a22d1569ea9e472fe04bb4b1bae1875f06758,Flan-T5,ChatGLM,other,unified_chip2/13149,0.8285027742385864,0.17037320137023926,0.0011240161256864667
8b90778f6668f75a6c90b996b5045ee742c758afea2a4e3888ac418d3d109644,ChatGLM,ChatGLM,other,unified_chip2/108246,0.9973809123039246,0.0025992728769779205,1.9713337678695098e-05
8b90778f6668f75a6c90b996b5045ee742c758afea2a4e3888ac418d3d109644,MPT,MPT,other,unified_chip2/108246,0.0002933516225311905,3.690567973535508e-05,0.9996696710586548
8b90778f6668f75a6c90b996b5045ee742c758afea2a4e3888ac418d3d109644,Flan-T5,Flan-T5,other,unified_chip2/108246,0.00885902438312769,0.9849337935447693,0.00620722072198987
1b274dcca34185a47039ddd0e72f9750000a5e5f3d3f14b537bbb61d48612dca,ChatGLM,ChatGLM,other,unified_chip2/98629,0.9990416169166565,4.535616244538687e-05,0.0009129371610470116
1b274dcca34185a47039ddd0e72f9750000a5e5f3d3f14b537bbb61d48612dca,MPT,MPT,other,unified_chip2/98629,0.00030355644412338734,0.00034264070563949645,0.99935382604599
1b274dcca34185a47039ddd0e72f9750000a5e5f3d3f14b537bbb61d48612dca,Flan-T5,Flan-T5,other,unified_chip2/98629,0.004017616622149944,0.9923977255821228,0.0035846277605742216
486aefcd1cac1570d6d34b4f4e82db8d964978e9f12911fe5bf11eedfdf24d4e,ChatGLM,ChatGLM,other,unified_chip2/163348,0.9994595646858215,0.00040253906627185643,0.0001378125889459625
486aefcd1cac1570d6d34b4f4e82db8d964978e9f12911fe5bf11eedfdf24d4e,MPT,MPT,other,unified_chip2/163348,0.0004850474651902914,5.17962034791708e-05,0.9994631409645081
486aefcd1cac1570d6d34b4f4e82db8d964978e9f12911fe5bf11eedfdf24d4e,Flan-T5,Flan-T5,other,unified_chip2/163348,0.0012394589139148593,0.9987282156944275,3.231905066058971e-05
c245ce1c3d86679bc4c3478f51461ce5d31be1a1250a2cb0966b2413385ea35f,MPT,MPT,other,unified_chip2/126194,8.861501555657014e-05,6.511821993626654e-05,0.999846339225769
c245ce1c3d86679bc4c3478f51461ce5d31be1a1250a2cb0966b2413385ea35f,ChatGLM,ChatGLM,other,unified_chip2/126194,0.9999347925186157,4.134884147788398e-05,2.382159982516896e-05
c245ce1c3d86679bc4c3478f51461ce5d31be1a1250a2cb0966b2413385ea35f,Flan-T5,Flan-T5,other,unified_chip2/126194,0.013297171331942081,0.968612551689148,0.018090270459651947
43436295472326ec91a6a4aede120fef7e0f625cba057f4b31bb6576d0d21dad,MPT,ChatGLM,other,unified_chip2/104545,0.9994305968284607,0.00011011469177901745,0.00045930242049507797
43436295472326ec91a6a4aede120fef7e0f625cba057f4b31bb6576d0d21dad,Flan-T5,Flan-T5,other,unified_chip2/104545,0.10171546041965485,0.8272136449813843,0.07107087969779968
43436295472326ec91a6a4aede120fef7e0f625cba057f4b31bb6576d0d21dad,ChatGLM,ChatGLM,other,unified_chip2/104545,0.999360978603363,0.0004273410595487803,0.00021170213585719466
a985bf6e94ac21a378ea2972752affebac01609daf71fcb7fa1b4fc7fe5d1bee,MPT,MPT,other,unified_chip2/2092,0.0007244236767292023,0.00018523405015002936,0.9990904331207275
a985bf6e94ac21a378ea2972752affebac01609daf71fcb7fa1b4fc7fe5d1bee,Flan-T5,Flan-T5,other,unified_chip2/2092,0.007759641855955124,0.9851077198982239,0.007132683880627155
a985bf6e94ac21a378ea2972752affebac01609daf71fcb7fa1b4fc7fe5d1bee,ChatGLM,ChatGLM,other,unified_chip2/2092,0.5339450836181641,0.46524399518966675,0.0008109139744192362
fadfe4607d284a1085c2172de3b8ff2d42e4eb47299ab376db20d983ac461014,ChatGLM,ChatGLM,other,dolly_15k/brainstorming/1483,0.9908930063247681,0.0012139620957896113,0.00789305754005909
fadfe4607d284a1085c2172de3b8ff2d42e4eb47299ab376db20d983ac461014,MPT,MPT,other,dolly_15k/brainstorming/1483,0.03688010573387146,0.00011688441009027883,0.9630030393600464
fadfe4607d284a1085c2172de3b8ff2d42e4eb47299ab376db20d983ac461014,Flan-T5,Flan-T5,other,dolly_15k/brainstorming/1483,0.023280790075659752,0.9337695240974426,0.042949751019477844
1bf8b30363aa9b4214c0c0f791b9a4ec8b15b9df8df01d0f6816b62ff118f95f,ChatGLM,ChatGLM,other,unified_chip2/51710,0.6242786645889282,0.07261792570352554,0.3031034469604492
1bf8b30363aa9b4214c0c0f791b9a4ec8b15b9df8df01d0f6816b62ff118f95f,MPT,MPT,other,unified_chip2/51710,0.0016261928249150515,0.0003784029104281217,0.9979953765869141
1bf8b30363aa9b4214c0c0f791b9a4ec8b15b9df8df01d0f6816b62ff118f95f,Flan-T5,Flan-T5,other,unified_chip2/51710,0.06087324768304825,0.9186869859695435,0.02043975330889225
9f6a48db15722c8dd58eaecbebb165c6e45d11fd8945c88bd0174585266f44ef,ChatGLM,ChatGLM,other,unified_chip2/107296,0.9949508905410767,0.004449759144335985,0.0005993280792608857
9f6a48db15722c8dd58eaecbebb165c6e45d11fd8945c88bd0174585266f44ef,MPT,MPT,other,unified_chip2/107296,3.670573642011732e-05,1.18560228656861e-06,0.9999620914459229
9f6a48db15722c8dd58eaecbebb165c6e45d11fd8945c88bd0174585266f44ef,Flan-T5,Flan-T5,other,unified_chip2/107296,0.003923491574823856,0.9925602674484253,0.003516319440677762
8023791b0bc7b6f66f296b02fc8c7e0bf165c3feae79fe0f415f882f18b6afe4,Flan-T5,Flan-T5,other,dolly_15k/brainstorming/676,0.003364960430189967,0.9965001344680786,0.00013485035742633045
8023791b0bc7b6f66f296b02fc8c7e0bf165c3feae79fe0f415f882f18b6afe4,ChatGLM,ChatGLM,other,dolly_15k/brainstorming/676,0.9985547661781311,0.0011162434238940477,0.00032897276105359197
8023791b0bc7b6f66f296b02fc8c7e0bf165c3feae79fe0f415f882f18b6afe4,MPT,MPT,other,dolly_15k/brainstorming/676,0.11657095700502396,5.336973481462337e-05,0.8833757042884827
9e3b68d52a801801f2a871dff85b9c9161f7f3b61e9e501170bcafc60fc45614,ChatGLM,ChatGLM,other,unified_chip2/3352,0.9996320009231567,0.00024935888359323144,0.00011860036465805024
9e3b68d52a801801f2a871dff85b9c9161f7f3b61e9e501170bcafc60fc45614,MPT,MPT,other,unified_chip2/3352,0.002281000604853034,7.199692481663078e-05,0.9976469874382019
9e3b68d52a801801f2a871dff85b9c9161f7f3b61e9e501170bcafc60fc45614,Flan-T5,Flan-T5,other,unified_chip2/3352,0.009683714248239994,0.9891381859779358,0.0011780594941228628
c109f1c4354276576a94e756e7606cc155e75c07597fc08d8c552b0bdd5096f1,MPT,MPT,other,unified_chip2/102124,1.661576607148163e-05,3.537977590895025e-06,0.9999798536300659
c109f1c4354276576a94e756e7606cc155e75c07597fc08d8c552b0bdd5096f1,Flan-T5,Flan-T5,other,unified_chip2/102124,0.0005323361838236451,0.999126136302948,0.0003415477694943547
c109f1c4354276576a94e756e7606cc155e75c07597fc08d8c552b0bdd5096f1,ChatGLM,ChatGLM,other,unified_chip2/102124,0.9987778067588806,0.00019698907271958888,0.0010252014035359025
4da6d729797e0ebfb73323a3ef5086626f5ea58ff62cfb4f2ccdac49444dc8fc,ChatGLM,ChatGLM,other,unified_chip2/16537,0.9999656677246094,2.2291147615760565e-05,1.2057533240295015e-05
4da6d729797e0ebfb73323a3ef5086626f5ea58ff62cfb4f2ccdac49444dc8fc,Flan-T5,Flan-T5,other,unified_chip2/16537,0.038458943367004395,0.9582518935203552,0.003289119340479374
4da6d729797e0ebfb73323a3ef5086626f5ea58ff62cfb4f2ccdac49444dc8fc,MPT,MPT,other,unified_chip2/16537,0.00039101156289689243,8.377537596970797e-06,0.9996007084846497
b8206b31d96d8dd6f8d9d8bedf72db821795f601f88db8f6176a8a6f6958e9e1,Flan-T5,Flan-T5,other,unified_chip2/125769,0.005726000759750605,0.994224488735199,4.950133734382689e-05
b8206b31d96d8dd6f8d9d8bedf72db821795f601f88db8f6176a8a6f6958e9e1,ChatGLM,ChatGLM,other,unified_chip2/125769,0.8532466888427734,0.1463177651166916,0.00043553003342822194
b8206b31d96d8dd6f8d9d8bedf72db821795f601f88db8f6176a8a6f6958e9e1,MPT,MPT,other,unified_chip2/125769,0.14615917205810547,0.0025272632483392954,0.8513135313987732
48d5ad095e0fb3731664ad78d1a5c5c6b94c3e85720cf0df04453bb6b7fc2cf3,MPT,MPT,other,unified_chip2/40933,0.0002991716028191149,3.543339335010387e-05,0.9996654987335205
48d5ad095e0fb3731664ad78d1a5c5c6b94c3e85720cf0df04453bb6b7fc2cf3,Flan-T5,Flan-T5,other,unified_chip2/40933,0.0005128197954036295,0.9990614056587219,0.00042581980233080685
48d5ad095e0fb3731664ad78d1a5c5c6b94c3e85720cf0df04453bb6b7fc2cf3,ChatGLM,ChatGLM,other,unified_chip2/40933,0.9999537467956543,4.104266918147914e-05,5.2169302762195e-06
27e94cf0f0ddf43444738f57c9db72ce26bafa4f435b11ecbd349170612f02bb,Flan-T5,Flan-T5,other,unified_chip2/169,0.005845184437930584,0.9941051006317139,4.971034650225192e-05
27e94cf0f0ddf43444738f57c9db72ce26bafa4f435b11ecbd349170612f02bb,MPT,MPT,other,unified_chip2/169,1.3407272490439937e-05,2.4880902856239118e-05,0.9999617338180542
27e94cf0f0ddf43444738f57c9db72ce26bafa4f435b11ecbd349170612f02bb,ChatGLM,ChatGLM,other,unified_chip2/169,0.9938035011291504,0.005442883353680372,0.000753616273868829
d50fec40f8f824b5347f2b147345103deacc5bd1dff67894ae3622796cd39153,ChatGLM,ChatGLM,other,unified_chip2/70637,0.9999147653579712,6.082536856411025e-05,2.4380746253882535e-05
d50fec40f8f824b5347f2b147345103deacc5bd1dff67894ae3622796cd39153,MPT,MPT,other,unified_chip2/70637,0.00010700070561142638,1.4131220495983143e-06,0.9998915195465088
d50fec40f8f824b5347f2b147345103deacc5bd1dff67894ae3622796cd39153,Flan-T5,Flan-T5,other,unified_chip2/70637,0.07688827812671661,0.9230822920799255,2.9482860554708168e-05
3ebf1a921e68478f070a8694ea6d0c43a1662e604ecd7146e229e9a3f4963872,Flan-T5,Flan-T5,other,unified_chip2/158173,0.01303491834551096,0.9822715520858765,0.004693496972322464
3ebf1a921e68478f070a8694ea6d0c43a1662e604ecd7146e229e9a3f4963872,ChatGLM,ChatGLM,other,unified_chip2/158173,0.9353516697883606,0.06444229930639267,0.00020610740466509014
3ebf1a921e68478f070a8694ea6d0c43a1662e604ecd7146e229e9a3f4963872,MPT,MPT,other,unified_chip2/158173,4.98266308568418e-05,0.00011943785648327321,0.9998307228088379
d91e02457f79a973b1194b81f94e79cf4ae43c0e680d9562f55ca48820177f50,ChatGLM,ChatGLM,other,unified_chip2/91161,0.9996659755706787,0.00032807805109769106,5.963049261481501e-06
d91e02457f79a973b1194b81f94e79cf4ae43c0e680d9562f55ca48820177f50,MPT,MPT,other,unified_chip2/91161,1.114229416998569e-05,1.6744119420764036e-05,0.9999722242355347
d91e02457f79a973b1194b81f94e79cf4ae43c0e680d9562f55ca48820177f50,Flan-T5,Flan-T5,other,unified_chip2/91161,0.01317637786269188,0.9864985942840576,0.000325015775160864
fd7029708a05e87b86387d7e1eb6e93e656b2a010d570bebb86977b6221cc844,Flan-T5,Flan-T5,other,dolly_15k/open_qa/1936,0.0021981392055749893,0.98628169298172,0.011520138941705227
fd7029708a05e87b86387d7e1eb6e93e656b2a010d570bebb86977b6221cc844,ChatGLM,ChatGLM,other,dolly_15k/open_qa/1936,0.9984116554260254,0.00045504648005589843,0.0011333274887874722
fd7029708a05e87b86387d7e1eb6e93e656b2a010d570bebb86977b6221cc844,MPT,MPT,other,dolly_15k/open_qa/1936,8.610049553681165e-05,2.289723852300085e-06,0.9999116659164429
04d5604583107ec276c4ba2f9d61ca27069b391398fadf526d1bfafe0e5284e8,Flan-T5,Flan-T5,other,dolly_15k/brainstorming/151,0.18826152384281158,0.7987216114997864,0.013016880489885807
04d5604583107ec276c4ba2f9d61ca27069b391398fadf526d1bfafe0e5284e8,MPT,MPT,other,dolly_15k/brainstorming/151,0.00093459413619712,1.646977943892125e-05,0.9990490078926086
04d5604583107ec276c4ba2f9d61ca27069b391398fadf526d1bfafe0e5284e8,ChatGLM,Flan-T5,other,dolly_15k/brainstorming/151,0.02404533326625824,0.9758611917495728,9.345162834506482e-05
e3247bc61d6399bd444766c87ef271a6aed2dbb6bb67333bea6561cab0697833,Flan-T5,Flan-T5,other,unified_chip2/105956,0.0597994439303875,0.9397649765014648,0.00043558760080486536
e3247bc61d6399bd444766c87ef271a6aed2dbb6bb67333bea6561cab0697833,MPT,MPT,other,unified_chip2/105956,0.0003059481387026608,4.451414861250669e-05,0.9996495246887207
e3247bc61d6399bd444766c87ef271a6aed2dbb6bb67333bea6561cab0697833,ChatGLM,ChatGLM,other,unified_chip2/105956,0.9999085664749146,1.8904980606748722e-05,7.244270091177896e-05
9e83f079e25fb4a7e3e6812e5a8590d409838d753a397891a21a2305e63854e3,MPT,MPT,other,unified_chip2/124772,1.9049384718528017e-05,1.4214539078238886e-05,0.9999667406082153
9e83f079e25fb4a7e3e6812e5a8590d409838d753a397891a21a2305e63854e3,ChatGLM,ChatGLM,other,unified_chip2/124772,0.9994101524353027,2.277026169394958e-06,0.0005876349750906229
9e83f079e25fb4a7e3e6812e5a8590d409838d753a397891a21a2305e63854e3,Flan-T5,Flan-T5,other,unified_chip2/124772,0.04212527349591255,0.9576560258865356,0.00021868008479941636
f4f90ec613c2b2db51e59bfe7d4a9372bd6924fb42e8689a5154010a486dc710,MPT,MPT,other,unified_chip2/96631,0.002494571963325143,0.0010963997337967157,0.9964091181755066
f4f90ec613c2b2db51e59bfe7d4a9372bd6924fb42e8689a5154010a486dc710,ChatGLM,ChatGLM,other,unified_chip2/96631,0.9996987581253052,1.424095535185188e-05,0.00028713513165712357
f4f90ec613c2b2db51e59bfe7d4a9372bd6924fb42e8689a5154010a486dc710,Flan-T5,Flan-T5,other,unified_chip2/96631,0.00894136168062687,0.9903090596199036,0.0007495543104596436
be27ce8f472802300146c8746ac17f540b20f9d3e8fa647d1cab4159d8897ae6,ChatGLM,ChatGLM,other,unified_chip2/164965,0.5457926392555237,0.0023694916162639856,0.45183783769607544
be27ce8f472802300146c8746ac17f540b20f9d3e8fa647d1cab4159d8897ae6,Flan-T5,Flan-T5,other,unified_chip2/164965,0.002281433204188943,0.9968512654304504,0.0008673212141729891
be27ce8f472802300146c8746ac17f540b20f9d3e8fa647d1cab4159d8897ae6,MPT,MPT,other,unified_chip2/164965,0.0002783150121103972,0.0004679998382925987,0.9992536902427673
b06f1654336f227db47c0b5d0a021812e01696751638f45f7ae8816a8f5e9f20,MPT,MPT,other,unified_chip2/15273,0.0003011313092429191,4.8337442422052845e-05,0.9996504783630371
b06f1654336f227db47c0b5d0a021812e01696751638f45f7ae8816a8f5e9f20,Flan-T5,Flan-T5,other,unified_chip2/15273,0.010728491470217705,0.9891504645347595,0.00012103683548048139
b06f1654336f227db47c0b5d0a021812e01696751638f45f7ae8816a8f5e9f20,ChatGLM,ChatGLM,other,unified_chip2/15273,0.9995213747024536,0.0004413711139932275,3.724665293702856e-05
3cd8c4f6ba2acc2c72df2e71a54c934d3b9f787ceba926c3a828a936a6186d39,MPT,MPT,other,unified_chip2/117751,9.363982826471329e-06,1.9411995708651375e-06,0.9999886751174927
3cd8c4f6ba2acc2c72df2e71a54c934d3b9f787ceba926c3a828a936a6186d39,Flan-T5,Flan-T5,other,unified_chip2/117751,0.007553512696176767,0.9892022013664246,0.003244228195399046
3cd8c4f6ba2acc2c72df2e71a54c934d3b9f787ceba926c3a828a936a6186d39,ChatGLM,ChatGLM,other,unified_chip2/117751,0.9990699887275696,8.439288649242371e-05,0.0008455993374809623
bd5147f73f009f9c89c95f8c3a75e74ec96231cac4c82669251b542aae72e38b,ChatGLM,ChatGLM,other,unified_chip2/85617,0.9985925555229187,0.0013772291131317616,3.0216557206586003e-05
bd5147f73f009f9c89c95f8c3a75e74ec96231cac4c82669251b542aae72e38b,Flan-T5,Flan-T5,other,unified_chip2/85617,0.0004691727226600051,0.9992871880531311,0.00024368963204324245
bd5147f73f009f9c89c95f8c3a75e74ec96231cac4c82669251b542aae72e38b,MPT,MPT,other,unified_chip2/85617,0.32195624709129333,0.0011584581807255745,0.6768852472305298
88d979be1e1ea5a7f0a63d7a8c55cce7246befc682115540961ff30ba9873aed,Flan-T5,Flan-T5,other,unified_chip2/125784,0.0005323361838236451,0.999126136302948,0.0003415477694943547
88d979be1e1ea5a7f0a63d7a8c55cce7246befc682115540961ff30ba9873aed,ChatGLM,ChatGLM,other,unified_chip2/125784,0.9998880624771118,0.00010568366997176781,6.21925119048683e-06
88d979be1e1ea5a7f0a63d7a8c55cce7246befc682115540961ff30ba9873aed,MPT,MPT,other,unified_chip2/125784,0.0008702208870090544,7.891611858212855e-06,0.9991219639778137
1a89375abf0e15868abe2c03a8e8eed60d915b3a995bf5de271fb6c01b08afee,ChatGLM,ChatGLM,other,unified_chip2/52833,0.9997636675834656,0.00018915631517302245,4.717209958471358e-05
1a89375abf0e15868abe2c03a8e8eed60d915b3a995bf5de271fb6c01b08afee,Flan-T5,Flan-T5,other,unified_chip2/52833,0.0005751565331593156,0.9976034760475159,0.0018214104929938912
1a89375abf0e15868abe2c03a8e8eed60d915b3a995bf5de271fb6c01b08afee,MPT,MPT,other,unified_chip2/52833,0.00018642086070030928,4.677934157371055e-06,0.9998089671134949
7ccb494a9a99e9aff76300b85fe359c9f8251b1bd2d38ad086af3baeb9e2bf4c,MPT,MPT,other,unified_chip2/99412,0.30732157826423645,0.0011179207358509302,0.6915605664253235
7ccb494a9a99e9aff76300b85fe359c9f8251b1bd2d38ad086af3baeb9e2bf4c,ChatGLM,ChatGLM,other,unified_chip2/99412,0.9999822378158569,1.4833810382697266e-05,3.025172645720886e-06
7ccb494a9a99e9aff76300b85fe359c9f8251b1bd2d38ad086af3baeb9e2bf4c,Flan-T5,Flan-T5,other,unified_chip2/99412,0.057463280856609344,0.9405199289321899,0.0020168237388134003
77f9cada07d8db449f4b9d30d11e464342449d2d161c27cae4b2eddd2e4e7ef4,MPT,MPT,other,unified_chip2/31006,0.006858752109110355,0.004032075870782137,0.9891091585159302
77f9cada07d8db449f4b9d30d11e464342449d2d161c27cae4b2eddd2e4e7ef4,Flan-T5,Flan-T5,other,unified_chip2/31006,0.010090233758091927,0.9896765351295471,0.00023330049589276314
77f9cada07d8db449f4b9d30d11e464342449d2d161c27cae4b2eddd2e4e7ef4,ChatGLM,ChatGLM,other,unified_chip2/31006,0.9979085922241211,0.0008879133965820074,0.0012034698156639934
7718a597c8ed0722e12129c25f84f48a0a750c263916bf1e0dacfb3fc722efee,ChatGLM,ChatGLM,other,unified_chip2/150240,0.9948141574859619,0.005129446741193533,5.64256333746016e-05
7718a597c8ed0722e12129c25f84f48a0a750c263916bf1e0dacfb3fc722efee,Flan-T5,Flan-T5,other,unified_chip2/150240,0.00923719722777605,0.9880067110061646,0.002756120404228568
7718a597c8ed0722e12129c25f84f48a0a750c263916bf1e0dacfb3fc722efee,MPT,MPT,other,unified_chip2/150240,0.00031345849856734276,4.106273081561085e-07,0.9996862411499023
5245a5e19e2568eaea5429850034851aaea4ce1d0b3e2db80cd31cf157936108,Flan-T5,Flan-T5,other,unified_chip2/159799,0.2789803445339203,0.7209595441818237,6.006156399962492e-05
5245a5e19e2568eaea5429850034851aaea4ce1d0b3e2db80cd31cf157936108,MPT,MPT,other,unified_chip2/159799,1.0567699973762501e-05,8.651430221107148e-07,0.9999885559082031
5245a5e19e2568eaea5429850034851aaea4ce1d0b3e2db80cd31cf157936108,ChatGLM,ChatGLM,other,unified_chip2/159799,0.9999172687530518,4.3462081521283835e-05,3.918858419638127e-05
16aa28a8c137517ebabba9694a716b1fdbb101a70c4a9e74635c5ee6b86791f3,MPT,MPT,other,unified_chip2/112394,0.00035771363764069974,9.027027090269257e-07,0.9996412992477417
16aa28a8c137517ebabba9694a716b1fdbb101a70c4a9e74635c5ee6b86791f3,ChatGLM,ChatGLM,other,unified_chip2/112394,0.999427855014801,0.0005026113940402865,6.951519753783941e-05
16aa28a8c137517ebabba9694a716b1fdbb101a70c4a9e74635c5ee6b86791f3,Flan-T5,Flan-T5,other,unified_chip2/112394,0.0066458252258598804,0.9929267764091492,0.00042737979674711823
288282308090ff69c1f69d0856e74413a714b34a4fb41800f02d7bc8f0194d4b,ChatGLM,ChatGLM,other,unified_chip2/75900,0.8917585611343384,0.0001137775689130649,0.10812772065401077
288282308090ff69c1f69d0856e74413a714b34a4fb41800f02d7bc8f0194d4b,MPT,MPT,other,unified_chip2/75900,0.005835047923028469,2.1989601009408943e-05,0.9941429495811462
288282308090ff69c1f69d0856e74413a714b34a4fb41800f02d7bc8f0194d4b,Flan-T5,Flan-T5,other,unified_chip2/75900,0.009251095354557037,0.981849730014801,0.008899174630641937
4b7f431dea2733d716ca6e98fb89f16b7e53d9634311fcac0263a01e25ad33dd,Flan-T5,Flan-T5,other,unified_chip2/153950,0.010796191170811653,0.9871662259101868,0.0020376143511384726
4b7f431dea2733d716ca6e98fb89f16b7e53d9634311fcac0263a01e25ad33dd,MPT,MPT,other,unified_chip2/153950,9.397575922776014e-05,1.6113550373120233e-05,0.9998899698257446
4b7f431dea2733d716ca6e98fb89f16b7e53d9634311fcac0263a01e25ad33dd,ChatGLM,Flan-T5,other,unified_chip2/153950,0.08527475595474243,0.902855634689331,0.011869584210216999
a01108de8474b6a0290bb7aceccd9304afe3000b18b59f2529ca1f13b99154ca,ChatGLM,ChatGLM,other,unified_chip2/33936,0.9999675750732422,2.3504615455749445e-05,8.884479939297307e-06
a01108de8474b6a0290bb7aceccd9304afe3000b18b59f2529ca1f13b99154ca,Flan-T5,Flan-T5,other,unified_chip2/33936,0.0017552452627569437,0.9980872273445129,0.0001575419446453452
a01108de8474b6a0290bb7aceccd9304afe3000b18b59f2529ca1f13b99154ca,MPT,MPT,other,unified_chip2/33936,0.0003442700544837862,0.000551125209312886,0.9991045594215393
9238080d910b67b8bd76872db49a29aec5b2d2ab242ecce70896517790324dac,MPT,MPT,other,unified_chip2/145597,7.70764108892763e-06,9.667168342275545e-06,0.9999825954437256
9238080d910b67b8bd76872db49a29aec5b2d2ab242ecce70896517790324dac,ChatGLM,ChatGLM,other,unified_chip2/145597,0.9998618364334106,8.985434396890923e-05,4.8253281420329586e-05
9238080d910b67b8bd76872db49a29aec5b2d2ab242ecce70896517790324dac,Flan-T5,Flan-T5,other,unified_chip2/145597,0.03110453113913536,0.9687841534614563,0.00011132646613987163
e956c4ccc3a53f09dd0f9e5d1ee7db5e85e747eac79ad70e5ed44e800b9aac90,MPT,MPT,other,unified_chip2/46532,0.0009211315191350877,7.061997894197702e-05,0.9990082383155823
e956c4ccc3a53f09dd0f9e5d1ee7db5e85e747eac79ad70e5ed44e800b9aac90,Flan-T5,Flan-T5,other,unified_chip2/46532,0.0019214584026485682,0.9975342750549316,0.000544276088476181
e956c4ccc3a53f09dd0f9e5d1ee7db5e85e747eac79ad70e5ed44e800b9aac90,ChatGLM,ChatGLM,other,unified_chip2/46532,0.9994699358940125,0.00024861752172000706,0.00028148130513727665
094f8d3f3356f6fd98aab3d6ca8a478d0caf2a543f0c29ec1fccf2bd381dd49b,Flan-T5,Flan-T5,other,unified_chip2/161463,0.0016239534597843885,0.9982900023460388,8.606781921116635e-05
094f8d3f3356f6fd98aab3d6ca8a478d0caf2a543f0c29ec1fccf2bd381dd49b,ChatGLM,ChatGLM,other,unified_chip2/161463,0.6727635264396667,0.32705268263816833,0.00018385516887065023
094f8d3f3356f6fd98aab3d6ca8a478d0caf2a543f0c29ec1fccf2bd381dd49b,MPT,MPT,other,unified_chip2/161463,0.0003530901449266821,1.0633335477905348e-05,0.9996362924575806
0aa7fcd69f339ea8f8e018fbf4de98467c012acc8fe6377f8bcc912fbc42a5c1,MPT,MPT,other,unified_chip2/64837,0.0013046953827142715,4.498801354202442e-05,0.9986503720283508
0aa7fcd69f339ea8f8e018fbf4de98467c012acc8fe6377f8bcc912fbc42a5c1,ChatGLM,ChatGLM,other,unified_chip2/64837,0.9982238411903381,0.0017351608257740736,4.106997948838398e-05
0aa7fcd69f339ea8f8e018fbf4de98467c012acc8fe6377f8bcc912fbc42a5c1,Flan-T5,Flan-T5,other,unified_chip2/64837,0.014866849407553673,0.978584349155426,0.006548816338181496
21aa4b3434dabe4bf2cb11c916cfe25332e18daede6b387e65d2b0e0cfbfed28,Flan-T5,Flan-T5,other,unified_chip2/49259,0.006495918612927198,0.9934543371200562,4.9725629651220515e-05
21aa4b3434dabe4bf2cb11c916cfe25332e18daede6b387e65d2b0e0cfbfed28,MPT,MPT,other,unified_chip2/49259,7.529494178015739e-05,2.2805870685260743e-05,0.9999018907546997
21aa4b3434dabe4bf2cb11c916cfe25332e18daede6b387e65d2b0e0cfbfed28,ChatGLM,ChatGLM,other,unified_chip2/49259,0.9991268515586853,0.0001777640136424452,0.0006954485434107482
6cd0757b10523756e81743a732819723f952684c01fdd5ec6783d3d4f59cec17,Flan-T5,Flan-T5,other,unified_chip2/44461,0.12562595307826996,0.8346573114395142,0.039716701954603195
6cd0757b10523756e81743a732819723f952684c01fdd5ec6783d3d4f59cec17,ChatGLM,ChatGLM,other,unified_chip2/44461,0.9997866749763489,5.5716383940307423e-05,0.0001577108632773161
6cd0757b10523756e81743a732819723f952684c01fdd5ec6783d3d4f59cec17,MPT,MPT,other,unified_chip2/44461,0.00037151164724491537,1.0482885045348667e-05,0.9996179342269897
9155167b9f7be55ef5e5486afc2540f0bb6836dc97d26e446e9b54d3acfa7676,MPT,MPT,other,unified_chip2/85623,1.2459754543669987e-05,5.677509307133732e-07,0.9999868869781494
9155167b9f7be55ef5e5486afc2540f0bb6836dc97d26e446e9b54d3acfa7676,ChatGLM,ChatGLM,other,unified_chip2/85623,0.9904174208641052,0.00042908225441351533,0.009153519757091999
9155167b9f7be55ef5e5486afc2540f0bb6836dc97d26e446e9b54d3acfa7676,Flan-T5,Flan-T5,other,unified_chip2/85623,0.009683714248239994,0.9891381859779358,0.0011780594941228628
75d2e6f723a03ee9ac1a037c7920c8c513b811f1a71d63715a8c55255f0f0ee9,Flan-T5,Flan-T5,other,unified_chip2/46834,0.0020436840131878853,0.997780978679657,0.00017537355597596616
75d2e6f723a03ee9ac1a037c7920c8c513b811f1a71d63715a8c55255f0f0ee9,ChatGLM,ChatGLM,other,unified_chip2/46834,0.9985370635986328,1.3167414181225467e-05,0.0014497146476060152
75d2e6f723a03ee9ac1a037c7920c8c513b811f1a71d63715a8c55255f0f0ee9,MPT,MPT,other,unified_chip2/46834,4.974996409146115e-05,3.779668304559891e-06,0.9999464750289917
b0134dbbcc9a8492a77536575e791c00b1e9afe7499dffde8487f29b4dfc89d6,ChatGLM,ChatGLM,other,unified_chip2/6290,0.9998859167098999,2.665923602762632e-05,8.732161950320005e-05
b0134dbbcc9a8492a77536575e791c00b1e9afe7499dffde8487f29b4dfc89d6,MPT,MPT,other,unified_chip2/6290,4.450995402294211e-05,7.708355269642198e-07,0.9999548196792603
b0134dbbcc9a8492a77536575e791c00b1e9afe7499dffde8487f29b4dfc89d6,Flan-T5,Flan-T5,other,unified_chip2/6290,0.004622532054781914,0.9946891069412231,0.0006883464520797133
db4bc2781e1bb687470758d70812b9a5b30c2cb6f9274ea40397984c405c6f2c,ChatGLM,ChatGLM,other,unified_chip2/116752,0.9999724626541138,2.0531479094643146e-05,6.992115231696516e-06
db4bc2781e1bb687470758d70812b9a5b30c2cb6f9274ea40397984c405c6f2c,MPT,MPT,other,unified_chip2/116752,0.16775313019752502,0.0007058865739963949,0.8315410017967224
db4bc2781e1bb687470758d70812b9a5b30c2cb6f9274ea40397984c405c6f2c,Flan-T5,Flan-T5,other,unified_chip2/116752,0.0017552452627569437,0.9980872273445129,0.0001575419446453452
c6426cfe5db3b4b10a542c197aafaed976da36987196ca9a7112fe556afe0459,ChatGLM,ChatGLM,other,unified_chip2/39286,0.999835729598999,7.776809070492163e-06,0.00015654228627681732
c6426cfe5db3b4b10a542c197aafaed976da36987196ca9a7112fe556afe0459,MPT,MPT,other,unified_chip2/39286,7.85306838224642e-06,2.5973765787057346e-06,0.9999895095825195
c6426cfe5db3b4b10a542c197aafaed976da36987196ca9a7112fe556afe0459,Flan-T5,Flan-T5,other,unified_chip2/39286,0.004937129095196724,0.9950156807899475,4.7146211727522314e-05
60f072c2fd72f806f000ed1309c79e3bb1557ba4a42ac4591749c1c9a3e53046,Flan-T5,Flan-T5,other,unified_chip2/77299,0.010590890422463417,0.9885791540145874,0.000829955330118537
60f072c2fd72f806f000ed1309c79e3bb1557ba4a42ac4591749c1c9a3e53046,MPT,MPT,other,unified_chip2/77299,0.00018192408606410027,6.769863102817908e-05,0.9997504353523254
60f072c2fd72f806f000ed1309c79e3bb1557ba4a42ac4591749c1c9a3e53046,ChatGLM,ChatGLM,other,unified_chip2/77299,0.9977203011512756,0.001892148982733488,0.00038755565765313804
b19546b258d8cd85932b9c461a661a2b0bd5bef6cc13238baa3b6b060bb830b2,ChatGLM,ChatGLM,other,unified_chip2/2684,0.9963626265525818,5.598251664196141e-05,0.0035814070142805576
b19546b258d8cd85932b9c461a661a2b0bd5bef6cc13238baa3b6b060bb830b2,MPT,ChatGLM,other,unified_chip2/2684,0.6691189408302307,5.650964521919377e-05,0.3308245837688446
b19546b258d8cd85932b9c461a661a2b0bd5bef6cc13238baa3b6b060bb830b2,Flan-T5,Flan-T5,other,unified_chip2/2684,0.036935724318027496,0.9630441069602966,2.017250699282158e-05
96d02bba3690d2ebbc6eff6b68be24733c222d81dd48d6f119e58f2905a82cfd,Flan-T5,Flan-T5,other,unified_chip2/4169,0.01576845347881317,0.9839721918106079,0.00025933064171113074
96d02bba3690d2ebbc6eff6b68be24733c222d81dd48d6f119e58f2905a82cfd,ChatGLM,ChatGLM,other,unified_chip2/4169,0.9992979764938354,0.00020928840967826545,0.0004926518886350095
96d02bba3690d2ebbc6eff6b68be24733c222d81dd48d6f119e58f2905a82cfd,MPT,MPT,other,unified_chip2/4169,0.00023484378471039236,7.381320028798655e-05,0.999691367149353
af8feb904413d02fe7b53d2057a94b08b1ded6cb3923e8e7ba9ed5f771d7b61c,MPT,MPT,other,unified_chip2/122658,0.0001906413963297382,1.6675814549671486e-05,0.9997926354408264
af8feb904413d02fe7b53d2057a94b08b1ded6cb3923e8e7ba9ed5f771d7b61c,ChatGLM,ChatGLM,other,unified_chip2/122658,0.99980229139328,8.866600182955153e-06,0.0001889627455966547
af8feb904413d02fe7b53d2057a94b08b1ded6cb3923e8e7ba9ed5f771d7b61c,Flan-T5,Flan-T5,other,unified_chip2/122658,0.009199374355375767,0.9773674607276917,0.013433163985610008
1eb9ff1b710089515bcc0eb665d34f9891cd48e3aff501dc63ecbbeda90559d1,ChatGLM,ChatGLM,other,unified_chip2/49952,0.9989019632339478,0.0010650710901245475,3.3028016332536936e-05
1eb9ff1b710089515bcc0eb665d34f9891cd48e3aff501dc63ecbbeda90559d1,MPT,MPT,other,unified_chip2/49952,0.0015421340940520167,0.00010834872227860615,0.9983495473861694
1eb9ff1b710089515bcc0eb665d34f9891cd48e3aff501dc63ecbbeda90559d1,Flan-T5,Flan-T5,other,unified_chip2/49952,0.009683714248239994,0.9891381859779358,0.0011780594941228628
6a28b4f5c95eeca6d11758b6ca4b9141a65e386b01d85279c12be11b8713f76a,MPT,MPT,other,unified_chip2/59169,0.000368764391168952,3.5514709452399984e-05,0.9995957016944885
6a28b4f5c95eeca6d11758b6ca4b9141a65e386b01d85279c12be11b8713f76a,Flan-T5,Flan-T5,other,unified_chip2/59169,0.025829311460256577,0.9741110801696777,5.960279668215662e-05
6a28b4f5c95eeca6d11758b6ca4b9141a65e386b01d85279c12be11b8713f76a,ChatGLM,ChatGLM,other,unified_chip2/59169,0.989033579826355,0.010557117871940136,0.00040940518374554813
4993cb5679796348cfc4b1b596a0aaeefdfca42c699ff37dccc10fbc3ac3bf1f,Flan-T5,Flan-T5,other,unified_chip2/142680,0.011007087305188179,0.9817842245101929,0.007208717055618763
4993cb5679796348cfc4b1b596a0aaeefdfca42c699ff37dccc10fbc3ac3bf1f,ChatGLM,ChatGLM,other,unified_chip2/142680,0.9999428987503052,3.0467783290077932e-05,2.6622745281201787e-05
4993cb5679796348cfc4b1b596a0aaeefdfca42c699ff37dccc10fbc3ac3bf1f,MPT,MPT,other,unified_chip2/142680,5.858753502252512e-05,7.229063498925825e-07,0.9999407529830933
b1cf6b46c3d743508fc1ee9447505d5b25cdfb430ea2babd8e1cc8c97d737416,Flan-T5,Flan-T5,other,unified_chip2/128980,0.032237328588962555,0.9672438502311707,0.0005188433569855988
b1cf6b46c3d743508fc1ee9447505d5b25cdfb430ea2babd8e1cc8c97d737416,MPT,MPT,other,unified_chip2/128980,0.00013476720778271556,0.0005944802542217076,0.9992707371711731
b1cf6b46c3d743508fc1ee9447505d5b25cdfb430ea2babd8e1cc8c97d737416,ChatGLM,ChatGLM,other,unified_chip2/128980,0.9980483055114746,0.000782436691224575,0.0011692700209096074
41a028bf607ddc09b49a5b4a9ab99f12da27ba3d3a1cc3c429a30da29bc848a8,ChatGLM,ChatGLM,other,unified_chip2/89539,0.9997876286506653,0.00018184933287557214,3.0546631023753434e-05
41a028bf607ddc09b49a5b4a9ab99f12da27ba3d3a1cc3c429a30da29bc848a8,MPT,MPT,other,unified_chip2/89539,3.673701576190069e-05,0.00010970377479679883,0.9998536109924316
41a028bf607ddc09b49a5b4a9ab99f12da27ba3d3a1cc3c429a30da29bc848a8,Flan-T5,Flan-T5,other,unified_chip2/89539,0.0017552452627569437,0.9980872273445129,0.0001575419446453452
841f5f6c96f26ee07937085da258be7ae489d048fe17906753e6df87299dd973,Flan-T5,Flan-T5,other,unified_chip2/140570,0.07420242577791214,0.9256967902183533,0.00010078131890622899
841f5f6c96f26ee07937085da258be7ae489d048fe17906753e6df87299dd973,MPT,MPT,other,unified_chip2/140570,3.6743053897225764e-06,1.6816326251500868e-06,0.9999946355819702
841f5f6c96f26ee07937085da258be7ae489d048fe17906753e6df87299dd973,ChatGLM,ChatGLM,other,unified_chip2/140570,0.9996504783630371,1.4778382819713443e-06,0.00034814648097380996
d769068fb64eb9fdcaf5f44c2b9a3606c20b33d76549b19fb5b45105f4313ae0,ChatGLM,ChatGLM,other,dolly_15k/general_qa/1708,0.999874472618103,3.754381032194942e-05,8.791882282821462e-05
d769068fb64eb9fdcaf5f44c2b9a3606c20b33d76549b19fb5b45105f4313ae0,Flan-T5,Flan-T5,other,dolly_15k/general_qa/1708,0.08378921449184418,0.9138479828834534,0.0023627758491784334
d769068fb64eb9fdcaf5f44c2b9a3606c20b33d76549b19fb5b45105f4313ae0,MPT,MPT,other,dolly_15k/general_qa/1708,0.0005469723837450147,0.0002393945469520986,0.9992135763168335
b30aed6dfa2423cdffefb2beef74c6147434a1261ff441b331ade522aa2a349c,ChatGLM,ChatGLM,other,dolly_15k/brainstorming/593,0.9999560117721558,1.8580172763904557e-05,2.542904439906124e-05
b30aed6dfa2423cdffefb2beef74c6147434a1261ff441b331ade522aa2a349c,MPT,MPT,other,dolly_15k/brainstorming/593,0.003948892001062632,0.00034655019408091903,0.9957044720649719
b30aed6dfa2423cdffefb2beef74c6147434a1261ff441b331ade522aa2a349c,Flan-T5,Flan-T5,other,dolly_15k/brainstorming/593,0.0078057884238660336,0.9905703067779541,0.001623920863494277
a0fb237840045d6e874a672d45bc7c243bed27810f73e5fec0db33a18855a63d,Flan-T5,Flan-T5,other,unified_chip2/111987,0.0017552452627569437,0.9980872273445129,0.0001575419446453452
a0fb237840045d6e874a672d45bc7c243bed27810f73e5fec0db33a18855a63d,MPT,MPT,other,unified_chip2/111987,0.01092170923948288,0.0034810840152204037,0.9855971932411194
a0fb237840045d6e874a672d45bc7c243bed27810f73e5fec0db33a18855a63d,ChatGLM,ChatGLM,other,unified_chip2/111987,0.99094557762146,0.0005611256929114461,0.008493353612720966
0d06e17779e6d7348b57b57576ff55f0720b87308981346b0489b62bc488cf0c,MPT,MPT,other,unified_chip2/104320,1.3669656254933216e-05,1.5254591744451318e-05,0.9999710321426392
0d06e17779e6d7348b57b57576ff55f0720b87308981346b0489b62bc488cf0c,Flan-T5,Flan-T5,other,unified_chip2/104320,0.0322992168366909,0.9674034714698792,0.00029725974309258163
0d06e17779e6d7348b57b57576ff55f0720b87308981346b0489b62bc488cf0c,ChatGLM,ChatGLM,other,unified_chip2/104320,0.959846556186676,0.03915877640247345,0.0009946697391569614
8e7012e5efd004f39d8d67a087fda1e5e78640e4ecbb182ff9e2531a3b836f07,Flan-T5,Flan-T5,other,unified_chip2/62251,0.01795271411538124,0.9819725155830383,7.477921462850645e-05
8e7012e5efd004f39d8d67a087fda1e5e78640e4ecbb182ff9e2531a3b836f07,MPT,MPT,other,unified_chip2/62251,0.0010410068789497018,2.0738086732308147e-06,0.9989569187164307
8e7012e5efd004f39d8d67a087fda1e5e78640e4ecbb182ff9e2531a3b836f07,ChatGLM,ChatGLM,other,unified_chip2/62251,0.9997593760490417,8.23434311314486e-05,0.000158314302098006
1e0b2966d5eb660691f249d9702c7d214e24c839b5dc97647b909e0b4266063d,ChatGLM,ChatGLM,other,unified_chip2/122039,0.9999358654022217,3.3997814171016216e-05,3.0175422580214217e-05
1e0b2966d5eb660691f249d9702c7d214e24c839b5dc97647b909e0b4266063d,Flan-T5,Flan-T5,other,unified_chip2/122039,0.019409459084272385,0.9805522561073303,3.829420529655181e-05
1e0b2966d5eb660691f249d9702c7d214e24c839b5dc97647b909e0b4266063d,MPT,MPT,other,unified_chip2/122039,0.0004885005764663219,0.0001787549554137513,0.99933260679245
6aa824a81f280bdb976dd03a45af717264d0f5363b71de4b2d3e74bf86e41424,MPT,MPT,other,dolly_15k/open_qa/483,0.00015076494310051203,1.8497491964808432e-06,0.9998472929000854
6aa824a81f280bdb976dd03a45af717264d0f5363b71de4b2d3e74bf86e41424,ChatGLM,ChatGLM,other,dolly_15k/open_qa/483,0.9996864795684814,0.0003030002990271896,1.0458348697284237e-05
6aa824a81f280bdb976dd03a45af717264d0f5363b71de4b2d3e74bf86e41424,Flan-T5,ChatGLM,other,dolly_15k/open_qa/483,0.9598584175109863,0.04012098163366318,2.062012026726734e-05
58edd3ab5c78f204d2b2f98d7c9a06730b46b949f65a346c65ccafba6f9caf49,Flan-T5,Flan-T5,other,dolly_15k/open_qa/3277,0.0020364061929285526,0.9960697889328003,0.0018937456188723445
58edd3ab5c78f204d2b2f98d7c9a06730b46b949f65a346c65ccafba6f9caf49,ChatGLM,Flan-T5,other,dolly_15k/open_qa/3277,0.037394922226667404,0.9618892073631287,0.0007158294320106506
58edd3ab5c78f204d2b2f98d7c9a06730b46b949f65a346c65ccafba6f9caf49,MPT,MPT,other,dolly_15k/open_qa/3277,0.0018742436077445745,0.004834798164665699,0.9932910203933716
efcb0c198a54a9a44169b312042596a8e4c1107442615840134deda7d04c847b,Flan-T5,Flan-T5,other,unified_chip2/121118,0.0017552452627569437,0.9980872273445129,0.0001575419446453452
efcb0c198a54a9a44169b312042596a8e4c1107442615840134deda7d04c847b,MPT,MPT,other,unified_chip2/121118,0.007249738089740276,4.1141636756947264e-05,0.9927090406417847
efcb0c198a54a9a44169b312042596a8e4c1107442615840134deda7d04c847b,ChatGLM,ChatGLM,other,unified_chip2/121118,0.9989136457443237,0.00022578396601602435,0.0008605553302913904
c776e6191ff364ef250e14b320819d8d8481c380efd6d14ab6898d2185d6fd41,Flan-T5,ChatGLM,other,unified_chip2/164911,0.9983007311820984,0.001683671958744526,1.5641906429664232e-05
c776e6191ff364ef250e14b320819d8d8481c380efd6d14ab6898d2185d6fd41,MPT,MPT,other,unified_chip2/164911,0.00036971652298234403,1.213861378346337e-05,0.9996180534362793
c776e6191ff364ef250e14b320819d8d8481c380efd6d14ab6898d2185d6fd41,ChatGLM,ChatGLM,other,unified_chip2/164911,0.9962298274040222,0.00018202004139311612,0.0035881120711565018
9a2a1158991351bab01ff9f5f83918a28d4ba3a87ce84e7e4d7fd2f92b2a06ee,MPT,MPT,other,unified_chip2/85725,0.07533303648233414,0.0005104161100462079,0.9241565465927124
9a2a1158991351bab01ff9f5f83918a28d4ba3a87ce84e7e4d7fd2f92b2a06ee,ChatGLM,ChatGLM,other,unified_chip2/85725,0.9823063015937805,0.01759839989244938,9.52639602473937e-05
9a2a1158991351bab01ff9f5f83918a28d4ba3a87ce84e7e4d7fd2f92b2a06ee,Flan-T5,Flan-T5,other,unified_chip2/85725,0.006950310431420803,0.9896313548088074,0.003418394597247243
cc07bd8668a0fae5d64d3f5062c6553d07ad6ec0b16e59ce7fcdac2a891a1d71,ChatGLM,ChatGLM,other,unified_chip2/120146,0.9997544884681702,0.00022672477643936872,1.8835307855624706e-05
cc07bd8668a0fae5d64d3f5062c6553d07ad6ec0b16e59ce7fcdac2a891a1d71,MPT,MPT,other,unified_chip2/120146,0.00024029934138525277,0.00019945926032960415,0.9995601773262024
cc07bd8668a0fae5d64d3f5062c6553d07ad6ec0b16e59ce7fcdac2a891a1d71,Flan-T5,Flan-T5,other,unified_chip2/120146,0.006673351861536503,0.9897211194038391,0.0036054833326488733
050cf87cbbaea71dd3675d279dbbf615ed285e661d8f2af32bef2515164eff69,ChatGLM,ChatGLM,other,unified_chip2/119202,0.9997503161430359,0.00023672718089073896,1.3033661161898635e-05
050cf87cbbaea71dd3675d279dbbf615ed285e661d8f2af32bef2515164eff69,Flan-T5,Flan-T5,other,unified_chip2/119202,0.028905056416988373,0.9710595011711121,3.541203113854863e-05
050cf87cbbaea71dd3675d279dbbf615ed285e661d8f2af32bef2515164eff69,MPT,MPT,other,unified_chip2/119202,0.0007874506991356611,0.00025040385662578046,0.9989621639251709
947e504c2eabf22e75304a0eb05bfd442293c1a1023b02e2bbdeec642d17631b,Flan-T5,Flan-T5,other,unified_chip2/14964,0.10885093361139297,0.8908287286758423,0.00032039094367064536
947e504c2eabf22e75304a0eb05bfd442293c1a1023b02e2bbdeec642d17631b,MPT,MPT,other,unified_chip2/14964,0.007234828546643257,0.002207832643762231,0.9905573129653931
947e504c2eabf22e75304a0eb05bfd442293c1a1023b02e2bbdeec642d17631b,ChatGLM,ChatGLM,other,unified_chip2/14964,0.9997316002845764,0.0002457546943333,2.2610216547036543e-05
9ff6fdf697f31354c9b32e9b0092a1b4cc59289cb9090ac7ff23af2610836a34,ChatGLM,ChatGLM,other,unified_chip2/133383,0.9976745247840881,0.0023012079764157534,2.4270160793093964e-05
9ff6fdf697f31354c9b32e9b0092a1b4cc59289cb9090ac7ff23af2610836a34,Flan-T5,Flan-T5,other,unified_chip2/133383,0.12807364761829376,0.8718592524528503,6.711004243697971e-05
9ff6fdf697f31354c9b32e9b0092a1b4cc59289cb9090ac7ff23af2610836a34,MPT,MPT,other,unified_chip2/133383,0.0002980121353175491,9.821626008488238e-05,0.999603807926178
6e3b429de20c852782f5f53656d037dbc4c06b6f59ceba4f26e78960762d4052,MPT,MPT,other,unified_chip2/15791,9.5601353677921e-05,3.0355908165802248e-05,0.9998739957809448
6e3b429de20c852782f5f53656d037dbc4c06b6f59ceba4f26e78960762d4052,Flan-T5,Flan-T5,other,unified_chip2/15791,0.006497608032077551,0.9934497475624084,5.2720562962349504e-05
6e3b429de20c852782f5f53656d037dbc4c06b6f59ceba4f26e78960762d4052,ChatGLM,ChatGLM,other,unified_chip2/15791,0.9980781078338623,0.0018816390074789524,4.026313035865314e-05
1707d2fd9c82106e7dd798c828c339292e938d7946f66f81f996d58dc26f8a26,MPT,MPT,other,unified_chip2/145655,9.707501158118248e-05,0.00010140072845388204,0.9998015761375427
1707d2fd9c82106e7dd798c828c339292e938d7946f66f81f996d58dc26f8a26,Flan-T5,Flan-T5,other,unified_chip2/145655,0.016930095851421356,0.9823417067527771,0.0007281658472493291
1707d2fd9c82106e7dd798c828c339292e938d7946f66f81f996d58dc26f8a26,ChatGLM,ChatGLM,other,unified_chip2/145655,0.9994412064552307,0.000508591125253588,5.0188289606012404e-05
738f1d90843ba0fbe05c6ad288ecb785f38c896cfc823b2f78622f09ce51dca3,Flan-T5,Flan-T5,other,dolly_15k/classification/1880,0.009683714248239994,0.9891381859779358,0.0011780594941228628
738f1d90843ba0fbe05c6ad288ecb785f38c896cfc823b2f78622f09ce51dca3,ChatGLM,Flan-T5,other,dolly_15k/classification/1880,0.01067147683352232,0.988735020160675,0.0005935276276431978
738f1d90843ba0fbe05c6ad288ecb785f38c896cfc823b2f78622f09ce51dca3,MPT,MPT,other,dolly_15k/classification/1880,0.04522073641419411,0.00011896539217559621,0.9546603560447693
e34330eede3016cb523fe4e75c8db494c415a247aca741db5403645e3bc1ad41,Flan-T5,Flan-T5,other,unified_chip2/26408,0.009107029065489769,0.9903856515884399,0.0005072688800282776
e34330eede3016cb523fe4e75c8db494c415a247aca741db5403645e3bc1ad41,MPT,MPT,other,unified_chip2/26408,0.18693386018276215,0.055629000067710876,0.7574370503425598
e34330eede3016cb523fe4e75c8db494c415a247aca741db5403645e3bc1ad41,ChatGLM,ChatGLM,other,unified_chip2/26408,0.9801325798034668,0.006883626338094473,0.012983680702745914
6f756d4a67c047c26da7541b56264f114b3df7a6446f12e93cb9fe652879fd62,ChatGLM,ChatGLM,other,unified_chip2/118232,0.9973567724227905,1.877115028037224e-05,0.0026244716718792915
6f756d4a67c047c26da7541b56264f114b3df7a6446f12e93cb9fe652879fd62,Flan-T5,Flan-T5,other,unified_chip2/118232,0.08972364664077759,0.89666348695755,0.013612824492156506
6f756d4a67c047c26da7541b56264f114b3df7a6446f12e93cb9fe652879fd62,MPT,MPT,other,unified_chip2/118232,2.1666519387508743e-05,6.129995654191589e-06,0.9999722242355347
39b37bfbf3ce9ea2abdfe508e30630b8df36308f1e343e8d0642858c179d60c6,MPT,MPT,other,unified_chip2/142284,0.0024416781961917877,0.0012286817654967308,0.9963296055793762
39b37bfbf3ce9ea2abdfe508e30630b8df36308f1e343e8d0642858c179d60c6,ChatGLM,ChatGLM,other,unified_chip2/142284,0.9987659454345703,0.0012221216456964612,1.1855270713567734e-05
39b37bfbf3ce9ea2abdfe508e30630b8df36308f1e343e8d0642858c179d60c6,Flan-T5,Flan-T5,other,unified_chip2/142284,0.0020838454365730286,0.9974614381790161,0.00045467104064300656
5c0fd662c05d5af5e4a2521abb0a703a6c1082e30ec27341b2733c47a01523c0,ChatGLM,ChatGLM,other,unified_chip2/1535,0.9991720914840698,0.00011742980859708041,0.000710459251422435
5c0fd662c05d5af5e4a2521abb0a703a6c1082e30ec27341b2733c47a01523c0,MPT,MPT,other,unified_chip2/1535,4.448144682100974e-05,1.3895243682782166e-05,0.9999415874481201
5c0fd662c05d5af5e4a2521abb0a703a6c1082e30ec27341b2733c47a01523c0,Flan-T5,Flan-T5,other,unified_chip2/1535,0.014332710765302181,0.9568800926208496,0.02878722921013832
feda85e8075f66060a9f29b291875bbd696e49b4bf47842cad0a3e8657ed853a,Flan-T5,Flan-T5,other,unified_chip2/11787,0.0017552452627569437,0.9980872273445129,0.0001575419446453452
feda85e8075f66060a9f29b291875bbd696e49b4bf47842cad0a3e8657ed853a,ChatGLM,ChatGLM,other,unified_chip2/11787,0.9995437264442444,1.9907693058485165e-05,0.000436349626397714
feda85e8075f66060a9f29b291875bbd696e49b4bf47842cad0a3e8657ed853a,MPT,MPT,other,unified_chip2/11787,0.00025640736566856503,0.00010745187319116667,0.9996360540390015
d9e21cd36dcd1f78fc93283743668439410775cfbdc82369d359cc17018d103c,MPT,MPT,other,unified_chip2/58810,1.2597580280271359e-05,3.1261949970939895e-06,0.9999842643737793
d9e21cd36dcd1f78fc93283743668439410775cfbdc82369d359cc17018d103c,Flan-T5,Flan-T5,other,unified_chip2/58810,0.0017552452627569437,0.9980872273445129,0.0001575419446453452
d9e21cd36dcd1f78fc93283743668439410775cfbdc82369d359cc17018d103c,ChatGLM,ChatGLM,other,unified_chip2/58810,0.9994953870773315,2.4856115487636998e-05,0.00047964384430088103
c687ac8e79486e56439da5e9474d42367c1ecd942c303c4add161a782a79e3f4,Flan-T5,Flan-T5,other,unified_chip2/7636,0.07889126986265182,0.899264395236969,0.021844325587153435
c687ac8e79486e56439da5e9474d42367c1ecd942c303c4add161a782a79e3f4,ChatGLM,Flan-T5,other,unified_chip2/7636,0.14188794791698456,0.8557586073875427,0.002353479852899909
c687ac8e79486e56439da5e9474d42367c1ecd942c303c4add161a782a79e3f4,MPT,MPT,other,unified_chip2/7636,0.010813705623149872,0.01860644295811653,0.9705798625946045
dee57805e7adffb1f4484d6525d5499f4ccc053c2f93f76c873c0ba1797fcdd3,MPT,MPT,other,unified_chip2/28082,0.0029655497055500746,0.004594938363879919,0.9924395084381104
dee57805e7adffb1f4484d6525d5499f4ccc053c2f93f76c873c0ba1797fcdd3,ChatGLM,ChatGLM,other,unified_chip2/28082,0.9999366998672485,6.030593431205489e-05,3.0045696348679485e-06
dee57805e7adffb1f4484d6525d5499f4ccc053c2f93f76c873c0ba1797fcdd3,Flan-T5,Flan-T5,other,unified_chip2/28082,0.001674942090176046,0.9980185031890869,0.0003065917990170419
88eedd6db5963a7ebc28630500a2952d6709aae910e881df54e2db604207f77f,Flan-T5,Flan-T5,other,unified_chip2/106877,0.39350825548171997,0.6064440608024597,4.771713793161325e-05
88eedd6db5963a7ebc28630500a2952d6709aae910e881df54e2db604207f77f,ChatGLM,ChatGLM,other,unified_chip2/106877,0.9999469518661499,4.870786870014854e-05,4.324970177549403e-06
88eedd6db5963a7ebc28630500a2952d6709aae910e881df54e2db604207f77f,MPT,MPT,other,unified_chip2/106877,5.810806396766566e-05,0.00022008111409377307,0.9997217059135437
c4b466687d61431b9280bac9a1577b30c1a40f430851f3804505b1774f989332,Flan-T5,Flan-T5,other,unified_chip2/74298,0.001892349449917674,0.9971634745597839,0.0009442029404453933
c4b466687d61431b9280bac9a1577b30c1a40f430851f3804505b1774f989332,ChatGLM,ChatGLM,other,unified_chip2/74298,0.9477545619010925,0.04427409917116165,0.007971317507326603
c4b466687d61431b9280bac9a1577b30c1a40f430851f3804505b1774f989332,MPT,MPT,other,unified_chip2/74298,0.00011889164306921884,2.3820632577553624e-07,0.9998809099197388
7d68f339be1405e8874fe0500b5facc5fc9e2866c1c9ea40b9fb2bdb9cc6a840,ChatGLM,ChatGLM,other,dolly_15k/open_qa/3451,0.998475968837738,0.0015147117665037513,9.27930432226276e-06
7d68f339be1405e8874fe0500b5facc5fc9e2866c1c9ea40b9fb2bdb9cc6a840,MPT,MPT,other,dolly_15k/open_qa/3451,0.41703709959983826,0.0011429598089307547,0.5818198919296265
7d68f339be1405e8874fe0500b5facc5fc9e2866c1c9ea40b9fb2bdb9cc6a840,Flan-T5,ChatGLM,other,dolly_15k/open_qa/3451,0.6601232886314392,0.3385210931301117,0.0013555852929130197
a75f2b30885bcf9215dcb70592a0b332c9578c7910e7d585fe6bb38d020f25b1,Flan-T5,Flan-T5,other,dolly_15k/open_qa/2734,0.0011698293965309858,0.9946428537368774,0.004187308717519045
a75f2b30885bcf9215dcb70592a0b332c9578c7910e7d585fe6bb38d020f25b1,MPT,MPT,other,dolly_15k/open_qa/2734,0.0013497022446244955,0.000897629652172327,0.9977526068687439
a75f2b30885bcf9215dcb70592a0b332c9578c7910e7d585fe6bb38d020f25b1,ChatGLM,ChatGLM,other,dolly_15k/open_qa/2734,0.9992117881774902,0.0004930227878503501,0.0002951722708530724
45b838a21b213e94d8dc19b8b5e85a7c871d9fdbc99f753a0423e9c169faeee7,Flan-T5,Flan-T5,other,unified_chip2/128291,0.01347479596734047,0.986213743686676,0.0003113861894235015
45b838a21b213e94d8dc19b8b5e85a7c871d9fdbc99f753a0423e9c169faeee7,MPT,MPT,other,unified_chip2/128291,0.00090309779625386,0.00022155223996378481,0.9988753199577332
45b838a21b213e94d8dc19b8b5e85a7c871d9fdbc99f753a0423e9c169faeee7,ChatGLM,ChatGLM,other,unified_chip2/128291,0.5783700942993164,0.4098019301891327,0.011827989481389523
88646de7c15c435f9ed8cff87564a525d5c4f681ccbc5821dccd9f719c8bed73,ChatGLM,ChatGLM,other,unified_chip2/86751,0.999087929725647,0.0008067432790994644,0.00010530383588047698
88646de7c15c435f9ed8cff87564a525d5c4f681ccbc5821dccd9f719c8bed73,Flan-T5,Flan-T5,other,unified_chip2/86751,0.013450604863464832,0.9775277972221375,0.00902163702994585
88646de7c15c435f9ed8cff87564a525d5c4f681ccbc5821dccd9f719c8bed73,MPT,MPT,other,unified_chip2/86751,0.0008956043748185039,2.881549698940944e-05,0.9990755319595337
9624c8877feca3bb7b4c98437e2381046c15182f215bad960dc862e9a990d9b0,ChatGLM,ChatGLM,other,unified_chip2/122257,0.9998151659965515,0.00016246330051217228,2.2439775420934893e-05
9624c8877feca3bb7b4c98437e2381046c15182f215bad960dc862e9a990d9b0,Flan-T5,Flan-T5,other,unified_chip2/122257,0.000832234974950552,0.9982216954231262,0.0009460336877964437
9624c8877feca3bb7b4c98437e2381046c15182f215bad960dc862e9a990d9b0,MPT,MPT,other,unified_chip2/122257,4.840181645704433e-05,2.22562562157691e-06,0.9999493360519409
30aa1ae01f41c12e6b68ab0754051ae3c693c17a2c2f8ae18a97e6677817e792,MPT,ChatGLM,other,dolly_15k/summarization/610,0.8694478273391724,0.00029501187964342535,0.13025721907615662
30aa1ae01f41c12e6b68ab0754051ae3c693c17a2c2f8ae18a97e6677817e792,Flan-T5,Flan-T5,other,dolly_15k/summarization/610,0.004918208345770836,0.9947113990783691,0.0003703552356455475
30aa1ae01f41c12e6b68ab0754051ae3c693c17a2c2f8ae18a97e6677817e792,ChatGLM,ChatGLM,other,dolly_15k/summarization/610,0.9990363121032715,0.0009410525672137737,2.2607919163419865e-05
890b50e521b0cac7998e5cfca1c2c963e6df6dc9bbf8334f6ebd5bd8bc02a9eb,Flan-T5,Flan-T5,other,unified_chip2/54370,0.0017552452627569437,0.9980872273445129,0.0001575419446453452
890b50e521b0cac7998e5cfca1c2c963e6df6dc9bbf8334f6ebd5bd8bc02a9eb,ChatGLM,ChatGLM,other,unified_chip2/54370,0.9993464350700378,0.0006352674099616706,1.8328899386688136e-05
890b50e521b0cac7998e5cfca1c2c963e6df6dc9bbf8334f6ebd5bd8bc02a9eb,MPT,MPT,other,unified_chip2/54370,0.46124526858329773,0.004072247073054314,0.5346825122833252
0fc0ce408f7314ac76ffe52998dc97bc04b9b4ffc09b08474b0624366ab4a7de,ChatGLM,ChatGLM,other,unified_chip2/165112,0.9999674558639526,2.922461135312915e-05,3.3157043617393356e-06
0fc0ce408f7314ac76ffe52998dc97bc04b9b4ffc09b08474b0624366ab4a7de,Flan-T5,Flan-T5,other,unified_chip2/165112,0.09567540884017944,0.9040824770927429,0.00024212039716076106
0fc0ce408f7314ac76ffe52998dc97bc04b9b4ffc09b08474b0624366ab4a7de,MPT,MPT,other,unified_chip2/165112,4.5733904698863626e-05,4.731886292574927e-05,0.9999068975448608
8c7f5cc27a984569bfa3371f195e298ec66e54f2dce447784702641827b611ca,MPT,MPT,other,dolly_15k/classification/1690,0.007374501321464777,9.919752301357221e-06,0.9926155805587769
8c7f5cc27a984569bfa3371f195e298ec66e54f2dce447784702641827b611ca,Flan-T5,Flan-T5,other,dolly_15k/classification/1690,0.04002998024225235,0.9318207502365112,0.028149282559752464
8c7f5cc27a984569bfa3371f195e298ec66e54f2dce447784702641827b611ca,ChatGLM,ChatGLM,other,dolly_15k/classification/1690,0.8817132711410522,0.10782010108232498,0.010466541163623333
73a09b5ad307239987ab6e948ca9e5da8bca1924b162f538472fd067a0a9aa51,ChatGLM,ChatGLM,other,unified_chip2/97648,0.999951958656311,3.8574122299905866e-05,9.447849151911214e-06
73a09b5ad307239987ab6e948ca9e5da8bca1924b162f538472fd067a0a9aa51,Flan-T5,Flan-T5,other,unified_chip2/97648,0.005129016935825348,0.9948549270629883,1.6007248632377014e-05
73a09b5ad307239987ab6e948ca9e5da8bca1924b162f538472fd067a0a9aa51,MPT,MPT,other,unified_chip2/97648,0.00024406232114415616,1.266354843210138e-06,0.9997546076774597
24331bba288d87ef615d264c26e143e08ef319533655c197ff2fb12ef30426d8,Flan-T5,Flan-T5,other,unified_chip2/144985,0.030003618448972702,0.9695634841918945,0.0004328947688918561
24331bba288d87ef615d264c26e143e08ef319533655c197ff2fb12ef30426d8,MPT,MPT,other,unified_chip2/144985,1.9648350644274615e-05,5.456316557683749e-06,0.9999748468399048
24331bba288d87ef615d264c26e143e08ef319533655c197ff2fb12ef30426d8,ChatGLM,ChatGLM,other,unified_chip2/144985,0.9998053908348083,0.00018895180255640298,5.701868303731317e-06
e09ca1d952def89fc2d3ffb7bb346d7a30dd9557f5bd74421350860743c9b75e,ChatGLM,ChatGLM,other,unified_chip2/98042,0.9893507361412048,0.009547719731926918,0.0011015651980414987
e09ca1d952def89fc2d3ffb7bb346d7a30dd9557f5bd74421350860743c9b75e,MPT,MPT,other,unified_chip2/98042,0.001706817653030157,0.00021923946042079479,0.998073935508728
e09ca1d952def89fc2d3ffb7bb346d7a30dd9557f5bd74421350860743c9b75e,Flan-T5,Flan-T5,other,unified_chip2/98042,0.009683714248239994,0.9891381859779358,0.0011780594941228628
9abb79053f6c80e214e4f3e281e54f5e0b64791226ce915a153fde07852e40fc,ChatGLM,ChatGLM,other,unified_chip2/35641,0.9992287158966064,3.0521401640726253e-05,0.0007408388191834092
9abb79053f6c80e214e4f3e281e54f5e0b64791226ce915a153fde07852e40fc,Flan-T5,Flan-T5,other,unified_chip2/35641,0.004668578039854765,0.9926757216453552,0.002655773889273405
9abb79053f6c80e214e4f3e281e54f5e0b64791226ce915a153fde07852e40fc,MPT,MPT,other,unified_chip2/35641,0.0002710986591409892,1.2850170605815947e-05,0.9997159838676453
604623002732c6ef565e78bec94320d510044ceafcb18b908138c5f43ae17c69,ChatGLM,ChatGLM,other,unified_chip2/82003,0.999775230884552,8.274763240478933e-05,0.0001420270709786564
604623002732c6ef565e78bec94320d510044ceafcb18b908138c5f43ae17c69,MPT,MPT,other,unified_chip2/82003,0.00013013598800171167,1.722591150610242e-05,0.9998525381088257
604623002732c6ef565e78bec94320d510044ceafcb18b908138c5f43ae17c69,Flan-T5,Flan-T5,other,unified_chip2/82003,0.08704423159360886,0.9128049612045288,0.00015088105283211917
72ace3b107acb12b8c3bf86a40277bf11a933ae4be323ebd06e28e07166f72ed,ChatGLM,ChatGLM,other,unified_chip2/118436,0.8210843801498413,0.0007336584385484457,0.17818193137645721
72ace3b107acb12b8c3bf86a40277bf11a933ae4be323ebd06e28e07166f72ed,MPT,MPT,other,unified_chip2/118436,8.400947990594432e-05,1.9338880520081148e-05,0.9998966455459595
72ace3b107acb12b8c3bf86a40277bf11a933ae4be323ebd06e28e07166f72ed,Flan-T5,Flan-T5,other,unified_chip2/118436,0.0006331875920295715,0.9990710020065308,0.0002958213444799185
27a5961c8b98f9feacddd734bead527dbb4a144c7eb25d906911be3fb806c1b3,MPT,MPT,other,unified_chip2/95836,5.3786716307513416e-05,4.0820459616952576e-06,0.9999421834945679
27a5961c8b98f9feacddd734bead527dbb4a144c7eb25d906911be3fb806c1b3,ChatGLM,ChatGLM,other,unified_chip2/95836,0.9997053742408752,0.00024667993420735,4.7898178308969364e-05
27a5961c8b98f9feacddd734bead527dbb4a144c7eb25d906911be3fb806c1b3,Flan-T5,Flan-T5,other,unified_chip2/95836,0.17161238193511963,0.8281740546226501,0.00021356818615458906
f1ab807ad1155cadbea4195e89eb234ebf0507019e3b4b2ac5d3bee3286acb69,MPT,MPT,other,unified_chip2/91188,0.01389427948743105,0.00040632882155478,0.9856993556022644
f1ab807ad1155cadbea4195e89eb234ebf0507019e3b4b2ac5d3bee3286acb69,Flan-T5,Flan-T5,other,unified_chip2/91188,0.0026961462572216988,0.9862887859344482,0.0110150882974267
f1ab807ad1155cadbea4195e89eb234ebf0507019e3b4b2ac5d3bee3286acb69,ChatGLM,ChatGLM,other,unified_chip2/91188,0.9996339082717896,1.6637333828839473e-05,0.00034937745658680797
014335b25e08e55e5d51814e2ef90dc93302e0a88a79e3e9b043711415ad720b,MPT,MPT,other,unified_chip2/150006,2.967056389024947e-05,2.4840786863933317e-05,0.9999455213546753
014335b25e08e55e5d51814e2ef90dc93302e0a88a79e3e9b043711415ad720b,ChatGLM,ChatGLM,other,unified_chip2/150006,0.9969695210456848,0.00044611087650991976,0.0025843579787760973
014335b25e08e55e5d51814e2ef90dc93302e0a88a79e3e9b043711415ad720b,Flan-T5,Flan-T5,other,unified_chip2/150006,0.04532105475664139,0.9281999468803406,0.026478949934244156
618935d29b79fcf796947b4e5c8c453d18c91ee1c9ef333cafa8e4214cd89d0f,ChatGLM,ChatGLM,other,unified_chip2/22725,0.9999178647994995,7.141688547562808e-05,1.0688434485928155e-05
618935d29b79fcf796947b4e5c8c453d18c91ee1c9ef333cafa8e4214cd89d0f,MPT,MPT,other,unified_chip2/22725,0.01856399141252041,0.0002540854620747268,0.9811819195747375
618935d29b79fcf796947b4e5c8c453d18c91ee1c9ef333cafa8e4214cd89d0f,Flan-T5,Flan-T5,other,unified_chip2/22725,0.0014502214035019279,0.9973540306091309,0.00119574717245996
88ef04ed72a42265a809220bf84cfb854af15ce2836011559c7b0800a34dba7b,ChatGLM,ChatGLM,other,unified_chip2/42634,0.9972655773162842,8.937792881624773e-05,0.0026450874283909798
88ef04ed72a42265a809220bf84cfb854af15ce2836011559c7b0800a34dba7b,Flan-T5,Flan-T5,other,unified_chip2/42634,0.023899538442492485,0.9712837934494019,0.004816717002540827
88ef04ed72a42265a809220bf84cfb854af15ce2836011559c7b0800a34dba7b,MPT,MPT,other,unified_chip2/42634,0.0002964927989523858,0.0004568159347400069,0.9992467164993286
33af2c77aa33e04b6eb8c8fe70296c1450c91f3f0b2456052fde21cebac32dde,MPT,MPT,other,unified_chip2/105489,0.0008917403756640851,0.00022144072863738984,0.99888676404953
33af2c77aa33e04b6eb8c8fe70296c1450c91f3f0b2456052fde21cebac32dde,Flan-T5,Flan-T5,other,unified_chip2/105489,0.0005323361838236451,0.999126136302948,0.0003415477694943547
33af2c77aa33e04b6eb8c8fe70296c1450c91f3f0b2456052fde21cebac32dde,ChatGLM,ChatGLM,other,unified_chip2/105489,0.9997575879096985,6.763180863345042e-05,0.00017480050155427307
488b21529d04960a848377b5fab501960039894952615d02a224ea46493f4c2c,ChatGLM,ChatGLM,other,unified_chip2/66801,0.9998917579650879,8.903670277504716e-06,9.928562940331176e-05
488b21529d04960a848377b5fab501960039894952615d02a224ea46493f4c2c,Flan-T5,ChatGLM,other,unified_chip2/66801,0.6398645043373108,0.3600423336029053,9.310008317697793e-05
488b21529d04960a848377b5fab501960039894952615d02a224ea46493f4c2c,MPT,ChatGLM,other,unified_chip2/66801,0.5560771226882935,0.00795845128595829,0.4359643757343292
777fc410880e2088ca67279e90593c4b03e772d53473dffeb9710d525c7c933d,ChatGLM,ChatGLM,other,unified_chip2/149608,0.9996150732040405,0.00033750911825336516,4.741991506307386e-05
777fc410880e2088ca67279e90593c4b03e772d53473dffeb9710d525c7c933d,Flan-T5,Flan-T5,other,unified_chip2/149608,0.003042647847905755,0.9921499490737915,0.004807440564036369
777fc410880e2088ca67279e90593c4b03e772d53473dffeb9710d525c7c933d,MPT,MPT,other,unified_chip2/149608,0.00024819112149998546,2.5519555038044928e-06,0.9997492432594299
2ac7bf2510f02c3503b92a0f5c099f9c65e8bfe725cbe80767540a66486531ec,Flan-T5,Flan-T5,other,unified_chip2/75476,0.0006110801477916539,0.9974830746650696,0.0019059220794588327
2ac7bf2510f02c3503b92a0f5c099f9c65e8bfe725cbe80767540a66486531ec,MPT,MPT,other,unified_chip2/75476,0.0001555857015773654,3.3613096661611053e-07,0.9998440742492676
2ac7bf2510f02c3503b92a0f5c099f9c65e8bfe725cbe80767540a66486531ec,ChatGLM,ChatGLM,other,unified_chip2/75476,0.9995150566101074,5.873071859241463e-05,0.00042617975850589573
358146e89fd2153fa2c941c91a58007ba77d208c43d42f229473588fc09a05ca,MPT,MPT,other,unified_chip2/30522,1.1618352800724097e-05,8.39422284570901e-07,0.9999876022338867
358146e89fd2153fa2c941c91a58007ba77d208c43d42f229473588fc09a05ca,ChatGLM,ChatGLM,other,unified_chip2/30522,0.9980423450469971,9.514303201285657e-06,0.0019481288036331534
358146e89fd2153fa2c941c91a58007ba77d208c43d42f229473588fc09a05ca,Flan-T5,Flan-T5,other,unified_chip2/30522,0.04635562747716904,0.9390661120414734,0.014578284695744514
018ff25dcd0c6524ee95bbea32cd6fe79c4fc13fa5e87d9821c00d8b87b2fe44,MPT,MPT,other,unified_chip2/138087,2.6899995646090247e-05,8.643958608445246e-06,0.9999643564224243
018ff25dcd0c6524ee95bbea32cd6fe79c4fc13fa5e87d9821c00d8b87b2fe44,Flan-T5,ChatGLM,other,unified_chip2/138087,0.9137566685676575,0.08611450344324112,0.00012890224752482027
018ff25dcd0c6524ee95bbea32cd6fe79c4fc13fa5e87d9821c00d8b87b2fe44,ChatGLM,ChatGLM,other,unified_chip2/138087,0.9996601343154907,0.00016333737585227937,0.0001765276538208127
2c8b863a6132113f4da0c7c6a3bf1a1440376d8c2402c5c392add86d8e34e08f,MPT,MPT,other,unified_chip2/59903,0.000792916223872453,7.899585762061179e-05,0.9991281628608704
2c8b863a6132113f4da0c7c6a3bf1a1440376d8c2402c5c392add86d8e34e08f,Flan-T5,Flan-T5,other,unified_chip2/59903,0.0023365363012999296,0.9976335763931274,2.9884880859754048e-05
2c8b863a6132113f4da0c7c6a3bf1a1440376d8c2402c5c392add86d8e34e08f,ChatGLM,ChatGLM,other,unified_chip2/59903,0.9998403787612915,0.000144304838613607,1.5288627764675766e-05
b95f0fae410528978683df10737a11737fb9c3d3630681238ddf383e083e2e53,MPT,MPT,other,unified_chip2/130310,0.00010288146586390212,4.075334072695114e-05,0.9998563528060913
b95f0fae410528978683df10737a11737fb9c3d3630681238ddf383e083e2e53,ChatGLM,ChatGLM,other,unified_chip2/130310,0.9997418522834778,5.2125356887700036e-05,0.00020611772197298706
b95f0fae410528978683df10737a11737fb9c3d3630681238ddf383e083e2e53,Flan-T5,ChatGLM,other,unified_chip2/130310,0.827849805355072,0.17142415046691895,0.000726024794857949
37184ec086180bf3d06f24b209850c34f90826d4c367c97e810d10c87b9e765f,Flan-T5,Flan-T5,other,dolly_15k/creative_writing/352,0.002633805386722088,0.9904265999794006,0.006939675193279982
37184ec086180bf3d06f24b209850c34f90826d4c367c97e810d10c87b9e765f,ChatGLM,ChatGLM,other,dolly_15k/creative_writing/352,0.9976342916488647,0.0023487035650759935,1.7002686945488676e-05
37184ec086180bf3d06f24b209850c34f90826d4c367c97e810d10c87b9e765f,MPT,MPT,other,dolly_15k/creative_writing/352,0.00010241476411465555,6.397218839993002e-06,0.9998911619186401
936dda97becd5eef10fcd1012bd0ae225b73ade6bcce899216bbd5eaa474e3d7,MPT,MPT,other,unified_chip2/121677,0.001035739085637033,0.00010800580639624968,0.9988563060760498
936dda97becd5eef10fcd1012bd0ae225b73ade6bcce899216bbd5eaa474e3d7,Flan-T5,Flan-T5,other,unified_chip2/121677,0.0076643312349915504,0.9922762513160706,5.940506889601238e-05
936dda97becd5eef10fcd1012bd0ae225b73ade6bcce899216bbd5eaa474e3d7,ChatGLM,ChatGLM,other,unified_chip2/121677,0.9999070167541504,8.45002505229786e-05,8.511236956110224e-06
c69dacbb0d7112b77aa19cc36c5590f44cde0a1d9fb52985973da952868546e6,ChatGLM,ChatGLM,other,unified_chip2/138946,0.9999444484710693,1.7575974197825417e-05,3.797634053626098e-05
c69dacbb0d7112b77aa19cc36c5590f44cde0a1d9fb52985973da952868546e6,Flan-T5,Flan-T5,other,unified_chip2/138946,0.0008789129788056016,0.9988877177238464,0.00023334995785262436
c69dacbb0d7112b77aa19cc36c5590f44cde0a1d9fb52985973da952868546e6,MPT,MPT,other,unified_chip2/138946,2.8900234610773623e-05,1.5758254448883235e-05,0.999955415725708
52266743c014d6d8eea658973e27944b44c72c01991845a7e8bb65c9431bb99a,MPT,MPT,other,unified_chip2/148428,0.00021659873891621828,3.1537117592961295e-06,0.9997803568840027
52266743c014d6d8eea658973e27944b44c72c01991845a7e8bb65c9431bb99a,Flan-T5,Flan-T5,other,unified_chip2/148428,0.02782323770225048,0.9720507264137268,0.00012608166434802115
52266743c014d6d8eea658973e27944b44c72c01991845a7e8bb65c9431bb99a,ChatGLM,ChatGLM,other,unified_chip2/148428,0.9996134638786316,1.7148990082205273e-05,0.00036935906973667443
3cecdc4ce674cd0a7b6314fcc9a2b0f65a820b2a265a505a7ba2261d291d8ce6,MPT,MPT,other,unified_chip2/34888,0.00017926500004250556,1.4714335520693567e-05,0.9998061060905457
3cecdc4ce674cd0a7b6314fcc9a2b0f65a820b2a265a505a7ba2261d291d8ce6,Flan-T5,Flan-T5,other,unified_chip2/34888,0.018879462033510208,0.9809240102767944,0.00019655341748148203
3cecdc4ce674cd0a7b6314fcc9a2b0f65a820b2a265a505a7ba2261d291d8ce6,ChatGLM,ChatGLM,other,unified_chip2/34888,0.9997934699058533,0.00014588446356356144,6.066430432838388e-05
cf2026842d569f332e04b5cc9625ebe9fbb2e5494e758693d9f35270f0631897,ChatGLM,Flan-T5,other,dolly_15k/open_qa/2280,0.18715159595012665,0.8124607801437378,0.00038759998278692365
cf2026842d569f332e04b5cc9625ebe9fbb2e5494e758693d9f35270f0631897,MPT,MPT,other,dolly_15k/open_qa/2280,0.00047175606596283615,0.0005438579828478396,0.9989843964576721
cf2026842d569f332e04b5cc9625ebe9fbb2e5494e758693d9f35270f0631897,Flan-T5,Flan-T5,other,dolly_15k/open_qa/2280,0.01645173691213131,0.9395303726196289,0.044017914682626724
b7e8a076ce92eb403df081aea314a2025f163e10b75ebc9c57bcb65905399c1b,ChatGLM,ChatGLM,other,unified_chip2/95917,0.9989926218986511,0.0009612175635993481,4.617098602466285e-05
b7e8a076ce92eb403df081aea314a2025f163e10b75ebc9c57bcb65905399c1b,MPT,MPT,other,unified_chip2/95917,8.040636748773977e-05,7.2796124186425e-06,0.9999122619628906
b7e8a076ce92eb403df081aea314a2025f163e10b75ebc9c57bcb65905399c1b,Flan-T5,Flan-T5,other,unified_chip2/95917,0.001606946811079979,0.9981880784034729,0.00020494891214184463
f275f1ccd6b52d54517fe87f7cdc33b2c3c6f581d6661fc37c6da51e5cf1c05b,MPT,MPT,other,unified_chip2/28208,0.000470947939902544,3.739927342394367e-05,0.9994915723800659
f275f1ccd6b52d54517fe87f7cdc33b2c3c6f581d6661fc37c6da51e5cf1c05b,ChatGLM,ChatGLM,other,unified_chip2/28208,0.9969504475593567,0.0013315369142219424,0.0017180303111672401
f275f1ccd6b52d54517fe87f7cdc33b2c3c6f581d6661fc37c6da51e5cf1c05b,Flan-T5,Flan-T5,other,unified_chip2/28208,0.004611646756529808,0.9951879978179932,0.00020028046856168658
8e2354b8d279e5ef7c768c4d931355711439919240341c5e8118ec412728ff4c,Flan-T5,Flan-T5,other,unified_chip2/122647,0.018839556723833084,0.9614126682281494,0.019747840240597725
8e2354b8d279e5ef7c768c4d931355711439919240341c5e8118ec412728ff4c,MPT,MPT,other,unified_chip2/122647,0.00031971221324056387,6.523466709040804e-06,0.9996737241744995
8e2354b8d279e5ef7c768c4d931355711439919240341c5e8118ec412728ff4c,ChatGLM,ChatGLM,other,unified_chip2/122647,0.9712710976600647,0.020671222358942032,0.008057619445025921
1bb8b9572c0122d5e4d865ad99146facec0dd432decf50f49149817679ed5726,Flan-T5,Flan-T5,other,unified_chip2/84650,0.009683714248239994,0.9891381859779358,0.0011780594941228628
1bb8b9572c0122d5e4d865ad99146facec0dd432decf50f49149817679ed5726,MPT,MPT,other,unified_chip2/84650,4.757831266033463e-05,6.585887604160234e-05,0.9998865127563477
1bb8b9572c0122d5e4d865ad99146facec0dd432decf50f49149817679ed5726,ChatGLM,ChatGLM,other,unified_chip2/84650,0.9996592998504639,0.0002622990286909044,7.8442448284477e-05
27a2d692277b8ebddb20fbb137430bbb40fbb0488bfaf6bfce35cc2705465f36,ChatGLM,ChatGLM,other,unified_chip2/67989,0.9994441866874695,0.0005445456481538713,1.1143825759063475e-05
27a2d692277b8ebddb20fbb137430bbb40fbb0488bfaf6bfce35cc2705465f36,MPT,MPT,other,unified_chip2/67989,0.0001273042435059324,0.0002117703261319548,0.9996609687805176
27a2d692277b8ebddb20fbb137430bbb40fbb0488bfaf6bfce35cc2705465f36,Flan-T5,Flan-T5,other,unified_chip2/67989,0.003946204204112291,0.995662271976471,0.0003914760600309819
c3069e4421c09b8f9afcca9c75b2c561f57826054b9cfc2c5c1c365863969d66,ChatGLM,ChatGLM,writing,unified_chip2/116314,0.9996964931488037,0.0002767213445622474,2.684320861590095e-05
c3069e4421c09b8f9afcca9c75b2c561f57826054b9cfc2c5c1c365863969d66,Flan-T5,Flan-T5,writing,unified_chip2/116314,0.004611646756529808,0.9951879978179932,0.00020028046856168658
c3069e4421c09b8f9afcca9c75b2c561f57826054b9cfc2c5c1c365863969d66,MPT,MPT,writing,unified_chip2/116314,0.00132900255266577,0.002166104270145297,0.9965049028396606
88cb402dd05a4697d044d59a4e83dd266821bc6907bbacc6d37b52cd37db880a,MPT,MPT,other,unified_chip2/140313,0.0016386634670197964,0.0010016915621235967,0.9973596930503845
88cb402dd05a4697d044d59a4e83dd266821bc6907bbacc6d37b52cd37db880a,Flan-T5,Flan-T5,other,unified_chip2/140313,0.0035880515351891518,0.9963370561599731,7.491224823752418e-05
88cb402dd05a4697d044d59a4e83dd266821bc6907bbacc6d37b52cd37db880a,ChatGLM,ChatGLM,other,unified_chip2/140313,0.9995330572128296,0.00019377318676561117,0.00027327859424985945
a27607c2f596ad05b5b961991d8da2eeb6ab402f609a4d7e744255c111f7352f,MPT,MPT,other,unified_chip2/45423,7.36818474251777e-05,7.690055099374149e-06,0.9999185800552368
a27607c2f596ad05b5b961991d8da2eeb6ab402f609a4d7e744255c111f7352f,ChatGLM,ChatGLM,other,unified_chip2/45423,0.9998142123222351,0.00017077720258384943,1.499267000326654e-05
a27607c2f596ad05b5b961991d8da2eeb6ab402f609a4d7e744255c111f7352f,Flan-T5,Flan-T5,other,unified_chip2/45423,0.014443819411098957,0.9854114055633545,0.00014478364028036594
3f738bfb53129ec5c3bbea94a87008152f5a96576586d8e5cadd24f726cab662,ChatGLM,ChatGLM,other,dolly_15k/classification/781,0.8469504714012146,0.15297093987464905,7.860975892981514e-05
3f738bfb53129ec5c3bbea94a87008152f5a96576586d8e5cadd24f726cab662,Flan-T5,Flan-T5,other,dolly_15k/classification/781,0.024714352563023567,0.9390925168991089,0.03619318827986717
3f738bfb53129ec5c3bbea94a87008152f5a96576586d8e5cadd24f726cab662,MPT,MPT,other,dolly_15k/classification/781,0.0001080542424460873,3.0979379516793415e-05,0.9998608827590942
4bd853655ce31d596123cb33337615f36643a3a872117dbbd3e8cbc6596a2721,MPT,MPT,other,unified_chip2/28807,0.00015010639617685229,0.0003717795480042696,0.9994781613349915
4bd853655ce31d596123cb33337615f36643a3a872117dbbd3e8cbc6596a2721,ChatGLM,ChatGLM,other,unified_chip2/28807,0.9998151659965515,1.3786536328552756e-05,0.00017100194236263633
4bd853655ce31d596123cb33337615f36643a3a872117dbbd3e8cbc6596a2721,Flan-T5,Flan-T5,other,unified_chip2/28807,0.004611646756529808,0.9951879978179932,0.00020028046856168658
7fd315284255533339ab10632f93686f85b1b7bad5b5ca732f87d1be26584806,MPT,MPT,other,unified_chip2/47600,0.000323284330079332,3.7744379369542e-05,0.9996389150619507
7fd315284255533339ab10632f93686f85b1b7bad5b5ca732f87d1be26584806,Flan-T5,Flan-T5,other,unified_chip2/47600,0.2964974641799927,0.7033535242080688,0.00014896114589646459
7fd315284255533339ab10632f93686f85b1b7bad5b5ca732f87d1be26584806,ChatGLM,ChatGLM,other,unified_chip2/47600,0.9996638298034668,1.3312893315742258e-05,0.0003227975976187736
2ead06f1111b5d05f2ebdf0cbda101e5419319b6c1cc15f1b4231444a8f2ad92,ChatGLM,ChatGLM,other,unified_chip2/6056,0.9970313310623169,0.002722801174968481,0.00024579736054874957
2ead06f1111b5d05f2ebdf0cbda101e5419319b6c1cc15f1b4231444a8f2ad92,MPT,MPT,other,unified_chip2/6056,4.852740676142275e-05,0.00018592842388898134,0.9997655749320984
2ead06f1111b5d05f2ebdf0cbda101e5419319b6c1cc15f1b4231444a8f2ad92,Flan-T5,Flan-T5,other,unified_chip2/6056,0.0031820463482290506,0.9954195022583008,0.0013984957477077842
a1bee401b8b969c7fe57ee2f4b351d09ebd4452272702a2ec8c6d33a93c83726,ChatGLM,ChatGLM,other,unified_chip2/7092,0.9999415874481201,5.291619891067967e-05,5.434661488834536e-06
a1bee401b8b969c7fe57ee2f4b351d09ebd4452272702a2ec8c6d33a93c83726,MPT,MPT,other,unified_chip2/7092,0.011739521287381649,0.0005172386881895363,0.9877432584762573
a1bee401b8b969c7fe57ee2f4b351d09ebd4452272702a2ec8c6d33a93c83726,Flan-T5,Flan-T5,other,unified_chip2/7092,0.003806566121056676,0.9933185577392578,0.002874885918572545
51b4defe4b67aecbf64b838634895a18c407fef120f0a3b85710e71923a4311b,Flan-T5,Flan-T5,other,unified_chip2/78269,0.011526373215019703,0.9853305816650391,0.003143094480037689
51b4defe4b67aecbf64b838634895a18c407fef120f0a3b85710e71923a4311b,ChatGLM,ChatGLM,other,unified_chip2/78269,0.9952512979507446,0.002383324084803462,0.002365376567468047
51b4defe4b67aecbf64b838634895a18c407fef120f0a3b85710e71923a4311b,MPT,MPT,other,unified_chip2/78269,4.6321190893650055e-05,8.103625987132546e-06,0.9999455213546753
4ef4e52026b5438a1916a8b386831db0c2b80bb62fcfeda5c267c5b6cdbe7a1c,Flan-T5,ChatGLM,other,unified_chip2/96615,0.8096929788589478,0.18959525227546692,0.0007117802742868662
4ef4e52026b5438a1916a8b386831db0c2b80bb62fcfeda5c267c5b6cdbe7a1c,MPT,MPT,other,unified_chip2/96615,0.00012806503218598664,0.00014427494897972792,0.9997275471687317
4ef4e52026b5438a1916a8b386831db0c2b80bb62fcfeda5c267c5b6cdbe7a1c,ChatGLM,ChatGLM,other,unified_chip2/96615,0.999860405921936,9.210108692059293e-05,4.743150930153206e-05
ec54e7b6b251f90ba3b18b77dc61036a787a8af646b2292c087ab8c307edc2dc,ChatGLM,ChatGLM,other,dolly_15k/general_qa/878,0.9990654587745667,0.0001747763017192483,0.0007596716750413179
ec54e7b6b251f90ba3b18b77dc61036a787a8af646b2292c087ab8c307edc2dc,Flan-T5,Flan-T5,other,dolly_15k/general_qa/878,0.0019307003822177649,0.998023271560669,4.607756272889674e-05
ec54e7b6b251f90ba3b18b77dc61036a787a8af646b2292c087ab8c307edc2dc,MPT,ChatGLM,other,dolly_15k/general_qa/878,0.7857035994529724,0.00544529315084219,0.20885102450847626
ecd667d98dc3fd1811044bbba52b45f50119728ea8a9298bf263ce136b1de684,ChatGLM,ChatGLM,other,unified_chip2/156142,0.9997438788414001,0.0001951721787918359,6.0864287661388516e-05
ecd667d98dc3fd1811044bbba52b45f50119728ea8a9298bf263ce136b1de684,MPT,MPT,other,unified_chip2/156142,0.0001525081170257181,8.433514267380815e-06,0.9998389482498169
ecd667d98dc3fd1811044bbba52b45f50119728ea8a9298bf263ce136b1de684,Flan-T5,Flan-T5,other,unified_chip2/156142,0.026050811633467674,0.9405776858329773,0.03337149694561958
745988153de679847ff648ac65cd0ff875a9e538e4d480ded0090e69bcc1775f,MPT,MPT,other,unified_chip2/96751,0.0007017606985755265,2.0985737137380056e-05,0.9992772936820984
745988153de679847ff648ac65cd0ff875a9e538e4d480ded0090e69bcc1775f,Flan-T5,Flan-T5,other,unified_chip2/96751,0.02861282229423523,0.958121657371521,0.013265570625662804
745988153de679847ff648ac65cd0ff875a9e538e4d480ded0090e69bcc1775f,ChatGLM,ChatGLM,other,unified_chip2/96751,0.9982659220695496,0.0017096363008022308,2.4560262318118475e-05
28b3215e714438980e380169c88fbe1360f60619fcdda682b2cc5bb5204c8363,Flan-T5,Flan-T5,other,unified_chip2/6401,0.0017552452627569437,0.9980872273445129,0.0001575419446453452
28b3215e714438980e380169c88fbe1360f60619fcdda682b2cc5bb5204c8363,MPT,MPT,other,unified_chip2/6401,1.533672184450552e-05,2.2903750505065545e-05,0.9999617338180542
28b3215e714438980e380169c88fbe1360f60619fcdda682b2cc5bb5204c8363,ChatGLM,ChatGLM,other,unified_chip2/6401,0.9997274279594421,0.0001003314828267321,0.00017217491404153407
59177d170d77c496623de166524cdea1c3d81aedb6955001e09337bd6c5b8c44,MPT,MPT,other,unified_chip2/113799,0.004795273300260305,3.045065386686474e-05,0.99517422914505
59177d170d77c496623de166524cdea1c3d81aedb6955001e09337bd6c5b8c44,ChatGLM,ChatGLM,other,unified_chip2/113799,0.9997958540916443,3.0878750294505153e-06,0.00020102153939660639
59177d170d77c496623de166524cdea1c3d81aedb6955001e09337bd6c5b8c44,Flan-T5,Flan-T5,other,unified_chip2/113799,0.006845599971711636,0.9925589561462402,0.000595432473346591
add4a63667db8e5752068e90fa1f77bfb33705f99ecc7ff380bad45c3625519a,ChatGLM,ChatGLM,other,unified_chip2/40993,0.9978637099266052,0.001260755117982626,0.0008754521841183305
add4a63667db8e5752068e90fa1f77bfb33705f99ecc7ff380bad45c3625519a,MPT,MPT,other,unified_chip2/40993,0.00014207404456101358,8.75655168783851e-05,0.9997703433036804
add4a63667db8e5752068e90fa1f77bfb33705f99ecc7ff380bad45c3625519a,Flan-T5,Flan-T5,other,unified_chip2/40993,0.0059107341803610325,0.9934611320495605,0.0006281289970502257
ad45a2a9841ad2e3d56716f9dc582770b7b250d0b425ab9d56f8a2d798eeaa8d,ChatGLM,ChatGLM,other,unified_chip2/4518,0.9999504089355469,1.0879390174522996e-05,3.87082363886293e-05
ad45a2a9841ad2e3d56716f9dc582770b7b250d0b425ab9d56f8a2d798eeaa8d,MPT,MPT,other,unified_chip2/4518,0.0005022279219701886,3.81870377168525e-05,0.9994595646858215
ad45a2a9841ad2e3d56716f9dc582770b7b250d0b425ab9d56f8a2d798eeaa8d,Flan-T5,Flan-T5,other,unified_chip2/4518,0.003988892771303654,0.9920058846473694,0.004005268681794405
b08a3abffc950e9e237c6242303d476f399c42bee62cad2d3fa9b0710ab944ec,Flan-T5,Flan-T5,other,unified_chip2/43367,0.05227030813694,0.8486720323562622,0.099057637155056
b08a3abffc950e9e237c6242303d476f399c42bee62cad2d3fa9b0710ab944ec,ChatGLM,ChatGLM,other,unified_chip2/43367,0.9999347925186157,5.9082631196361035e-05,6.106788077886449e-06
b08a3abffc950e9e237c6242303d476f399c42bee62cad2d3fa9b0710ab944ec,MPT,MPT,other,unified_chip2/43367,0.0007873782305978239,0.0006226070108823478,0.9985900521278381
5b5ee1affc78bc8a30e76c942e9ee3d3d1899a01fae73e9e572ec086ac0770b2,MPT,MPT,other,unified_chip2/146347,0.00016479514306411147,2.3637026970391162e-05,0.999811589717865
5b5ee1affc78bc8a30e76c942e9ee3d3d1899a01fae73e9e572ec086ac0770b2,ChatGLM,ChatGLM,other,unified_chip2/146347,0.9992407560348511,0.0006930411327630281,6.625698733842e-05
5b5ee1affc78bc8a30e76c942e9ee3d3d1899a01fae73e9e572ec086ac0770b2,Flan-T5,Flan-T5,other,unified_chip2/146347,0.01291120145469904,0.9869409203529358,0.00014788548287469894
3af21d693386d9143fba9762e0f72e99ea3a274bdd7f61c15934bad71953d36f,MPT,MPT,other,unified_chip2/160170,2.9357190214795992e-05,7.83628820499871e-06,0.9999628067016602
3af21d693386d9143fba9762e0f72e99ea3a274bdd7f61c15934bad71953d36f,Flan-T5,Flan-T5,other,unified_chip2/160170,0.02482345700263977,0.975035548210144,0.00014102952263783664
3af21d693386d9143fba9762e0f72e99ea3a274bdd7f61c15934bad71953d36f,ChatGLM,ChatGLM,other,unified_chip2/160170,0.9959524869918823,0.003241871949285269,0.000805674702860415
5e59f73aabae8d3cba64129182f5117fb6996a7b214a4e746104bf76c98eb709,MPT,MPT,other,dolly_15k/general_qa/309,0.1684308797121048,0.00018974138947669417,0.8313793540000916
5e59f73aabae8d3cba64129182f5117fb6996a7b214a4e746104bf76c98eb709,ChatGLM,ChatGLM,other,dolly_15k/general_qa/309,0.6463063955307007,0.33656585216522217,0.017127729952335358
5e59f73aabae8d3cba64129182f5117fb6996a7b214a4e746104bf76c98eb709,Flan-T5,Flan-T5,other,dolly_15k/general_qa/309,0.0017552452627569437,0.9980872273445129,0.0001575419446453452
33ce4e18f9f28019676b0ae8d6f94b65ec253e43fba095e9a13da6bf0a52104d,ChatGLM,ChatGLM,other,unified_chip2/80013,0.9975074529647827,0.0015638470649719238,0.0009286869317293167
33ce4e18f9f28019676b0ae8d6f94b65ec253e43fba095e9a13da6bf0a52104d,Flan-T5,Flan-T5,other,unified_chip2/80013,0.013869645074009895,0.9853259325027466,0.0008043759735301137
33ce4e18f9f28019676b0ae8d6f94b65ec253e43fba095e9a13da6bf0a52104d,MPT,MPT,other,unified_chip2/80013,0.00018638180335983634,4.354848715593107e-05,0.9997701048851013
c5f9002a53386a21875727d5b0664e4f5bb17701e524bcd469784c3b42010a1d,ChatGLM,ChatGLM,other,unified_chip2/142321,0.999852180480957,8.043815796554554e-06,0.0001398656313540414
c5f9002a53386a21875727d5b0664e4f5bb17701e524bcd469784c3b42010a1d,Flan-T5,Flan-T5,other,unified_chip2/142321,0.3115496039390564,0.6883395314216614,0.00011085006553912535
c5f9002a53386a21875727d5b0664e4f5bb17701e524bcd469784c3b42010a1d,MPT,MPT,other,unified_chip2/142321,6.244202813832089e-05,3.7587462884403067e-06,0.9999337196350098
3d2022630a955cfdd8ec52624635e0f4069a3bad21f1bf31fb532f9eafdd3eab,Flan-T5,Flan-T5,other,unified_chip2/124605,0.04111024737358093,0.9423069953918457,0.016582775861024857
3d2022630a955cfdd8ec52624635e0f4069a3bad21f1bf31fb532f9eafdd3eab,ChatGLM,ChatGLM,other,unified_chip2/124605,0.7811329364776611,0.00020502024563029408,0.21866196393966675
3d2022630a955cfdd8ec52624635e0f4069a3bad21f1bf31fb532f9eafdd3eab,MPT,MPT,other,unified_chip2/124605,0.4483291804790497,0.03825005888938904,0.5134207606315613
b3d7107b7d9755cf51ab568428679d9293f3f91999feba06bbd8daa45f78a76d,ChatGLM,ChatGLM,other,unified_chip2/153,0.9999700784683228,1.5147996236919425e-05,1.4729455870110542e-05
b3d7107b7d9755cf51ab568428679d9293f3f91999feba06bbd8daa45f78a76d,MPT,MPT,other,unified_chip2/153,6.146197119960561e-05,1.1870293747051619e-05,0.9999265670776367
b3d7107b7d9755cf51ab568428679d9293f3f91999feba06bbd8daa45f78a76d,Flan-T5,Flan-T5,other,unified_chip2/153,0.005540390498936176,0.9942500591278076,0.0002095204108627513
74eab81a22aed8469c76ed59a3e0b21119947aa20c620e7243cb54669e8d9d74,MPT,MPT,other,unified_chip2/30542,2.0783514628419653e-05,3.432344101383933e-06,0.9999758005142212
74eab81a22aed8469c76ed59a3e0b21119947aa20c620e7243cb54669e8d9d74,Flan-T5,Flan-T5,other,unified_chip2/30542,0.05042155832052231,0.9491909742355347,0.0003874284739140421
74eab81a22aed8469c76ed59a3e0b21119947aa20c620e7243cb54669e8d9d74,ChatGLM,ChatGLM,other,unified_chip2/30542,0.9999845027923584,9.618025615054648e-06,5.8833020375459455e-06
1d3a6ba14f7f637ba5c378d3bd73642f053ccbafe57960b35ae29efc637f3ed6,MPT,MPT,other,unified_chip2/83835,1.9002060071215965e-05,2.9489063990695286e-07,0.9999808073043823
1d3a6ba14f7f637ba5c378d3bd73642f053ccbafe57960b35ae29efc637f3ed6,ChatGLM,ChatGLM,other,unified_chip2/83835,0.9999053478240967,1.0934245437965728e-05,8.371029980480671e-05
1d3a6ba14f7f637ba5c378d3bd73642f053ccbafe57960b35ae29efc637f3ed6,Flan-T5,Flan-T5,other,unified_chip2/83835,0.013223827816545963,0.9865745902061462,0.00020155277161393315
7adf6154a77c4c394a351155f3cc837dacd8bb6ab46d4566a942ff1891c64cfb,MPT,MPT,other,unified_chip2/47795,0.17742449045181274,0.01365156751126051,0.8089239001274109
7adf6154a77c4c394a351155f3cc837dacd8bb6ab46d4566a942ff1891c64cfb,ChatGLM,ChatGLM,other,unified_chip2/47795,0.9970980882644653,0.0027053793892264366,0.00019657451775856316
7adf6154a77c4c394a351155f3cc837dacd8bb6ab46d4566a942ff1891c64cfb,Flan-T5,Flan-T5,other,unified_chip2/47795,0.0029463861137628555,0.9968219995498657,0.00023162020079325885
85ba5dcccbe6371024575a5d5ecfe9881a5e8a283996500aa1a2e77bbea67167,Flan-T5,Flan-T5,other,unified_chip2/82583,0.02738642320036888,0.945932924747467,0.026680588722229004
85ba5dcccbe6371024575a5d5ecfe9881a5e8a283996500aa1a2e77bbea67167,MPT,MPT,other,unified_chip2/82583,1.82046860572882e-05,5.827683366987912e-07,0.999981164932251
85ba5dcccbe6371024575a5d5ecfe9881a5e8a283996500aa1a2e77bbea67167,ChatGLM,ChatGLM,other,unified_chip2/82583,0.9997455477714539,0.0002358602941967547,1.8631439161254093e-05
008d4d22b0ab2333800a6efa4e3b4b3ecda3ce35422a1e7807ae49fbb9c99b27,ChatGLM,ChatGLM,other,unified_chip2/127077,0.99996018409729,2.2764130335417576e-05,1.705673275864683e-05
008d4d22b0ab2333800a6efa4e3b4b3ecda3ce35422a1e7807ae49fbb9c99b27,Flan-T5,Flan-T5,other,unified_chip2/127077,0.26412704586982727,0.7356255650520325,0.00024740383378230035
008d4d22b0ab2333800a6efa4e3b4b3ecda3ce35422a1e7807ae49fbb9c99b27,MPT,MPT,other,unified_chip2/127077,1.4478781849902589e-05,2.00824342755368e-06,0.999983549118042
a8d42d696aeee3b568dc82b63120691473e18a88701eaae6997c8e887144401c,Flan-T5,Flan-T5,other,unified_chip2/34109,0.04966636002063751,0.9502438306808472,8.98655634955503e-05
a8d42d696aeee3b568dc82b63120691473e18a88701eaae6997c8e887144401c,MPT,MPT,other,unified_chip2/34109,0.00018466146138962358,8.577454718761146e-05,0.999729573726654
a8d42d696aeee3b568dc82b63120691473e18a88701eaae6997c8e887144401c,ChatGLM,Flan-T5,other,unified_chip2/34109,0.47268420457839966,0.5229976177215576,0.004318196326494217
ece5a0423e73c58b45383efb894e0c8ee1768af28c4ee8ee1c15a1b9fef2cee2,MPT,MPT,other,unified_chip2/157623,0.0784379094839096,0.003655927488580346,0.9179062247276306
ece5a0423e73c58b45383efb894e0c8ee1768af28c4ee8ee1c15a1b9fef2cee2,ChatGLM,ChatGLM,other,unified_chip2/157623,0.999809205532074,0.00015627560787834227,3.4526321542216465e-05
ece5a0423e73c58b45383efb894e0c8ee1768af28c4ee8ee1c15a1b9fef2cee2,Flan-T5,Flan-T5,other,unified_chip2/157623,0.009893808513879776,0.9863002896308899,0.003805898129940033
65152cf2b4671c946327c35955b823388ce591941a0d53b4986737c615318c49,Flan-T5,Flan-T5,other,unified_chip2/156072,0.0005323361838236451,0.999126136302948,0.0003415477694943547
65152cf2b4671c946327c35955b823388ce591941a0d53b4986737c615318c49,MPT,MPT,other,unified_chip2/156072,4.8652582336217165e-05,3.383673629286932e-06,0.9999480247497559
65152cf2b4671c946327c35955b823388ce591941a0d53b4986737c615318c49,ChatGLM,Flan-T5,other,unified_chip2/156072,0.37333062291145325,0.583698570728302,0.04297082871198654
b872e1f187c52da91a3df9caaf9bcfd1f3ca4ded8f511663afa0fd2d16e9693b,MPT,MPT,other,unified_chip2/88163,0.0002695320872589946,1.4171309885568917e-05,0.9997162222862244
b872e1f187c52da91a3df9caaf9bcfd1f3ca4ded8f511663afa0fd2d16e9693b,Flan-T5,Flan-T5,other,unified_chip2/88163,0.021428026258945465,0.973995566368103,0.004576371982693672
b872e1f187c52da91a3df9caaf9bcfd1f3ca4ded8f511663afa0fd2d16e9693b,ChatGLM,ChatGLM,other,unified_chip2/88163,0.9998284578323364,0.00015361059922724962,1.7845968613983132e-05
4031dea3903f5848b67bd626ea33c4257aa2de2617f8bb42bf292c348bea7425,ChatGLM,ChatGLM,other,unified_chip2/45410,0.6968270540237427,0.29881197214126587,0.004360977094620466
4031dea3903f5848b67bd626ea33c4257aa2de2617f8bb42bf292c348bea7425,Flan-T5,Flan-T5,other,unified_chip2/45410,0.009592722170054913,0.9895675778388977,0.0008396721095778048
4031dea3903f5848b67bd626ea33c4257aa2de2617f8bb42bf292c348bea7425,MPT,MPT,other,unified_chip2/45410,7.79220208642073e-05,5.315956059348537e-06,0.999916672706604
4e4ba63a959dcaf4c87ae74ef338e6e54a504899a73ede3415506e04ee61e97e,Flan-T5,Flan-T5,other,unified_chip2/28171,0.13581643998622894,0.8637083172798157,0.00047525885747745633
4e4ba63a959dcaf4c87ae74ef338e6e54a504899a73ede3415506e04ee61e97e,ChatGLM,ChatGLM,other,unified_chip2/28171,0.9901036024093628,3.5568173188949004e-05,0.009860863909125328
4e4ba63a959dcaf4c87ae74ef338e6e54a504899a73ede3415506e04ee61e97e,MPT,MPT,other,unified_chip2/28171,0.02673126384615898,0.00025381892919540405,0.9730149507522583
ab03f01f596fbe1c781d173ac78e189e1ff060260ebe11630a69c8c25b10884e,MPT,MPT,other,unified_chip2/120331,1.6946907635428943e-05,5.176563036002335e-07,0.9999825954437256
ab03f01f596fbe1c781d173ac78e189e1ff060260ebe11630a69c8c25b10884e,ChatGLM,ChatGLM,other,unified_chip2/120331,0.9968940019607544,0.0030221485067158937,8.382000669371337e-05
ab03f01f596fbe1c781d173ac78e189e1ff060260ebe11630a69c8c25b10884e,Flan-T5,Flan-T5,other,unified_chip2/120331,0.013156545348465443,0.9839876890182495,0.0028558082412928343
551cc4368fd05ebe56c9263b72aad99c2e17d3b4eaf928a80331d21b321a56c8,MPT,MPT,other,unified_chip2/161145,0.0810985267162323,0.0007734816172160208,0.9181280136108398
551cc4368fd05ebe56c9263b72aad99c2e17d3b4eaf928a80331d21b321a56c8,Flan-T5,Flan-T5,other,unified_chip2/161145,0.0032790645491331816,0.9893791079521179,0.007341783028095961
551cc4368fd05ebe56c9263b72aad99c2e17d3b4eaf928a80331d21b321a56c8,ChatGLM,ChatGLM,other,unified_chip2/161145,0.9991366267204285,0.00011390708823455498,0.0007494788733310997
4c62ee7d013422973bf947086d679312cdabd096440aa1104e4944b13b9b2842,MPT,MPT,other,unified_chip2/26966,0.00016926767420955002,6.812301307945745e-06,0.9998239874839783
4c62ee7d013422973bf947086d679312cdabd096440aa1104e4944b13b9b2842,Flan-T5,Flan-T5,other,unified_chip2/26966,0.012120956555008888,0.9878247976303101,5.421786045189947e-05
4c62ee7d013422973bf947086d679312cdabd096440aa1104e4944b13b9b2842,ChatGLM,ChatGLM,other,unified_chip2/26966,0.9998663663864136,1.1098642062279396e-05,0.0001225244050147012
b4879dad85b9d5898c47ab666a8f0f9d6eca2b67c0c6557808756b6e462fd3ea,ChatGLM,ChatGLM,other,unified_chip2/56589,0.9998552799224854,3.1661158573115245e-05,0.00011296138836769387
b4879dad85b9d5898c47ab666a8f0f9d6eca2b67c0c6557808756b6e462fd3ea,Flan-T5,Flan-T5,other,unified_chip2/56589,0.022813299670815468,0.9743631482124329,0.002823536517098546
b4879dad85b9d5898c47ab666a8f0f9d6eca2b67c0c6557808756b6e462fd3ea,MPT,MPT,other,unified_chip2/56589,9.714660700410604e-05,0.0003434634127188474,0.9995594620704651
aca0875cb7106b922b0d04e9880bcc583c2d89f85a33f393b0409bd88716a34c,MPT,MPT,other,unified_chip2/108669,0.00023659282305743545,7.713272680121008e-06,0.9997556805610657
aca0875cb7106b922b0d04e9880bcc583c2d89f85a33f393b0409bd88716a34c,ChatGLM,ChatGLM,other,unified_chip2/108669,0.9998193383216858,3.15029792545829e-05,0.00014916426152922213
aca0875cb7106b922b0d04e9880bcc583c2d89f85a33f393b0409bd88716a34c,Flan-T5,Flan-T5,other,unified_chip2/108669,0.007881363853812218,0.9919863939285278,0.00013220688560977578
ff8d9f372aec99f1454dc08366e79f379fe370dd704de3deeaeba69ce4dbffda,ChatGLM,ChatGLM,other,unified_chip2/85119,0.9999731779098511,1.8181379346060567e-05,8.59615010995185e-06
ff8d9f372aec99f1454dc08366e79f379fe370dd704de3deeaeba69ce4dbffda,MPT,MPT,other,unified_chip2/85119,0.23444817960262299,0.0002059910912066698,0.7653458118438721
ff8d9f372aec99f1454dc08366e79f379fe370dd704de3deeaeba69ce4dbffda,Flan-T5,Flan-T5,other,unified_chip2/85119,0.012915943749248981,0.9865321516990662,0.0005519404076039791
d949886859f5118fd5cb0a26c226317f3eddca72a7d088e2cda637538b9065e8,ChatGLM,ChatGLM,other,unified_chip2/53504,0.8793702125549316,0.1182432547211647,0.0023865068797022104
d949886859f5118fd5cb0a26c226317f3eddca72a7d088e2cda637538b9065e8,Flan-T5,Flan-T5,other,unified_chip2/53504,0.005641295574605465,0.9935410022735596,0.0008176913252100348
d949886859f5118fd5cb0a26c226317f3eddca72a7d088e2cda637538b9065e8,MPT,MPT,other,unified_chip2/53504,5.468743256642483e-05,1.7295526049565524e-05,0.9999279975891113
b46f234b1404b34b70d60bc57370054c4a5dc7abfaa98bc2976ad865970608e6,ChatGLM,ChatGLM,other,unified_chip2/119392,0.9987233281135559,0.0012644571252167225,1.2131356925237924e-05
b46f234b1404b34b70d60bc57370054c4a5dc7abfaa98bc2976ad865970608e6,MPT,MPT,other,unified_chip2/119392,0.0028441036120057106,0.004464285913854837,0.9926915764808655
b46f234b1404b34b70d60bc57370054c4a5dc7abfaa98bc2976ad865970608e6,Flan-T5,Flan-T5,other,unified_chip2/119392,0.21474653482437134,0.7851775288581848,7.592744077555835e-05
8fef10db121a38f348071149dd606a58810daabccdf2d2b6cf089a1b1f2b5711,Flan-T5,Flan-T5,other,unified_chip2/46649,0.027667609974741936,0.9721428751945496,0.000189581245649606
8fef10db121a38f348071149dd606a58810daabccdf2d2b6cf089a1b1f2b5711,MPT,MPT,other,unified_chip2/46649,0.019492026418447495,0.011702992022037506,0.9688049554824829
8fef10db121a38f348071149dd606a58810daabccdf2d2b6cf089a1b1f2b5711,ChatGLM,ChatGLM,other,unified_chip2/46649,0.9568960070610046,2.3374901502393186e-05,0.043080635368824005
31b3ca04516efa04ed8899b3795090dfeefcf98e5e01c667f817ee752e9a4f8f,ChatGLM,ChatGLM,other,unified_chip2/19648,0.8094643950462341,0.00025725160958245397,0.19027839601039886
31b3ca04516efa04ed8899b3795090dfeefcf98e5e01c667f817ee752e9a4f8f,MPT,MPT,other,unified_chip2/19648,0.012128674425184727,0.00018067596829496324,0.9876905679702759
31b3ca04516efa04ed8899b3795090dfeefcf98e5e01c667f817ee752e9a4f8f,Flan-T5,Flan-T5,other,unified_chip2/19648,0.005864645354449749,0.9938185811042786,0.00031682313419878483
732aab300f58ed2fe4b7730da4adf5ef3a089ca1c551955f6afd78df269480c9,ChatGLM,ChatGLM,other,unified_chip2/25830,0.9966481328010559,0.002698860364034772,0.0006529396050609648
732aab300f58ed2fe4b7730da4adf5ef3a089ca1c551955f6afd78df269480c9,MPT,MPT,other,unified_chip2/25830,1.2101450010959525e-05,1.0468347682035528e-05,0.9999773502349854
732aab300f58ed2fe4b7730da4adf5ef3a089ca1c551955f6afd78df269480c9,Flan-T5,Flan-T5,other,unified_chip2/25830,0.006460648495703936,0.9926201701164246,0.000919168465770781
ebae5153ce3c0bfbb4a552b5f5b41f4098903597aadb3c2b8da017cf6282a5c9,MPT,MPT,other,unified_chip2/7381,9.963103366317227e-05,7.379728776868433e-05,0.9998266100883484
ebae5153ce3c0bfbb4a552b5f5b41f4098903597aadb3c2b8da017cf6282a5c9,Flan-T5,Flan-T5,other,unified_chip2/7381,0.027428291738033295,0.9716429114341736,0.0009288539877161384
ebae5153ce3c0bfbb4a552b5f5b41f4098903597aadb3c2b8da017cf6282a5c9,ChatGLM,ChatGLM,other,unified_chip2/7381,0.9973216652870178,5.7416495110373944e-05,0.0026209738571196795
fbe873a9fe014a23c17337d58bb9b38efd8d50a47ab81ee91ee759205bf9e511,Flan-T5,Flan-T5,other,unified_chip2/158852,0.10589491575956345,0.8129081130027771,0.08119694143533707
fbe873a9fe014a23c17337d58bb9b38efd8d50a47ab81ee91ee759205bf9e511,MPT,MPT,other,unified_chip2/158852,2.5890651158988476e-05,2.978727025038097e-06,0.9999711513519287
fbe873a9fe014a23c17337d58bb9b38efd8d50a47ab81ee91ee759205bf9e511,ChatGLM,ChatGLM,other,unified_chip2/158852,0.8485627770423889,0.001028558355756104,0.15040871500968933
d0d774f606a3cc197e41f14f0ae86550c4de0f8811bd7edf88bd78c4aa4e1685,MPT,MPT,other,unified_chip2/79213,0.0001651143393246457,4.9057034630095586e-05,0.999785840511322
d0d774f606a3cc197e41f14f0ae86550c4de0f8811bd7edf88bd78c4aa4e1685,ChatGLM,ChatGLM,other,unified_chip2/79213,0.9967670440673828,0.002509728306904435,0.0007233044016174972
d0d774f606a3cc197e41f14f0ae86550c4de0f8811bd7edf88bd78c4aa4e1685,Flan-T5,Flan-T5,other,unified_chip2/79213,0.001795227057300508,0.9981443881988525,6.0450627643149346e-05
4dda5af1946413e89f22a62962e20e2ab8b5a73ac3da40ace9edd504e6dc4c65,MPT,MPT,other,unified_chip2/48955,0.00021700275829061866,3.487148933345452e-05,0.9997480511665344
4dda5af1946413e89f22a62962e20e2ab8b5a73ac3da40ace9edd504e6dc4c65,ChatGLM,ChatGLM,other,unified_chip2/48955,0.9998362064361572,0.00010539285722188652,5.843700637342408e-05
4dda5af1946413e89f22a62962e20e2ab8b5a73ac3da40ace9edd504e6dc4c65,Flan-T5,Flan-T5,other,unified_chip2/48955,0.02289579063653946,0.9759470224380493,0.0011571929790079594
99623e31453c8e980d219df1e696743101a65ed6a6e55a13528b02db392aed89,ChatGLM,ChatGLM,other,unified_chip2/162257,0.9998804330825806,9.901118573907297e-06,0.00010966110858134925
99623e31453c8e980d219df1e696743101a65ed6a6e55a13528b02db392aed89,Flan-T5,Flan-T5,other,unified_chip2/162257,0.0003502310428302735,0.9993996620178223,0.00025008743978105485
99623e31453c8e980d219df1e696743101a65ed6a6e55a13528b02db392aed89,MPT,MPT,other,unified_chip2/162257,0.001970551209524274,9.330821922048926e-05,0.9979362487792969
c093a8ae24a07880723205bbc7ecf93793dbacadfbff8b7d29bd0e3467940e4f,MPT,MPT,other,unified_chip2/1107,5.147631964064203e-05,9.236279083779664e-07,0.9999475479125977
c093a8ae24a07880723205bbc7ecf93793dbacadfbff8b7d29bd0e3467940e4f,ChatGLM,ChatGLM,other,unified_chip2/1107,0.9969213008880615,3.2287971407640725e-05,0.003046352881938219
c093a8ae24a07880723205bbc7ecf93793dbacadfbff8b7d29bd0e3467940e4f,Flan-T5,Flan-T5,other,unified_chip2/1107,0.004995148163288832,0.989161491394043,0.005843387451022863
6a5e57f039f077589bccc8bb0c22c042001fb4cc76cd568779e2d2e033c5bde6,MPT,MPT,other,unified_chip2/55375,0.0009396804380230606,0.00033736866316758096,0.9987228512763977
6a5e57f039f077589bccc8bb0c22c042001fb4cc76cd568779e2d2e033c5bde6,ChatGLM,ChatGLM,other,unified_chip2/55375,0.9995597004890442,0.00020510413742158562,0.0002352703595533967
6a5e57f039f077589bccc8bb0c22c042001fb4cc76cd568779e2d2e033c5bde6,Flan-T5,Flan-T5,other,unified_chip2/55375,0.0005323361838236451,0.999126136302948,0.0003415477694943547
d22eecc95ad47742203c7d7fb3a58e1660e6576667ebc4675628354e12834c1b,Flan-T5,Flan-T5,other,unified_chip2/118389,0.0013895598240196705,0.9980111122131348,0.000599250546656549
d22eecc95ad47742203c7d7fb3a58e1660e6576667ebc4675628354e12834c1b,MPT,MPT,other,unified_chip2/118389,0.25449857115745544,0.008283945731818676,0.7372174859046936
d22eecc95ad47742203c7d7fb3a58e1660e6576667ebc4675628354e12834c1b,ChatGLM,ChatGLM,other,unified_chip2/118389,0.8917766809463501,0.0002707706007640809,0.10795256495475769
0373571149e6f508ac547271f667cd6896018fdd9011cd0aa541e3539f98d228,ChatGLM,ChatGLM,other,unified_chip2/80156,0.9993270635604858,0.00014014790940564126,0.0005329237901605666
0373571149e6f508ac547271f667cd6896018fdd9011cd0aa541e3539f98d228,Flan-T5,Flan-T5,other,unified_chip2/80156,0.01692957803606987,0.9804425835609436,0.0026277981232851744
0373571149e6f508ac547271f667cd6896018fdd9011cd0aa541e3539f98d228,MPT,MPT,other,unified_chip2/80156,0.000908125948626548,0.0004252861544955522,0.9986666440963745
1c33b32be4f54df1f0b4259c4812ddcf97ec9cb3d14eba4cbefb0132f05f6988,MPT,MPT,other,unified_chip2/93156,3.574078800738789e-05,4.844988143304363e-05,0.9999158382415771
1c33b32be4f54df1f0b4259c4812ddcf97ec9cb3d14eba4cbefb0132f05f6988,ChatGLM,ChatGLM,other,unified_chip2/93156,0.9996944665908813,0.0002469794999342412,5.863950718776323e-05
1c33b32be4f54df1f0b4259c4812ddcf97ec9cb3d14eba4cbefb0132f05f6988,Flan-T5,Flan-T5,other,unified_chip2/93156,0.0006707966094836593,0.9989804625511169,0.00034866476198658347
4d66695422a818896a3544244ece780c234622524080773964c31e1f85671139,Flan-T5,Flan-T5,other,unified_chip2/32949,0.03806615248322487,0.9611347317695618,0.0007990729063749313
4d66695422a818896a3544244ece780c234622524080773964c31e1f85671139,MPT,MPT,other,unified_chip2/32949,0.00021119482698850334,1.494156640546862e-05,0.9997739195823669
4d66695422a818896a3544244ece780c234622524080773964c31e1f85671139,ChatGLM,ChatGLM,other,unified_chip2/32949,0.9993202686309814,0.0006215399480424821,5.8274374168831855e-05
6b70c67603f15e8d1808aea08b1d88449de5edcb78cd1965d7e04c7d9c345e90,ChatGLM,ChatGLM,other,unified_chip2/134188,0.9997221827507019,2.050978764600586e-05,0.0002572998055256903
6b70c67603f15e8d1808aea08b1d88449de5edcb78cd1965d7e04c7d9c345e90,MPT,MPT,other,unified_chip2/134188,8.585599061916582e-06,2.876270627893973e-06,0.9999885559082031
6b70c67603f15e8d1808aea08b1d88449de5edcb78cd1965d7e04c7d9c345e90,Flan-T5,Flan-T5,other,unified_chip2/134188,0.014280714094638824,0.9782499670982361,0.007469350937753916
606a15c32152eab9187a2d25f2d4ca1b9046f26be7228e35b788cf834a50420b,ChatGLM,ChatGLM,other,unified_chip2/90646,0.9982876181602478,0.0006603958900086582,0.0010520177893340588
606a15c32152eab9187a2d25f2d4ca1b9046f26be7228e35b788cf834a50420b,Flan-T5,Flan-T5,other,unified_chip2/90646,0.020952707156538963,0.9273766875267029,0.051670558750629425
606a15c32152eab9187a2d25f2d4ca1b9046f26be7228e35b788cf834a50420b,MPT,MPT,other,unified_chip2/90646,0.43395140767097473,0.0006104823551140726,0.5654380917549133
7cc44cca50c688eb6b8256b9ab46b149754d285f0da56694e8d834af82218822,MPT,MPT,other,unified_chip2/91445,0.00018532418471295387,0.00016483780927956104,0.9996498823165894
7cc44cca50c688eb6b8256b9ab46b149754d285f0da56694e8d834af82218822,ChatGLM,ChatGLM,other,unified_chip2/91445,0.98521888256073,0.014213587157428265,0.0005674467538483441
7cc44cca50c688eb6b8256b9ab46b149754d285f0da56694e8d834af82218822,Flan-T5,Flan-T5,other,unified_chip2/91445,0.0015102962497621775,0.997195839881897,0.001293881330639124
adc393ed57b51f9b56ae2ca5ff1bb6c983de67404d4eba324a8768935e9252bd,MPT,MPT,other,unified_chip2/86884,2.1400370314950123e-05,3.836534688161919e-06,0.9999747276306152
adc393ed57b51f9b56ae2ca5ff1bb6c983de67404d4eba324a8768935e9252bd,ChatGLM,ChatGLM,other,unified_chip2/86884,0.9999428987503052,4.644209548132494e-05,1.0634223144734278e-05
adc393ed57b51f9b56ae2ca5ff1bb6c983de67404d4eba324a8768935e9252bd,Flan-T5,Flan-T5,other,unified_chip2/86884,0.001755247707478702,0.9980872273445129,0.00015754238120280206
